求人年度,求人番号,受付安定所,事業所番号,インターネットへの公開,事業所名 カナ,事業所名,郵便番号（所在地）,住所（所在地）,アクセス（所在地）,代表者名,法人番号,ホームページ,従業員数（企業全体）,従業員数（就業場所）,設立,資本金,事業内容,会社の特長,雇用形態,職種,仕事の内容,郵便番号（就業場所）,住所（就業場所）,アクセス（就業場所）,求人数（通勤）,求人数（住込）,求人数（不問）,必要な知識・技能等,転勤の可能性,マイカー通勤の可否,入居可能住宅（単身用）,入居可能住宅（世帯用）,基本給,月給（基本給+手当+残業代）,賞与有無（新卒）,時間外労働の有無,時間外労働の月平均時間数,変形労働時間制の種類,休日等,就業時間1,就業時間2,就業時間3,年間休日数,複数応募の受け入れ,複数応募開始の日程,職場見学の受け入れ,職場見学の日程,課係名・役職名（担当者）,氏名（担当者）,氏名カナ（担当者）,電話番号（担当者）,FAX（担当者）,Eメール（担当者）,補足事項,特記事項,産業分類,職業分類（3桁）,職業分類（5桁）,職業分類2（3桁）,職業分類2（5桁）,就業場所住所（市区町村）,就業場所住所2（市区町村）,就業場所住所3（市区町村）,管理番号,対象学科,エリア,卒業生の入社実績,その他の分類,募集人数,来校の有無,二次募集の有無,職場見学人数,応募人数,入社人数,備考,申送り事項,公開日時,最終更新日時,登録方法,元ファイル名,職業分類（ハローワーク）大分類,職業分類（ハローワーク）中分類,職業分類（ハローワーク）小分類,職業分類（handy）大分類,職業分類（handy）中分類,職業分類2（ハローワーク）大分類,職業分類2（ハローワーク）中分類,職業分類2（ハローワーク）小分類,職業分類2（handy）大分類,職業分類2（handy）中分類,お気に入り登録数,職業分類コード（日本標準職業分類への変換）,職業分類（日本標準職業分類への変換）,職業分類2コード（日本標準職業分類への変換）,職業分類2（日本標準職業分類への変換）
2026,27150-495669,茨木公共職業安定所,2715-409602-1,可,カブシキガイシャ サンプフードサービス,株式会社 三府フードサービス,567-0826,大阪府茨木市大池1-14-21,阪急京都線 茨木市駅 から 徒歩13分,代表取締役 岸中 健人,2120900000000,http://www.3pu.co.jp,150,30,昭和26年,"2,000万円",すし·和食·仕出し·回転寿司,"茨木市内にて4店舗で事業を展開しています
時期をみて出店計画中です",正社員,調理及びホール係,"出前·仕出し専門店「お届け料理 三府鮨」、鮨·居酒屋業態の「魚の旨いも
ん処 三府鮨」、回転すし業態の「廻し鮨 新鮮や」のいずれかの店舗で以下
のお仕事を行ってもらいます。
·鮨や魚介料理の仕込み
·鮨や魚介料理の調理や盛りつけ
·店舗でのテーブル案内、レジ、ホール仕事全般
·洗い物、器の整理整頓、店内外の清掃等
【変更範囲:変更無し】",567-0829,"大阪府茨木市双葉町7一24 三府鮨阪急茨木店
【※就業場所となる4店舗の所在地については特記事項欄参照】",阪急京都線 茨木市駅 から 徒歩3分,0,0,3,不問,あり,可,あり,なし,220000,220000,あり,あり,30,交替制 (シフト制),その他,08:00-18:00,10:00-20:00,,105,可,令和8年9月16日以降,可,補足事項欄参照,代表取締役,岸中 健人,キシナカ ケント,072-633-3333,072-636-0167,,"<就業場所について>
就業場所については、入社後、各店舗の状況、本人の希望により
以下の4店舗から決定します。
·魚の旨いもん処 三府鮨 阪急茨木店 茨木市双葉町7-24
·お届け料理 三府鮨 茨木真砂店 茨木市真砂2-9-7
·廻し鮨新鮮や 茨木鮎川店 茨木市鮎川1-7-28
·廻し鮨新鮮や 茨木畑田店 茨木市畑田町5-1
※店舗間の転勤可能性あり
<応募前職場見学について>
応募前職場見学については事前に採用担当までご連絡下さい。","<特別に支払われる手当について>
職位手当 30,000円〜50,000円
家族手当 配偶者10,000円 子3,000/人
 (但し、扶養親族に限る) 
<就業時間について>
就業時間は配属店舗により異なります。
<入居可能住宅について>
単身用宿舎あり (月額20,000円) 
【公 開 求 人】",764,55,055-01,56,056-03,大阪府茨木市,,,2940,,,,,,,,,,,,,2026年09月14日 08:54,2026年09月14日 08:54,バーコードスキャン,求人番号_27150-495669.pdf,サービスの職業,飲食物調理の職業,日本料理調理人,接客/サービスに関わる,飲食,サービスの職業,接客・給仕の職業,ウエイター・ウエイトレス（飲食店ホール係） 、配ぜん人,接客/サービスに関わる,接客,0,391,調理人,403,飲食物給仕従事者
2026,13170-231869,三鷹公共職業安定所,1317-617439-3,可,カブシキガイシャ カトウコウギョウ,株式会社 加藤工業,202-0001,東京都西東京市ひばりヶ丘1-6-10 ウィステリアヒルズ加藤,西武池袋線 ひばりヶ丘駅 から 徒歩8分,代表取締役 加藤 正幸,6012700000000,,30,30,昭和56年,"1,000万円","建築工事の左官工事業という専門工事業者です。主に野丁場といっ
て、ビル 病院、マンション、大型施設を施工しております。主な
御得意先は清水建設、奥村組、松井建設です。","当社は見習い期間3年を設けております。その後職人という位置づ
けになります。当社は20代から60代までの従業員がおり、社長
のモットーはチームワークと日々の感謝で協調性のある会社です。",正社員,建築業(左官),"◎「株式会社加藤工業」での左官のお仕事です。
モルタル塗り,日本壁塗り,プラスター塗り,サッシ廻りのモルタル詰め,打
ちっ放しコンクリートの補修仕上など最終的な表面塗り工事全般です。
■「株式会社加藤工業」は、「人生 出会い 感謝」をモットーに昭和10年
に創業しました。現在では左官職人、土間工100名体制となり工事内容の充
実に注力しております。☆大手ゼネコンから施工しており、大規模 (ビル) か
ら住宅のリフォームまで行っております。
【業務変更範囲:変更なし】",202-0001,"東京都西東京市ひばりヶ丘1-6-10ウィステリアヒルズ加藤
各現場:東京都,埼玉県 *原則:直行直帰",西武池袋線 ひばりヶ丘駅 から 徒歩8分,5,0,0,不問,なし,不可,あり,なし,270400,270400,あり,あり,3,変形労働時間制 (1ヶ月単位),土日 その他,08:00-17:00,,,115,可,令和8年10月1日以降,可,随時,採用担当,加藤,カトウ,042-421-9567,042-421-9568,miho19700530@yahoo.co.jp,"·応募前職場見学旅費あり (上限額2万円) 
·選考旅費あり (交通費全額支給) 
·面接は1回を予定しております。
·住宅手当あり (上限額2万円) ","·月額計算式
日給13000円×月平均労働日数20.8日=270,400円
·賞与は年2回1ヶ月分を支給
※昇給·賞与は、業績,勤務状況により決定します
·原則土曜日はお休みですが、ご希望の場合は出勤も可能です。
 (応相談) ",75,91,091-04,,,東京都西東京市,,,2939,,,,,,,,,,,,,2026年09月10日 08:51,2026年09月10日 08:51,バーコードスキャン,求人番号_13170-231869.pdf,建設・土木・電気工事の職業,建設の職業（建設躯体工事の職業を除く）,左官,建設/建築/土木に関わる,建築,,,,,,0,664,左官,,
2026,46080-98269,大隅公共職業安定所,4608-1462-5,可,アオゾラノウギョウキョウドウクミアイ,あおぞら農業協同組合,899-7402,鹿児島県志布志市有明町野井倉1373-1,,組合長 中之内 瑞穂,3340010000000,,81,81,昭和23年,,購買·信用·共済·販売、その他,"主に農家を対象に、販売·購買·指導·信用·共済等の各種事業を
行う中間的な非営利法人。",正社員,営農指導員,"〇農家組合員に対する技術、清算、流通指導業務です (畜産、茶業、園芸) 。
○地域に根差しており、安定した経営基盤があるので安心して働けます。
○農業に関する知識、経験を活かせる職場です。
※保険推進等はありません
【業務の変更範囲:組合指定の業務】",899-7402,鹿児島県志布志市有明町野井倉1373-1,,2,0,0,"必須
普通自動車免許 (AT限定可、入社後取得可) ",なし,可,なし,なし,150200,165200,あり,あり,8,,土日祝,08:30-17:00,,,125,可,令和8年10月1日以降,可,随時,企画管理課長,萩迫 謙二,ハギサコ ケンジ,099-474-1211,099-474-1218,,"〇試用期間:3ヶ月 (日給8,010円) 
○履歴書:手書き·パソコン作成どちらも可",○新卒者の入社日:令和9年4月1日,871,5,005-01,,,鹿児島県志布志市,,,2935,,,,,,,,,,,,,2026年09月07日 13:39,2026年09月07日 13:39,バーコードスキャン,求人番号_46080-98269.pdf,研究・技術の職業,農林水産技術者,農林水産技術者,農林水産業に関わる,その他(農林水産業に関わる),,,,,,0,61,農林水産技術者,,
2026,46080-99569,大隅公共職業安定所,4608-1462-5,可,アオゾラノウギョウキョウドウクミアイ,あおぞら農業協同組合,899-7402,鹿児島県志布志市有明町野井倉1373-1,,組合長 中之内 瑞穂,3340010000000,,81,81,昭和23年,,購買·信用·共済·販売、その他,"主に農家を対象に、販売·購買·指導·信用·共済等の各種事業を
行う中間的な非営利法人。",正社員,一般事務,"〇JAの事業 (信用·共済·販売·購買) にかかる一般事務·現業職。
○地域社会に根差しており、安定した経営基盤がありますので安心して働け
ます。
○金融、共済、農業資材の販売等、多種多様な仕事がありますので、多彩な
経験を積むことができ、さまざまな事業を通して、地域の皆さまの暮らし
を支えています。
【業務の変更範囲:組合指定の業務】",899-7402,鹿児島県志布志市有明町野井倉1373-1,,2,0,0,"必須
普通自動車免許 (AT限定可、入社後取得可) ",なし,可,なし,なし,150200,160200,あり,あり,8,,土日祝,08:30-17:00,,,125,可,令和8年10月1日以降,可,随時,企画管理課長,萩迫 謙二,ハギザコ ケンジ,099-474-1211,099-474-1218,,"〇試用期間:3ヶ月 (日給8,010円) 
○履歴書:手書き·パソコン作成どちらも可",○新卒者の入社日:令和9年4月1日,871,34,034-01,,,鹿児島県志布志市,,,2934,,,,,,,,,,,,,2026年09月07日 13:39,2026年09月07日 13:39,バーコードスキャン,求人番号_46080-99569.pdf,事務的職業,一般事務・秘書・受付の職業,一般事務員,事務に関わる,一般事務,,,,,,0,257,総合事務員,,
2026,40120-486569,福岡東公共職業安定所,4012-1867-1,可,キュウシュウ カワサキケンキ カブシキガイシャ,九州川崎建機 株式会社,811-0112,福岡県糟屋郡新宮町下府2丁目10番1号,JR新宮中央駅 から 徒歩15分,代表取締役 有松 弘治,1290000000000,https://kawasaki-kenki.co.jp,43,25,昭和46年,"3,800万円","*建設機械等及び部品の販売と修理整備
*大型トラックの特装","当社は、日立建機日本 (株) の特約店であり建設機械、破砕機、環
境機器の販売及び修理を主とする会社です。新規事業として、大型
トラックの特装を行っております。",正社員,"建設機械の整備士(道路工事や建設現場など
で使う機械の点検や修理)","建設機械とは、道路工事や建設現場、製鉄所や産廃処理施設など、日本の基幹
産業や環境保全を支える現場で使われる機械です。
その機械がスムーズに稼働するように、機械の点検を行い、アドバイスや修
理をする仕事です。機械の調子が戻って「ありがとう!」と言われた時は喜び
と達成感を感じる仕事です。
入社後は、まずメーカーで新人研修を受けて、安全第一と基礎知識·基礎実
技を学んで頂きます。その後、先輩社員に同行して補助作業をしながら徐々に
覚えていってください。
※変更の範囲:変更なし",811-0112,福岡県糟屋郡新宮町下府2丁目10番1号,JR新宮中央駅 から 徒歩15分,2,0,0,不問,あり,可,なし,なし,190000,190000,なし,あり,29,,土日祝 その他,08:30-17:30,,,125,可,令和8年11月1日以降,可,随時,常務取締役,竹内 聖司,タケウチ セイジ,092-962-2121,092-962-2125,takeuchi@kawasaki-kenki.co.jp,"*職場見学の参加によって、採否を決定するものではありません。
*履歴書は手書き·PCどちらも可","*暑期手当10,000円 7·8·9月に支給
*賃金総支給額:190,000円
控除額目安 : 31,137円 (税金+社会保険料) 
手取額目安 :158,863円
*選考旅費は、公共交通機関利用時の最短かつ最安条件にて計算",901,75,075-04,75,075-01,福岡県糟屋郡新宮町,,,2937,,,,,,,,,,,,,2026年09月07日 13:39,2026年09月07日 13:39,バーコードスキャン,求人番号_40120-486569.pdf,製造・修理・塗装・製図等の職業,機械整備・修理工,輸送用機械器具整備・修理工（自動車を除く）,生産/製造に関わる,整備/修理,製造・修理・塗装・製図等の職業,機械整備・修理工,はん用・生産用・業務用機械器具整備・修理工,生産/製造に関わる,整備/修理,0,554,輸送機械整備・修理従事者（自動車を除く）,551,はん用・生産用・業務用機械器具整備・修理従事者
2026,25010-225469,大津公共職業安定所,2501-105386-2,可,サイチコウギョウカブシキガイシャ,サイチ工業 株式会社,520-2113,滋賀県大津市平野三丁目1番11号,JR琵琶湖線 瀬田駅 から 車15分,代表取締役 山本 彰,6160000000000,https://saichi-kk.co.jp,213,56,明治40年,"2,000万円",高付加価値フィルム製造·販売,"創業100年を超える会社です。
若手社員も活躍中。
技術力を身につけて成長できます!",正社員,高機能フィルム製造スタッフ,"高機能フィルムを製造する機械の操作や製品の品質確認を行います。
食品包装やスマートフォン、電子機器など、私たちの暮らしに欠かせない製品
に使われるフィルムづくりに携わる仕事です。
機械操作や製造の知識は入社後に先輩社員が一から丁寧に指導しますので、専
門知識は必要ありません。チームで協力しながら、安全第一で高品質なものづ
くりに取り組みます。
【従事すべき業務の変更範囲:会社の定める業務】",520-3041,"滋賀県栗東市出庭下天白550 栗東工場
上記を含め4工場 (大津市、栗東市の2工場、守山市) のいずれか
に配属",JR琵琶湖線 守山駅 から 徒歩25分,0,0,4,不問,あり,可,あり,なし,200000,200000,あり,あり,10,変形労働時間制 (1年単位),日 その他,08:15-17:00,07:00-19:00,19:00-07:00,120,可,令和8年10月1日以降,可,随時,管理本部 総務課,本郷 孝博,ホンゴウ タカヒロ,077-561-9811,077-569-4647,,"【公開求人】専願優先/事業所内公正採用選考·人権啓発担当者有
·配属先は滋賀県内4工場のいずれかです。 (就業場所欄を参照) 
本人の希望や通勤時間、適性を考慮して決定します。
·勤務時間は配属先によって異なり、複数の勤務パターンがありま
す。詳細は別途ご説明します。
·入社後は先輩社員が一から丁寧に指導しますので、専門知識は必
要ありません。","·社宅 (借上げアパート) 制度があります。※入居条件は会社規定
によります。
·交替勤務手当 (400円〜750円/1勤務) 住宅手当など各種
手当があります。
·福利厚生サービスに加入しており、旅行·宿泊補助や提携施設の
割引などが利用できます。
·応募前の職場見学を歓迎しています。仕事内容や職場の雰囲気を
実際にご覧いただけます。",182,89,089-99,73,073-99,滋賀県栗東市,滋賀県大津市,滋賀県守山市,2938,,,,,,,,,,,,,2026年09月07日 13:39,2026年09月07日 13:39,バーコードスキャン,求人番号_25010-225469.pdf,配送・輸送・機械運転の職業,施設機械設備操作・建設機械運転の職業,その他の施設機械設備操作・建設機械運転の職業,運輸/物流に関わる,機械運転,製造・修理・塗装・製図等の職業,製品製造・加工処理工（金属製品・食料品等を除く）,その他の製品製造・加工処理工（金属製品・食料品等を除く）,生産/製造に関わる,製造/加工(その他),0,649,その他の定置・建設機械運転従事者,539,その他の製品製造・加工処理従事者（金属製品を除く）
2026,40010-850569,福岡中央公共職業安定所,4001-633131-8,可,アオバコウギョウカブシキガイシャ,あおば工業株式会社,812-0857,福岡県福岡市博多区西月隈1-14-44,,代表取締役 近藤 斉,5290000000000,https://www.aoba-k.co.jp,6,6,平成29年,300万円,空調衛生設備の設計·施工·管理,"社員一人ひとりが高い知識と技術力を誇り、客先のニーズへ的確に
対応し、高い評価をいただいている会社です。",正社員,冷媒配管工(空調設備の取付)," (将来の配置:変更なし) 主に福岡市内のオフィスビルや商業施設等の現場
にて配管工事業務を行います。具体的な仕事内容は下記の通りです。
·高所作業車を操作し、空調機や配管 (切断、溶接加工したもの) を吊込む。
·気密試験にて漏えいがないことを確認し、フロンガスを充填して空調機を
使用できる状態にする。
※ガス溶接、フロン取扱技術者、施工管理技士等の資格を取得して頂きます。
覚えることが多く大変ですが、知識とスキルを身につければ一生モノの資産に
なります。仕事の達成感や満足感はとても大きいですよ。
未経験の方でも先輩社員がついて指導しますので、安心してご応募ください。",812-0857,福岡県福岡市博多区西月隈1-14-44,,0,0,3,不問,なし,可,あり,あり,240000,270000,あり,あり,20,,土日祝 その他,08:00-17:30,,,125,可,令和8年11月1日以降,可,随時,総務,藤,トウ,092-433-0040,092-433-0041,tou@uni-a.jp,"*建設現場での作業が中心となるため、福岡市内の公共施設·商業
施設などが主な現場となります。
*時期や工期により残業が発生する場合もありますが、頑張った分
は手当でしっかりサポートします。
*資格取得は会社が費用を全額負担 (ガス溶接·高所作業車など) 
*「技術や資格を身につけて働きたい」「モノづくりが好き」
そんな方々にとって一生モノのスキルが身につくお仕事です!
※有期労働契約:原則更新
※履歴書は手書き·PCどちらでも可
選考旅費:学校を起点として公共交通機関利用分を支給","*使用期間3ヶ月。労働条件変更なし
*借上アパート:敷金礼金、不動産手数料等の初期費用は会社負担
1人部屋·家賃光熱費は自己負担
*マイカー通勤:無料駐車場あり
*賃金総支給額:270,000円 控除額目安:47,076円
手取額目安:222,924円
*入社後は先輩がサポートします。専門的なスキルは
現場での実践を通じて着実に身につけられます!
*職場見学:随時対応 (お気軽にご相談ください) 
*お仕事の詳細はHPなどからご確認ください。",89,91,091-06,,,福岡県福岡市博多区,,,2936,,,,,,,,,,,,,2026年09月07日 13:39,2026年09月07日 13:39,バーコードスキャン,求人番号_40010-850569.pdf,建設・土木・電気工事の職業,建設の職業（建設躯体工事の職業を除く）,配管工,建設/建築/土木に関わる,建築,,,,,,0,666,配管従事者,,
2026,13080-1960769,新宿公共職業安定所,1308-647516-3,可,カブシキガイシャ フィルライト,株式会社 FILL LIGHT,162-0814,東京都新宿区新小川町2-11 双葉ビル3階,JR線飯田橋駅 から 徒歩4分,代表取締役 湯浅 晃平,8011100000000,https://fill-light.co.jp,47,42,平成30年,100万円,"中小企業の経営者·オーナーに向けて、
グループ会社が提供するAIシステムの導入や、
助成金制度、SNSを活用したマーケティングを電話にて提案。","若い層が活躍する、非常に活気のある会社です。入社時には約1ヶ
月の研修を行い、社会人としての基礎知識や 営業のノウハウを学
んで頂くことができます。",正社員,総合職,"はじめはインサイドセールスの就業になります。
·様々な商材のご提案を電話にて行っていただきます!
研修制度もあるので未経験の方も安心して業務を始めることができます。
※従業員30名中25名がインセンティブ獲得実績あり◎
→未経験の方でもしっかり稼ぐことが出来ます!
教育部での研修が終了したあとは、
現場にて実践経験を積んでいただきます。
その際も責任者がしっかりサポートいたします!
変更範囲:適性、希望により他部署の配属になる可能性があります。",162-0814,東京都新宿区新小川町2-11 双葉ビル3階,JR線飯田橋駅 から 徒歩4分,10,0,0,不問,なし,不可,,,208400,255000,あり,あり,10,,日祝 その他,10:00-19:00,,,113,可,令和8年10月1日以降,可,随時,人事部、採用担当,採用担当者,,070-1573-0890,03-6369-3440,,"·弊社上京支援制度の利用対象となる場合は、
上京費用を最大10万円まで負担いたします。
支援対象者については、別途問い合わせください。
·入社6か月後に面談を実施。
今後の雇用形態や給与に関して話す場を設けています。
·既卒/中退:同条件",,330,33,033-03,36,036-02,東京都新宿区,,,2933,,,,,,,,,,,,,2026年09月03日 13:56,2026年09月03日 13:56,バーコードスキャン,求人番号_13080-1960769.pdf,事務的職業,総務・人事・企画事務の職業,企画・調査事務員,事務に関わる,一般事務,事務的職業,電話・インターネットによる応接事務の職業,テレフォンアポインター,事務に関わる,一般事務,0,253,企画事務員,256,電話応接事務員
2026,46080-43969,大隅公共職業安定所,4608-614399-6,可,ジャスティモールドカブシキガイシャ,ジャスティモールド株式会社,899-4103,鹿児島県曽於市財部町下財部1637-33,JR日豊線 財部駅 から 車5分,代表取締役 東 晃一郎,9340000000000,https://www.justymold-web.com,52,52,令和4年,100万円,"·プラスティック用精密金型の設計製作
·プラスティック樹脂成形及び加工
·電気·電子部品及び自動車部品組立加工","令和4年10月に (株) ジャスティの会社分割により全事業を承継
。精密工作機械を駆使して、金型設計製作〜樹脂成形〜組立加工の
一貫生産を行い、社会に貢献できる地域企業を目指す。",正社員,プラスチック用金型·プラスチック品製造工,"○マシンオペレーター『成形技能·電子部品組立·金属加工』
自動車·IT家電向けプラスチック製品の成形オペレーター
電子部品組立機械·金属加工機 (平面研削盤など) のオペレーター
○プラスチック検査業務
IT·デジタル家電向け樹脂部品の検査·加工 (プラスチック) 
自動車向けプラスチック製品の検査·加工 (日産·ホンダ·トヨタ) 
○プラスチック製品の品質管理
IT·デジタル家電向け樹脂部品及び自動車向けプラスチック製品の
品質管理 【業務の変更範囲:変更無し】",899-4103,鹿児島県曽於市財部町下財部1637-33,JR日豊線 財部駅 から 車5分,3,0,0,不問,なし,可,なし,なし,184355,184355,あり,あり,20,変形労働時間制 (1ヶ月単位),日 その他,08:00-16:45,16:30-00:45,00:20-08:25,100,可,令和8年10月1日以降,可,随時,取締役 工場長,渡邊 光男,ワタナベ ミツオ,0986-72-3780,0986-72-3782,justy_mold@justy-web.jp,"○一部交替制有
オペレーター (成形技能及び組立機械) については、
入社して一定期間経過後、交替制勤務に移行する可能性有
変形労働時間制 (1ヶ月単位) 
 (1) 08時00分〜16時45分
 (2) 16時30分〜00時45分
 (3) 00時20分〜08時25分
交替勤務手当 (2) 900円/回  (3) 1,700円/回","○賞与·昇給:昨年度は新規学卒者の採用がなかったため実績なし
ですが会社規定により支給。
○履歴書:手書き·パソコン作成どちらも可
○既卒者·中退者の応募の際にはハローワークの紹介状が必要です",292,73,073-08,78,078-06,鹿児島県曽於市,,,1947,,,,,,,,,,,,,2026年07月27日 09:16,2026年09月03日 10:20,バーコードスキャン,求人番号_46080-43969.pdf,製造・修理・塗装・製図等の職業,製品製造・加工処理工（金属製品・食料品等を除く）,プラスチック製品製造工,生産/製造に関わる,製造/加工(その他),製造・修理・塗装・製図等の職業,製品検査工（金属製品・食料品等を除く）,ゴム・プラスチック製品検査工,生産/製造に関わる,製品検査(その他),0,538,ゴム・プラスチック製品製造従事者,578,ゴム・プラスチック製品検査従事者
2026,08060-36369,常総公共職業安定所,0806-201196-7,可,メークス カブシキガイシャ,メークス 株式会社,302-0119,茨城県守谷市御所ケ丘2-10-2,新守谷駅 から 徒歩5分,代表取締役 森山 泰宏,7050000000000,http://www.i-makes.com,390,15,昭和60年,1億円,"建築用基礎鉄筋の加工、販売
土木工事
温泉業務","大手ハウスメーカ等を主力に住宅用基礎鉄筋に販売をしています
年功序列で無く、勤続年数に関わらず成果主義で正当評価します",正社員,"工場内作業職/南九州工場(鹿児島県姶良市
)","主にハウスメーカーからの注文により住宅用基礎鉄筋を
あらかじめ工場で製造する工場内作業のお仕事です
◎住宅基礎鉄筋の切断、曲げ、溶接、組立、組合せ、出荷等大きく4つの
工程で進めます
*製造工程は機械で切断→曲げる→溶接→組立、組合せ→出荷する作業。
*機械 (タッチパネル) 操作は一度覚えれば出来るようになります。
*工場内作業のほとんどが機械を使って行います。
*日勤のみの仕事です。 変更範囲:変更なし",899-5652,鹿児島県姶良市平松7412,JR姶良駅 から 徒歩10分,3,0,0,"必須
普通自動車第一種免許
※入社前に取得していただきます",あり,可,なし,なし,214000,301000,あり,あり,20,変形労働時間制 (1年単位),その他,08:30-17:45,,,120,可,令和8年10月1日以降,可,随時,人事総務部,宮本 陸,ミヤモト リク,0297-55-1611,0297-55-1612,recruit@i-makes.com,"◆住宅用ユニット鉄筋シェア日本一企業!
国内に7工場 (宮城、新潟、茨城、群馬、岐阜、鹿児島、佐賀) 
応援、研修等により上記工場等へ一時転勤の可能性があります。
 (入社時は基本採用工場勤務) 
◆当社は年功序列でなく、成果主義で正当評価致します。
皆様からの応募を心よりお待ち申し上げております。
◆問合わせ及び応募書類送付先
〒302-0119茨城県守谷市御所ケ丘2-10-2
人事総務部 宮本 宛 (TEL:0297-55-1611) ","*マンツーマンで先輩社員が優しくしっかり研修をいたします。
*規律を守り協調性のある方を歓迎します。
*住宅産業に興味のある方、ものづくりを通じて社会貢献したい方
*選考旅費については、公共交通機関を利用の場合に限り
 (上限1万円迄) にて支給します。領収書を添付して下さい。
*応募前職場見学が可能です。 (要事前連絡) 
*2か月の試用期間あり
*誕生日休暇、企業年金制度など福利厚生充実しています。
*応募書類は手書き·PCどちらでも可",244,71,071-08,,,鹿児島県姶良市,,,2932,,,,,,,,,,,,,2026年09月01日 08:27,2026年09月01日 08:27,バーコードスキャン,求人番号_08060-36369.pdf,製造・修理・塗装・製図等の職業,製品製造・加工処理工（金属製品）,鉄工、製缶工,生産/製造に関わる,製造/加工(金属),,,,,,0,525,鉄工，製缶従事者,,
2026,46040-298869,国分公共職業安定所,4604-15580-7,可,シャカイフクシホウジンメイトクカイ マキノハラムツミエン,社会福祉法人 明徳会 牧之原むつみ園,899-4503,鹿児島県霧島市福山町福沢4611,,施設長 束田 悟,2340010000000,http://www.mutumi-en.com/,90,88,昭和48年,,"社会福祉施設として利用者の生活全般に係る事業 入浴、食事、レ
クリエーション、おむつ交換、機能訓練、その他全般、訪問介護
【静止画像あり】","特別養護老人ホームの他にデイサービスセンター、介護支援センタ
ーがあり、地域に密着した介護老人福祉施設である。",正社員,介護職員,"○ユニット型特別養護老人ホームでの介護業務全般に従事します。
·食事介助
·オムツ交換
·レクリエーション
·入浴介助
·その他介護にかかる業務全般
*従事すべき業務の変更範囲:会社の定める業務",899-4503,"鹿児島県霧島市福山町福沢4611
「特別養護老人ホーム 牧之原むつみ園」",,2,0,0,"必須
普通自動車運転免許 (AT限定可) 
【入社後取得可】",なし,可,なし,なし,169600,216600,あり,あり,5,変形労働時間制 (1年単位),その他,07:30-16:30,10:00-19:00,13:30-22:30,119,可,令和8年10月1日以降,可,随時,施設長,束田 悟,ツカダ サトル,0995-56-2234,0995-56-1018,,"*試用期間:3ヶ月 条件変更無し
*応募前職場見学可
 (感染対策等条件がありますので日程についてはご連絡ください) 
また、就業についてご不明な点は担当までご連絡下さい。
*福祉の知識がなくても大丈夫です。
採用後に介護方法を習得して頂きます。
*介護職員実務者研修、介護福祉士資格取得等支援します。
*マイカー通勤可:駐車場敷地内/自己負担なし","就業時間: (4) 22:30〜7:30
 (1) 〜 (4) のシフト勤務 (4) 夜勤は月3回程度
·夜勤手当:4000円/回
·住居手当:上限25000円
·資格手当は初任者·実務者研修終了者5000円
介護福祉士10000円のいずれか
·採用後、3ヶ月〜半年は夜勤はありません。
ご利用者や仕事内容の把握状況によって夜勤を開始します。
*過去実績:賞与 (2.00ヶ月分) 、昇給 (1200円) ",854,50,050-01,,,鹿児島県霧島市,,,2931,,,,,,,,,,,,,2026年08月31日 08:27,2026年08月31日 08:27,バーコードスキャン,求人番号_46040-298869.pdf,福祉・介護の職業,施設介護の職業,高齢者入所型施設介護員,医療/福祉に関わる,介護,,,,,,0,361,介護職員（医療・福祉施設等）,,
2026,40180-8569,福岡南公共職業安定所,4018-1579-3,可,カブシキガイシャ サンショウ,株式会社 三正,811-1253,福岡県那珂川市大字仲1丁目1-2,JR新幹線 博多南駅 から 徒歩20分,代表取締役 宮本 明弘,5290000000000,https://sanshou340.co.jp,40,6,昭和43年,"2,000万円","鉄道の新設工事から保守工事までを主たる業務として行っています
。 (JR在来線は主に福岡·佐賀、新幹線は熊本県玉名駅まで。他
に福岡市地下鉄関係及び長崎、熊本、鹿児島等の各市電等) ","軌道関係工事の専門会社です。専門知識や各種資格を取得する為に
何年もかかりますが、家族的な雰囲気で楽しく仕事をしています。
鹿児島に支店、長崎 (諫早市) に営業所があります。",正社員,軌道工(鉄道保守従事者),"JR九州の在来線、新幹線、福岡市地下鉄、長崎市·鹿児島の市電その他
保守工事や検査業務、新設工事及び災害復旧工事等。
保守工事は主に夜間作業となり、短い作業時間の中での業務になります。
現場は九州管内 (主に福岡県、佐賀県、長崎県) です。
■変更範囲:なし",854-0035,"長崎県諫早市宗方町6 長崎作業所
および各現場
(変更の範囲:本社及び各支店、作業所)",島原鉄道 小野本町駅 から 徒歩1分,6,0,12,"必須
*入社までに、普通自動車免許取得可能な方 (AT限定不可) 
※誕生日等、考慮します。
※入社後の取得可。",あり,可,あり,なし,205000,240000,あり,あり,2,変形労働時間制 (1ヶ月単位),日 その他,08:30-17:30,22:00-06:00,,125,可,令和8年11月1日以降,可,随時,所長,渡部 啓輔,ワタナベ ケイスケ,0957-35-7370,0957-35-7371,,"*応募前見学·選考旅費:学校を起点に公共交通機関分を支給。
*入社式は本社で行い、引き続き8〜9日程度の新入社員宿泊研修
を行います。
*入社3、4年後から転勤の可能性があります。
*現場により就業時間、日程、場所等が変更になる場合あり。
*各種資格取得の制度あり (勤続2年目以降) 。
*履歴書は手書き·PCどちらも可。","*健康保険は「全国土木建築国民健康保険組合」に加入。
*手当:運転手当500円/回〜、遠方手当1,000円/回〜。
*宿舎費:10,000円 (水道光熱費込) 
* (通勤) 手取額 202,610円 控除額 37,390円
 (住込) 手取額 192,610円 控除額 47,390円
「指定校求人」",79,92,092-03,,,長崎県諫早市,,,2929,,,,,,,,,,,,,2026年08月31日 08:27,2026年08月31日 08:27,バーコードスキャン,求人番号_40180-8569.pdf,建設・土木・電気工事の職業,土木の職業,鉄道線路工事作業員,建設/建築/土木に関わる,土木工事,,,,,,0,682,鉄道線路工事従事者,,
2026,11010-540869,川口公共職業安定所,1101-618073-6,可,カブシキガイシャ ウメキタイル,株式会社 梅木タイル,334-0011,"埼玉県川口市三ツ和1丁目23番地4
YAMANAKAGARAGE2号室",鳩ヶ谷駅 から 徒歩13分,代表取締役 梅木 三郎,9030000000000,,9,9,平成20年,"1,000万円",ビル·マンション·改修工事·タイル張り工事業,"順調に業績を伸ばし続けていますので安心して働くことができます
。",正社員,タイル工,"※建物の壁や床にタイルを貼る仕事です。
タイルをカットする「サンダー作業」、古いタイルを取り除く
「はつり作業」、新しいタイルを貼ってすき間をきれいに埋める
「目地詰め作業」などを行います。
現場は埼玉県内が中心で、自宅から直接現場に向かう「直行直帰」
も可能です。年の近い先輩たちが丁寧に教えてくれるので、初めての方でも
安心してスタートできます。
業務の変更範囲:変更なし",334-0011,"埼玉県川口市三ツ和1丁目23番地4
YAMANAKAGARAGE2号室",鳩ヶ谷駅 から 徒歩13分,0,0,2,不問,なし,不可,あり,なし,230000,230000,あり,あり,1,変形労働時間制 (1ヶ月単位),日祝,08:15-17:00,08:30-17:15,,76,可,令和8年9月16日以降,可,随時,代表取締役,梅木三郎,ウメキサブロウ,048-201-3233,048-446-9529,umekisaburo@gmail.com,"【働きやすい環境を目指しています】
残業は基本的になく、プライベートの時間も大切にできます。現場
へはチームで向かうため、一人になることはなく安心して働けます
。年の近い先輩たちが丁寧に教えてくれ、和気あいあいとした雰囲
気の中で仕事ができます。
【住宅のご用意があります】
遠方からの応募も歓迎しており、会社の近くに社宅を用意していま
す。借り上げ社宅有り。個室。風呂·トイレ共同、会社から徒歩5
分。光熱費1万円·家賃2万円 (利用者負担) ","【資格取得支援】業務に必要な資格については、会社が取得に向け
た手配や費用支援を行います。未経験からでもステップアップでき
る環境が整っています。
※試用期間は3ヶ月です。
※賃金締切日:月末 賃金支払い日:翌月末日
※作業現場により就業時間 (1)  (2) の2パターンあり",74,91,091-02,,,埼玉県川口市,,,2927,,,,,,,,,,,,,2026年08月31日 08:27,2026年08月31日 08:27,バーコードスキャン,求人番号_11010-540869.pdf,建設・土木・電気工事の職業,建設の職業（建設躯体工事の職業を除く）,ブロック積工、タイル張工,建設/建築/土木に関わる,建築,,,,,,0,662,ブロック積・タイル張従事者,,
2026,40180-9469,福岡南公共職業安定所,4018-1579-3,可,カブシキガイシャ サンショウ,株式会社 三正,811-1253,福岡県那珂川市大字仲1丁目1-2,JR新幹線 博多南駅 から 徒歩20分,代表取締役 宮本 明弘,5290000000000,https://sanshou340.co.jp,40,8,昭和43年,"2,000万円","鉄道の新設工事から保守工事までを主たる業務として行っています
。 (JR在来線は主に福岡·佐賀、新幹線は熊本県玉名駅まで。他
に福岡市地下鉄関係及び長崎、熊本、鹿児島等の各市電等) ","軌道関係工事の専門会社です。専門知識や各種資格を取得する為に
何年もかかりますが、家族的な雰囲気で楽しく仕事をしています。
鹿児島に支店、長崎 (諫早市) に営業所があります。",正社員,軌道工(鉄道保守従事者),"JR九州の在来線、新幹線、福岡市地下鉄、長崎市·鹿児島の市電その他
保守工事や検査業務、新設工事及び災害復旧工事等。
保守工事は主に夜間作業となり、短い作業時間の中での業務になります。
現場は九州管内です。
■変更範囲:なし",891-0311,"鹿児島県指宿市西方2292-3 鹿児島支店
および各現場
(変更の範囲:本社及び各支店、作業所)",JR九州 指宿枕崎線 宮ヶ浜駅 から 車5分,4,0,16,"必須
*入社までに、普通自動車免許取得可能な方 (AT限定不可) 
※誕生日等、考慮します。
※入社後の取得可。",あり,可,あり,なし,205000,240000,あり,あり,2,変形労働時間制 (1ヶ月単位),日 その他,08:30-17:30,22:00-06:00,,125,可,令和8年11月1日以降,可,随時,支店長,形部 哲也,カタベ テツヤ,0993-25-6005,0993-25-5730,,"*応募前見学·選考旅費:学校を起点に公共交通機関分を支給。
*入社式は本社で行い、引き続き8〜9日程度の新入社員宿泊研修
を行います。
*入社3、4年後から転勤の可能性があります。
*現場により就業時間、日程、場所等が変更になる場合あり。
*各種資格取得の制度あり (勤続2年目以降) 。
*履歴書は手書き·PCどちらも可。","*健康保険は「全国土木建築国民健康保険組合」に加入。
*手当:運転手当500円/回〜、遠方手当1,000円/回〜。
*宿舎費:10,000円 (水道光熱費込み) 
* (通勤) 手取額 202,610円 控除額 37,390円
 (住込) 手取額 192,610円 控除額 47,390円
「指定校求人」",79,92,092-03,,,鹿児島県指宿市,,,2930,,,,,,,,,,,,,2026年08月31日 08:27,2026年08月31日 08:27,バーコードスキャン,求人番号_40180-9469.pdf,建設・土木・電気工事の職業,土木の職業,鉄道線路工事作業員,建設/建築/土木に関わる,土木工事,,,,,,0,682,鉄道線路工事従事者,,
2026,40180-7269,福岡南公共職業安定所,4018-1579-3,可,カブシキガイシャ サンショウ,株式会社 三正,811-1253,福岡県那珂川市大字仲1丁目1-2,JR新幹線 博多南駅 から 徒歩20分,代表取締役 宮本 明弘,5290000000000,https://sanshou340.co.jp,40,26,昭和43年,"2,000万円","鉄道の新設工事から保守工事までを主たる業務として行っています
。 (JR在来線は主に福岡·佐賀、新幹線は熊本県玉名駅まで。他
に福岡市地下鉄関係及び長崎、熊本、鹿児島等の各市電等) ","軌道関係工事の専門会社です。専門知識や各種資格を取得する為に
何年もかかりますが、家族的な雰囲気で楽しく仕事をしています。
鹿児島に支店、長崎 (諫早市) に営業所があります。",正社員,軌道工(鉄道保守従事者),"JR九州の在来線、新幹線、福岡市地下鉄、長崎市·鹿児島の市電その他
保守工事や検査業務、新設工事及び災害復旧工事等。
保守工事は主に夜間作業となり、短い作業時間の中での業務になります。
現場は九州管内 (主に福岡県、佐賀県、長崎県) です。
■変更範囲:なし",811-1253,"福岡県那珂川市大字仲1丁目1-2 株式会社 三正 福岡支店
および各現場
(変更の範囲:本社及び各支店、作業所)",JR新幹線 博多南駅 から 徒歩20分,0,0,38,"必須
*入社までに、普通自動車免許取得可能な方 (AT限定不可) 
※誕生日等、考慮します。
※入社後の取得可。",あり,可,あり,なし,205000,240000,あり,あり,2,変形労働時間制 (1ヶ月単位),日 その他,08:30-17:30,22:00-06:00,,125,可,令和8年11月1日以降,可,随時,部長,二俣 勇広,フタツマタ ユウヒロ,092-952-2047,092-952-1508,,"*応募前見学·選考旅費:学校を起点に公共交通機関分を支給
*入社式は本社で行い、引き続き8〜9日程度の新入社員宿泊研修
を行います。
*入社3、4年後から転勤の可能性があります。
*現場により就業時間、日程、場所等が変更になる場合あり。
*各種資格取得の制度あり (勤続2年目以降) 。
*履歴書は手書き·PCどちらも可。","*健康保険は「全国土木建築国民健康保険組合」に加入。
*手当:運転手当500円/回〜、遠方手当1,000円/回〜。
*宿舎は、1部屋 (約7.2平方メートル)  TV·冷蔵庫付、
水道光熱費込み。朝夕食事付き (月〜土) 。
*宿舎費は全て込みで30,000円
朝·夕食事付 (月〜土曜日) 
* (通勤) 手取額 202,610円 控除額 37,390円
 (住込) 手取額 172,610円 控除額 67,390円
「指定校求人」",79,92,092-03,,,福岡県那珂川市,,,2928,,,,,,,,,,,,,2026年08月31日 08:27,2026年08月31日 08:27,バーコードスキャン,求人番号_40180-7269.pdf,建設・土木・電気工事の職業,土木の職業,鉄道線路工事作業員,建設/建築/土木に関わる,土木工事,,,,,,0,682,鉄道線路工事従事者,,
2026,27110-174369,泉大津公共職業安定所,2711-617744-9,可,カブシキガイシャ リークスカイハツ,株式会社 リークス開発,594-1101,大阪府和泉市室堂町13-10,南海泉北線 光明池駅 から 車5分,代表取締役 森下 賢太朗,1120100000000,https://leeks.jp,47,47,平成元年,"3,000万円","大阪の堺·和泉を中心に地質調査と鋼管杭·柱状改良工事をする会
社です。調査部·工事部·建築部の3部門があり、機械の配置から
施工に至るまでを一貫して行っております。","地盤調査をはじめとするインフラ工事を行っており、官公庁や大手
ゼネコンから信頼を得ている安定企業です。
新入社員への教育·研修制度や環境をしっかり整えています。",正社員,土質·地質調査スタッフ,"\日本に必要不可欠な『地盤のスペシャリスト』を目指せます!
地質調査は、土地の質や安全性を判断する仕事で、人々が安心して生活するう
えでとても重要な役割を果たしています。
ボーリング調査などの地質調査に関する現場での土の試験·採取を行います。
☆最初は先輩社員のアシスタントとして簡単な作業から始め、少しずつできる
ことを増やして技術を身につけていきましょう!先輩社員の中には未経験から
約1年で機械オペレーターとして活躍する方も多数います!
変更の範囲:会社の定める業務",594-1101,大阪府和泉市室堂町13-10,南海泉北線 光明池駅 から 車5分,0,0,5,不問,なし,可,あり,なし,240000,275000,あり,あり,27,,土日祝 その他,08:00-17:00,,,125,可,令和8年9月16日以降,可,随時,総務部,竹本哲也,タケモトテツヤ,0725-55-0123,0725-55-0124,,"◆リークス開発の強み
AIにはできない技術を身につけることができます!実際に現場を
見て、考え、判断する“人の技術”が活きる仕事です。
創業50年以上で、関西を中心に長年の実績があり、安定して働け
る環境があります。
◆社内イベントは参加自由!
社員旅行や親睦会、新年会などの社内行事を年に数回行って、チー
ムワークを深めています!韓国に行ったり、ゴーカート·カヌーな
どのアクティビティもしました!","·資格取得サポート
働きながら業務に関わる資格や免許を取得することができます!
また、費用を全額負担します。
例:玉掛け、小型移動式クレーン
·選考旅費と赴任旅費は実費全額負担
·社員寮あり:負担20,000円 (水道·光熱費込み) 
寮完備なので遠方からの方も大歓迎です!
·試用期間:3か月 日給:12,000円",742,8,008-04,89,089-05,大阪府和泉市,,,2926,,,,,,,,,,,,,2026年08月27日 12:12,2026年08月27日 12:12,バーコードスキャン,求人番号_27110-174369.pdf,研究・技術の職業,建築・土木・測量技術者,土木設計技術者,建設/建築/土木に関わる,その他(建設/建築/土木に関わる),配送・輸送・機械運転の職業,施設機械設備操作・建設機械運転の職業,建設機械運転工,運輸/物流に関わる,機械運転,0,92,土木技術者,645,建設・さく井機械運転従事者
2026,28070-24069,伊丹公共職業安定所,2807-617522-4,可,シンエイデンセツ カブシキガイシャ,真栄電設 株式会社,664-0845,兵庫県伊丹市東有岡3丁目237,JR宝塚線 伊丹駅 から 徒歩10分,代表取締役 真下 寛,9140000000000,https://www.shin-ei-densetsu.com,9,9,昭和47年,"1,000万円","電気制御盤製造 電気工事 計装工事
電気設計·ソフト設計","創業50年になり、業績安定し、家族的な雰囲気である。
従業員の勤続年数も長く、平均15年です。",正社員,電気システムの施工スタッフ,"【“機械の頭脳”となる制御盤のとりつけ】
制御盤とは様々な機械を動かすための、“電機信号”を送る装置のことです。
食品工場や製薬工場など様々な場所で使われる自社で作った制御盤の取り付け
をお任せします!
知識や資格がなくても1から丁寧な指導があります。
まずは先輩スタッフの補助作業など簡単な作業から自分のペースでレベルアッ
プを目指しましょう。
*変更範囲:会社の定める業務",664-0845,兵庫県伊丹市東有岡3丁目237,JR宝塚線 伊丹駅 から 徒歩10分,1,0,0,不問,なし,可,なし,なし,220000,220000,あり,あり,14,,日祝 その他,08:00-17:00,,,120,可,令和8年11月1日以降,可,随時,代表取締役,真下 寛,マシモ ヒロシ,080-1447-2898,072-770-8125,,"<公開求人>
\仕事の楽しさも学べる/
自分が取り付けたものが、機械を動かす“頭脳となる”。
制御盤と聞くと日常生活ではあまり馴染みがないかもしれませんが
、工場の機械を動かすための装置として日本の産業を支える仕事で
す。やりがいや仕事の楽しさも感じることができます。
\仕事もプライベートも大切に/
完全週休2日制で年間休日数120日とプライベートの時間もしっ
かり確保していただけます。
仕事もプライベートも充実させよう!","\1人暮らしのサポートも/
地方から出てこられて会社近くで1人暮らしをご希望の方はご相談
ください!
借上げサポートや家賃補助サポートなどございます (会社規定有) 
\資格取得支援制度もあります/
様々な資格を取得し、仕事の幅を広げることで給与アップなどにも
繋げていただけます。
*選考旅費:上限2万円 *赴任旅費:上限5万円",291,94,094-05,,,兵庫県伊丹市,,,2921,,,,,,,,,,,,,2026年08月27日 12:12,2026年08月27日 12:12,バーコードスキャン,求人番号_28070-24069.pdf,建設・土木・電気工事の職業,電気・通信工事の職業,電気工事作業員,建設/建築/土木に関わる,電気工事,,,,,,0,679,その他の電気工事従事者,,
2026,27110-173069,泉大津公共職業安定所,2711-617744-9,可,カブシキガイシャ リークスカイハツ,株式会社 リークス開発,594-1101,大阪府和泉市室堂町13-10,南海泉北線 光明池駅 から 車5分,代表取締役 森下 賢太朗,1120100000000,https://leeks.jp,47,47,平成元年,"3,000万円","大阪の堺·和泉を中心に地質調査と鋼管杭·柱状改良工事をする会
社です。調査部·工事部·建築部の3部門があり、機械の配置から
施工に至るまでを一貫して行っております。","地盤調査をはじめとするインフラ工事を行っており、官公庁や大手
ゼネコンから信頼を得ている安定企業です。
新入社員への教育·研修制度や環境をしっかり整えています。",正社員,重機オペレーター·施工管理スタッフ,"\日本に必要不可欠な『地盤のスペシャリスト』を目指せます!/
調査データをもとに地盤を強化し、インフラや建物の安全性に直結する作業を
お任せします。
例えば、地盤の弱い箇所に杭や柱を入れて土台を作り、建物を支えたり、地盤
沈下を防ぐ施工を行います。
☆最初は先輩社員のアシスタントとして簡単な作業から始め、少しずつできる
ことを増やして技術を身につけていきましょう!業務は2〜3名のチームで行
うので、機材の使い方や基本作業から丁寧に指導します!
変更の範囲:会社の定める業務",594-1101,大阪府和泉市室堂町13-10,南海泉北線 光明池駅 から 車5分,0,0,5,不問,なし,可,あり,なし,240000,275000,あり,あり,27,,土日祝 その他,08:00-17:00,,,125,可,令和8年9月16日以降,可,随時,総務部,竹本哲也,タケモトテツヤ,0725-55-0123,0725-55-0124,,"◆リークス開発の強み
AIにはできない技術を身につけることができます!実際に現場を
見て、考え、判断する“人の技術”が活きる仕事です。
創業50年以上で、関西を中心に長年の実績があり、安定して働け
る環境があります。
◆社内イベントは参加自由!
社員旅行や親睦会、新年会などの社内行事を年に数回行って、チー
ムワークを深めています!韓国に行ったり、ゴーカート·カヌーな
どのアクティビティもしました。","·資格取得サポート
働きながら業務に関わる資格や免許を取得することができます!
また、費用を全額負担します。
例:玉掛け、小型移動式クレーン
·選考旅費と赴任旅費は実費全額負担
·社員寮あり:負担20,000円 (水道·光熱費込み) 
寮完備なので遠方からの方も大歓迎です!
·試用期間:3か月 日給:12,000円",742,89,089-05,8,008-02,大阪府和泉市,,,2925,,,,,,,,,,,,,2026年08月27日 12:12,2026年08月27日 12:12,バーコードスキャン,求人番号_27110-173069.pdf,配送・輸送・機械運転の職業,施設機械設備操作・建設機械運転の職業,建設機械運転工,運輸/物流に関わる,機械運転,研究・技術の職業,建築・土木・測量技術者,建築施工管理技術者,建設/建築/土木に関わる,その他(建設/建築/土木に関わる),0,645,建設・さく井機械運転従事者,91,建築技術者
2026,28070-31869,伊丹公共職業安定所,2807-617871-3,可,カブシキガイシャ シンカンケンセツ,株式会社 真堪建設,664-0842,兵庫県伊丹市森本4-212,JR伊丹駅 から 徒歩20分,代表取締役 日野 真之介,7140000000000,https://shinkanhsk.jp/,11,11,令和3年,100万円,"私たちは伊丹を中心に地域のインフラを支える道路工事の専門業者
として、駐車場の舗装工事や道路の修繕工事をはじめ、外構工事、
カラー舗装工事など、多岐にわたる施工を行っております。","現場は20代の若手が中心で、にぎやかでチームワークも抜群!体
を動かすのが好きな方や、仲間と一緒に何かを成し遂げたい方には
ぴったりです。",正社員,"駐車場や道路など街づくりを支えるインフラ
コーディネーター(舗装工事)","〜100年先も続くまちづくり〜
私たちが手がける道路工事は、地域のインフラを支える大切な仕事です。何気
なく通る道も、私たちの仕事で成り立っています。
主に駐車場舗装工事や道路修繕工事などを行います。例えば、車両や人が安全
かつスムーズに通行できるようにしたり、雨·風·雪などから地面を保護する
ために「アスファルト」や「コンクリート」などを敷いて、平らで耐久性のあ
る表面を作っていきます。
☆最初は道具の使い方から丁寧に教えていきます!
【変更範囲:なし】",664-0842,兵庫県伊丹市森本4-212,JR伊丹駅 から 徒歩20分,0,0,4,不問,なし,可,なし,なし,240000,240000,あり,あり,10,,土日祝 その他,08:00-17:00,,,125,可,令和8年11月1日以降,可,随時,代表取締役,日野 真之介,ヒノ シンノスケ,080-1423-1954,072-710-4660,snk88@shinkanshsk.net,"<公開求人>
●株式会社真堪建設の強み
私たちは平均年齢が20代の、若いスタッフのみで構成されたエネ
ルギーあふれる道路工事のプロフェッショナル集団です。安全管理
やマナーにも細やかに配慮し、地域の皆様に信頼される仕事を心が
けています。
●従業員同士のコミュニケーションの場もあります!
年に1回夏に慰安旅行があります。もちろん家族も参加OKです。
また、月1回の食事会で社員同士の親睦を深めています。コミュニ
ケーションの場を増やしその後の仕事を活かせます。","●1人暮らし制度
希望者には社宅をご準備します。地元の方から地方の方までお気軽
にご相談ください!
寮費:4万円/月 (光熱費別、自己負担) 
●今後こんな会社にしていきたい
地域社会に貢献し、「任せてよかった」と思っていただける会社を
目指してまいります。一緒にかっこいい現場をつくっていきましょ
う!
※試用期間:3ヶ月 (同条件) 
※マイカー通勤:可 (無料駐車場あり) ",63,92,092-02,,,兵庫県伊丹市,,,2923,,,,,,,,,,,,,2026年08月27日 12:12,2026年08月27日 12:12,バーコードスキャン,求人番号_28070-31869.pdf,建設・土木・電気工事の職業,土木の職業,舗装作業員,建設/建築/土木に関わる,土木工事,,,,,,0,681,土木従事者,,
2026,45040-190469,都城公共職業安定所,4504-614087-0,可,ミヤザキクミアイチキンフーズカブシキガイシャ ミヤコノジョウショクヒンコウジョウ,宮崎くみあいチキンフーズ株式会社 都城食品工場,885-1103,宮崎県都城市上水流町2832番地,万ヶ塚駅 から 車10分,代表取締役社長 大村 賢太郎,3350000000000,http://www.ja-zcf.co.jp/miyazaki/,854,312,昭和47年,"9,000万円","食料品製造業 (初生ひなの生産販売·生産農家の技術経営指導·飼
料資材の供給·食鳥の製造加工) ","全農チキンフーズ株式会社の全額出資により、年間約3,900万
羽と全国有数のブロイラー取扱規模により、お客様の食卓に安心·
安全をお届けする信頼される事業に発展しております。",正社員,"【製造工員】ブロイラー製造·加工及び
各種管理(総合職)","*製造:包丁を使用した鶏肉整形作業
鶏肉の検品作業 (包丁を持って作業·機械へお肉を投入する作業等) 
*製品:製品の出荷作業·梱包作業 (デリバリー管理·製品資材在庫管理等) 
*原料:鶏の検査·検品作業 (出来高管理·衛生管理等) 
*工務:機械設備の保守点検 (メンテナンス·固定資産管理等) 
*事務:パソコン入力作業 (勤怠管理·経費管理) 
「変更範囲:会社の定める業務」",885-1103,宮崎県都城市上水流町2832番地,万ヶ塚駅 から 車10分,5,0,0,不問,あり,可,なし,なし,195300,195300,あり,あり,10,変形労働時間制 (1年単位),その他,07:10-16:15,08:00-17:05,08:15-17:20,100,可,令和8年10月1日以降,可,随時,総務課,和田、田中,ワダ、タナカ,0986-45-3255,0986-45-3288,wada-yuu@ja-mcf.co.jp,"·全農チキンフーズグループ (全国5社) JAみやざき関連会社
【試用期間】3ヶ月 (同条件) 
【転勤の範囲】
本社 (宮崎市) 、食品工場 (都城市、川南町) 
孵化場 (宮崎市佐土原町) 、生産農場 (国富町、都城市) 
グループ会社への出向 (東京·鹿児島·岩手等) 
【昇給】2,700円〜5,500円 (人事考課による) 
◎応募前職場見学可 (事前連絡要) 
◎応募書類:手書き·パソコン作成どちらでも可 (混在可) ","【賃金月額】195,300円
【賃金手取額】162,904円 (税金等控除後) 
【賃金から控除される金額】32,396円 (税·社会保険等) 
【通 勤】マイカー通勤可、駐車場あり
【入社日】令和9年4月1日
【住宅一時金】通勤距離が片道50Km以上ある方
採用にあたり賃貸を利用する方に準備金8万円支給
【選考方法】学科試験 (SPI) 、適性検査、面接",91,72,072-02,,,宮崎県都城市,,,2920,,,,,,,,,,,,,2026年08月27日 12:12,2026年08月27日 12:12,バーコードスキャン,求人番号_45040-190469.pdf,製造・修理・塗装・製図等の職業,製品製造・加工処理工（食料品等）,食肉加工工,生産/製造に関わる,製造/加工(食料品),,,,,,0,533,食料品製造従事者,,
2026,28070-23869,伊丹公共職業安定所,2807-617522-4,可,シンエイデンセツ カブシキガイシャ,真栄電設 株式会社,664-0845,兵庫県伊丹市東有岡3丁目237,JR宝塚線 伊丹駅 から 徒歩10分,代表取締役 真下 寛,9140000000000,https://www.shin-ei-densetsu.com,9,9,昭和47年,"1,000万円","電気制御盤製造 電気工事 計装工事
電気設計·ソフト設計","創業50年になり、業績安定し、家族的な雰囲気である。
従業員の勤続年数も長く、平均15年です。",正社員,ものづくりスタッフ【機械を動かす制御盤】,"【“機械の頭脳”となる制御盤づくり】
制御盤とは様々な機械を動かすための、“電機信号”を送る装置のことです。
食品工場や製薬工場など様々な場所で使われる制御盤の製作をお任せします!
知識や資格がなくても1から丁寧な指導があります。
まずは先輩スタッフの補助作業など簡単な作業から自分のペースでレベルアッ
プを目指しましょう。
*変更範囲:会社の定める業務",664-0845,兵庫県伊丹市東有岡3丁目237,JR宝塚線 伊丹駅 から 徒歩10分,1,0,0,不問,なし,可,なし,なし,220000,220000,あり,あり,14,,日祝 その他,08:00-17:00,,,120,可,令和8年11月1日以降,可,随時,代表取締役,真下 寛,マシモ ヒロシ,080-1447-2898,072-770-8125,,"<公開求人>
\仕事の楽しさも学べる/
自分が取り付けたものが、機械を動かす“頭脳となる”。
制御盤と聞くと日常生活ではあまり馴染みがないかもしれませんが
、工場の機械を動かすための装置として日本の産業を支える仕事で
す。やりがいや仕事の楽しさも感じることができます。
\仕事もプライベートも大切に/
完全週休2日制で年間休日数120日とプライベートの時間もしっ
かり確保していただけます。
仕事もプライベートも充実させよう!","\1人暮らしのサポートも/
地方から出てこられて会社近くで1人暮らしをご希望の方はご相談
ください!
借上げサポートや家賃補助サポートなどございます (会社規定有) 
\資格取得支援制度もあります/
様々な資格を取得し、仕事の幅を広げることで給与アップなどにも
繋げていただけます。
*選考旅費:上限2万円 *赴任旅費:上限5万円",291,74,074-02,,,兵庫県伊丹市,,,2922,,,,,,,,,,,,,2026年08月27日 12:12,2026年08月27日 12:12,バーコードスキャン,求人番号_28070-23869.pdf,製造・修理・塗装・製図等の職業,機械組立工,電気機械組立工,生産/製造に関わる,組立,,,,,,0,542,電気機械器具組立従事者,,
2026,45040-275869,都城公共職業安定所,4504-3181-2,可,トーインカコウ カブシキガイシャ,トーイン加工 株式会社,885-0114,宮崎県都城市庄内町8149,谷頭駅 から 車20分,取締役社長 八代 寛史,5350000000000,,30,30,平成3年,"1,000万円","プラスチック加工業
【Z04】","東京インキ株式会社 (東証スタンダード上場) の関連会社。当社製
品は全国ネットで販売。事業拡大中。",正社員,製造,"◇プラスチック製品の製造·加工
·合成樹脂ネット「ネトロン」や合成樹脂製土木資材の製造など。
「変更の範囲:変更なし」",885-0114,宮崎県都城市庄内町8149,谷頭駅 から 車20分,3,0,0,不問,なし,可,なし,なし,182000,182000,あり,あり,5,変形労働時間制 (1年単位),土日 その他,08:00-16:30,16:00-00:30,00:00-08:30,120,可,令和8年10月1日以降,可,随時,工場長,牧野 圭太,マキノ ケイタ,0986-37-0027,0986-37-2910,,"*試用期間:3ヶ月 (労働条件変更なし) 
*就業時間: (4) 8時30分〜17時30分
*深夜割増別途支給
*応募前職場見学:事前に電話連絡下さい。
*応募書類:手書き作成のみ","*賃金手取り額:150,217円 (税金等控除後) 
*賃金から控除される欽額:31,783円 (税·社会保険等) 
*通勤手当:5,000円を全員に支給します。
*新卒者入社日:令和9年4月1日
*マイカー通勤:無料駐車場あり",189,69,069-06,,,宮崎県都城市,,,2918,,,,,,,,,,,,,2026年08月27日 12:12,2026年08月27日 12:12,バーコードスキャン,求人番号_45040-275869.pdf,製造・修理・塗装・製図等の職業,生産設備オペレーター（金属製品・食料品等を除く）,ゴム・プラスチック製品生産設備オペレーター,生産/製造に関わる,機械操作,,,,,,0,508,ゴム・プラスチック製品生産設備制御・監視員,,
2026,28070-22969,伊丹公共職業安定所,2807-617871-3,可,カブシキガイシャ シンカンケンセツ,株式会社 真堪建設,664-0842,兵庫県伊丹市森本4-212,JR伊丹駅 から 徒歩20分,代表取締役 日野 真之介,7140000000000,https://shinkanhsk.jp/,11,11,令和3年,100万円,"私たちは伊丹を中心に地域のインフラを支える道路工事の専門業者
として、駐車場の舗装工事や道路の修繕工事をはじめ、外構工事、
カラー舗装工事など、多岐にわたる施工を行っております。","現場は20代の若手が中心で、にぎやかでチームワークも抜群!体
を動かすのが好きな方や、仲間と一緒に何かを成し遂げたい方には
ぴったりです。",正社員,"スケジュール·品質管理スタッフ(施工管理
)","〜修繕工事の現場リーダーをお任せします〜
プロジェクトがスムーズに進むように、様々な業務を行います!例えば、施工
後にキズ·汚れ·不具合がないかをチェック!
○見積·工事書類の作成やデータ入力などの事務作業
○人員配置の決定、スケジュールの管理、安全管理の実施
○入社後は、現場研修や先輩のアシスタントを行いながら知識をつけていき、
国家資格の施工管理技能士を目指していきます!
【変更範囲:なし】",664-0842,兵庫県伊丹市森本4-212,JR伊丹駅 から 徒歩20分,0,0,4,不問,なし,可,あり,なし,240000,240000,あり,あり,10,,土日祝 その他,08:00-17:00,,,125,可,令和8年11月1日以降,可,随時,代表取締役,日野 真之介,ヒノ シンノスケ,080-1423-1954,072-710-4660,snk88@shinkanhsk.net,"<公開求人>
●株式会社真堪建設の強み
私たちは平均年齢が20代の、若いスタッフのみで構成されたエネ
ルギーあふれる道路工事のプロフェッショナル集団です。安全管理
やマナーにも細やかに配慮し、地域の皆様に信頼される仕事を心が
けています。
●従業員同士のコミュニケーションの場もあります!
年に1回夏に慰安旅行があります。もちろん家族も参加OKです。
また、月1回の食事会で社員同士の親睦を深めています。コミュニ
ケーションの場を増やしその後の仕事を活かせます。","●1人暮らし制度
希望者には社宅をご準備します。地元の方から地方の方までお気軽
にご相談ください!
寮費:4万円/月 (光熱費別、自己負担) 
●今後こんな会社にしていきたい
地域社会に貢献し、「任せてよかった」と思っていただける会社を
目指してまいります。一緒にかっこいい現場をつくっていきましょ
う!
※試用期間:3ヶ月 (同条件) 
※マイカー通勤:可 (無料駐車場あり) ",63,8,008-02,,,兵庫県伊丹市,,,2924,,,,,,,,,,,,,2026年08月27日 12:12,2026年08月27日 12:12,バーコードスキャン,求人番号_28070-22969.pdf,研究・技術の職業,建築・土木・測量技術者,建築施工管理技術者,建設/建築/土木に関わる,その他(建設/建築/土木に関わる),,,,,,0,91,建築技術者,,
2026,45040-173469,都城公共職業安定所,4504-614087-0,可,ミヤザキクミアイチキンフーズカブシキガイシャ ミヤコノジョウショクヒンコウジョウ,宮崎くみあいチキンフーズ株式会社 都城食品工場,885-1103,宮崎県都城市上水流町2832番地,万ヶ塚駅 から 車10分,代表取締役社長 大村 賢太郎,3350000000000,http://www.ja-zcf.co.jp/miyazaki/,854,312,昭和47年,"9,000万円","食料品製造業 (初生ひなの生産販売·生産農家の技術経営指導·飼
料資材の供給·食鳥の製造加工) ","全農チキンフーズ株式会社の全額出資により、年間約3,900万
羽と全国有数のブロイラー取扱規模により、お客様の食卓に安心·
安全をお届けする信頼される事業に発展しております。",正社員,"【製造工員】ブロイラー製造·加工
(現業職)","*製造:包丁を使用した鶏肉整形作業·残骨処理作業
*製品:製品出荷·梱包作業
*原料:脱毛·中抜き作業
*工務:製造機械類のメンテナンス等
「変更範囲:変更なし」",885-1103,宮崎県都城市上水流町2832番地,万ヶ塚駅 から 車10分,5,0,0,不問,なし,可,なし,なし,190000,190000,あり,あり,10,変形労働時間制 (1年単位),日 その他,07:10-16:15,08:00-17:05,08:15-17:20,100,可,令和8年10月1日以降,可,随時,総務課,和田、田中,ワダ、タナカ,0986-45-3255,0986-45-3288,wada-yuu@ja-mcf.co.jp,"·全農チキンフーズグループ (全国5社) JAみやざき関連会
【試用期間】3ヶ月 (同条件) 
◎応募前職場見学可 (事前連絡要) 
◎応募書類:手書き·パソコン作成どちらでも可 (混在可) 
◎通勤手当:日額110〜2,280円
その他通勤に関しても支給規定あり
◎応募書類:手書き、パソコン作成どちらも可 (混在可) ","【賃金月額】190,000円
【賃金の手取額】159,186円 (税金等控除後) 
【賃金から控除される金額】30,814円 (税·社会保険等) 
【通 勤】マイカー通勤可 (駐車場あり) 
【勤続手当】勤続年数3年以上から1000円/月〜
【家族手当】配偶者:12,000円/月
子 (1人につき) :4,000円/月
その他の扶養者 :2,500円/月
【選考方法】面接
【入社日】令和9年4月1日",91,72,072-02,,,宮崎県都城市,,,2919,,,,,,,,,,,,,2026年08月27日 12:12,2026年08月27日 12:12,バーコードスキャン,求人番号_45040-173469.pdf,製造・修理・塗装・製図等の職業,製品製造・加工処理工（食料品等）,食肉加工工,生産/製造に関わる,製造/加工(食料品),,,,,,0,533,食料品製造従事者,,
2026,13030-529469,上野公共職業安定所,1303-619191-6,可,カブシキガイシャ モグ,株式会社 MOG,111-0036,東京都台東区松が谷1-4-7-801 ヒル·イーストSS,東京メトロ銀座線 稲荷町駅 から 徒歩5分,代表取締役 小林 要一朗,5010500000000,https://arwrk.net/recruit/mog,43,43,平成25年,300万円,"全国の生産者と契約し、野菜や果物の販売をおこなう農業ベンチャ
ー企業です。現在では、契約販売·産地開発など幅広く事業を展開
、今後は加工事業や消費者向け事業、貿易事業にも挑戦予定です!","創業から毎期連続増収の成長企業。30代の若手社長と風通しの良
い環境のもと、青果物の流通分野において培ってきたノウハウと実
績を基に、国内外での新たな価値を創造します。",正社員,"野菜倉庫の管理マネージャー
(倉庫作業、在庫やシフト管理、教育など)","★MOGが作る野菜のストーリー★
野菜は畑を耕すところから始まり、最後は人の口に入ります。
その生産から食卓までの物語を創るのが、MOGの仕事です。
具体的には、
·全国から集まった野菜を小分けにパッキング
·全体の商品管理、入庫管理、働くメンバーのマネージメントまで
#高卒先輩社員活躍 #働く仲間を大事にしたい
*変更の範囲:会社が定める業務",136-0082,"東京都江東区新木場3-8-22
新木場事業所",JR京葉線他 新木場駅からバス乗換 東京へリポート前駅 から 徒歩2分,1,0,0,不問,なし,不可,なし,なし,201207,232000,あり,あり,10,変形労働時間制 (1ヶ月単位),その他,08:00-17:00,08:30-17:30,09:00-18:00,120,可,令和8年10月1日以降,可,随時,業務管理部,採用担当者,,03-6457-0639,,,"◆当社は20代·30代が中心と業界の中でも若く活気があり、
高校のクラスのメンバーがそのまま大人になったような、
アットホームな会社です!
◆入社後はビジネスマナー研修、先輩とマンツーマン研修から始め
一つ一つの仕事を覚えていただきます
【会社見学】
※随時受付中!お気軽にご相談ください。
※遠方の場合、リモート見学も受付しておりますのでご相談くだ
さい。","◆昇給については成績、勤務態度に応じて決定します
◆通学:時間、費用は内容によって応相談 (業務に資する物等) 
◆面接:1回",522,97,097-01,39,039-02,東京都江東区,,,2916,,,,,,,,,,,,,2026年08月27日 08:34,2026年08月27日 08:34,バーコードスキャン,求人番号_13030-529469.pdf,運搬・清掃・包装・選別等の職業,包装作業員,製品包装作業員,運輸/物流に関わる,倉庫/作業,事務的職業,生産関連事務の職業,出荷・受荷係事務員,事務に関わる,生産事務,0,721,包装従事者,272,出荷・受荷事務員
2026,13030-528569,上野公共職業安定所,1303-619191-6,可,カブシキガイシャ モグ,株式会社 MOG,111-0036,東京都台東区松が谷1-4-7-801 ヒル·イーストSS,東京メトロ銀座線 稲荷町駅 から 徒歩5分,代表取締役 小林 要一朗,5010500000000,https://arwrk.net/recruit/mog,43,43,平成25年,300万円,"全国の生産者と契約し、野菜や果物の販売をおこなう農業ベンチャ
ー企業です。現在では、契約販売·産地開発など幅広く事業を展開
、今後は加工事業や消費者向け事業、貿易事業にも挑戦予定です!","創業から毎期連続増収の成長企業。30代の若手社長と風通しの良
い環境のもと、青果物の流通分野において培ってきたノウハウと実
績を基に、国内外での新たな価値を創造します。",正社員,"野菜のコンサルティング営業
レアな野菜の企画コンサルティングなど","★MOGが作る野菜のストーリー★
野菜は畑を耕すところから始まり、最後は人の口に入ります。
その生産から食卓までの物語を創るのが、MOGの仕事です。
具体的には、食品加工メーカーや飲食店のシェフから「こんな野菜あんな果物
を仕入れたい!」といった要望を集め、全国の農家をまわり、要望に合う青果
物を見つけてくる仕事です。
#高卒先輩社員活躍 #入社後は先輩との同行からスタート
*変更の範囲:会社が定める業務",136-0082,"東京都江東区新木場3-8-22-301
新木場事業所",JR京葉線他 新木場駅からバス乗換 東京へリポート前駅 から 徒歩2分,1,0,0,不問,なし,不可,なし,なし,201207,232000,あり,あり,10,変形労働時間制 (1ヶ月単位),土日祝 その他,08:00-17:00,09:00-18:00,,120,可,令和8年10月1日以降,可,随時,業務管理部,採用担当者,,03-6457-0639,,,"◆当社は20代·30代が中心と業界の中でも若く活気があり、
高校のクラスのメンバーがそのまま大人になったような、
アットホームな会社です!
◆入社後はビジネスマナー研修、先輩とマンツーマン研修から始め
一つ一つの仕事を覚えていただきます
【会社見学】
※随時受付中!お気軽にご相談ください。
※遠方の場合、リモート見学も受付しておりますのでご相談くだ
さい。","◆昇給については成績、勤務態度に応じて決定します
◆通学:時間、費用は内容によって応相談 (業務に資する物等) 
◆面接:1回",522,64,064-99,48,048-01,東京都江東区,,,2917,,,,,,,,,,,,,2026年08月27日 08:34,2026年08月27日 08:34,バーコードスキャン,求人番号_13030-528569.pdf,農林漁業の職業,農業の職業（養畜・動物飼育・植木・造園を含む）,その他の農業の職業,農林水産業に関わる,農業,販売・営業の職業,営業の職業,飲食料品営業員,営業に関わる,営業,0,469,その他の農業従事者,341,食料品営業職業従事者
2026,46030-79869,鹿屋公共職業安定所,4603-1826-2,可,カブシキガイシャセトヤマグミ,株式会社瀬戸山組,893-2601,鹿児島県肝属郡南大隅町佐多伊座敷3316,,代表取締役 福谷 正隆,3340000000000,,35,4,昭和8年,"2,000万円",総合建設業,"創業以来順調に業績を伸ばし、職員一同安全第一に心掛け業務に精
一杯頑張っています。",正社員,一般事務·建設ディレクター,"【一般事務】
○請求書·見積書·契約書類などの作成
○来客·電話対応
○労務管理
○現場監督のサポート業務
【建設ディレクター】
○現場の書類作成
○測量の補助
○変更の範囲:変更なし",893-0064,鹿児島県鹿屋市西原1丁目12-27,,2,0,0,"あれば尚可
○普通自動車運転免許 (AT限定可) 
※入社後の取得可",なし,可,なし,なし,220000,220000,あり,あり,5,,日 その他,08:00-17:00,,,104,可,令和8年10月1日以降,可,随時,代表取締役,福谷 正隆,フクタニ セイリュウ,0994-26-0545,0994-26-0546,setoyamagumi@helen.ocn.ne.jp,"○応募前見学可能です。見学希望の際はお問い合わせ下さい。
○面接は、鹿屋営業所または本社にて行います。どちらでも選択し
てください。
○一般事務は本社と営業所での勤務となります。
○建設ディレクターは主に稼働している現場と営業所での勤務とな
ります。
○履歴書:手書き、パソコン作成どちらも可
○選考旅費、赴任旅費については、交通費及び宿泊費は全額負担し
ます。","○各資格取得について、全面的にバックアップします。
◆令和8年6月19日「公正な採用選考のために」にて説明済み",61,34,034-01,39,039-01,鹿児島県鹿屋市,,,2915,,,,,,,,,,,,,2026年08月24日 15:01,2026年08月24日 15:01,バーコードスキャン,求人番号_46030-79869.pdf,事務的職業,一般事務・秘書・受付の職業,一般事務員,事務に関わる,一般事務,事務的職業,生産関連事務の職業,生産現場事務員,事務に関わる,生産事務,1,257,総合事務員,271,生産現場事務員
2026,40120-203169,福岡東公共職業安定所,4012-909-0,可,イッパンザイダンホウジン キュウカムラ キョウカイ キュウカムラ シカノシマ,一般財団法人 休暇村協会 休暇村志賀島,811-0325,福岡県福岡市東区大字勝馬1803-1,,総支配人 矢津田 則幸,2010510000000,http://www.qkamura.or.jp/shikano,2143,53,昭和36年,,リゾートホテル「休暇村」の運営,"国定公園に囲まれたリゾートホテル。玄界灘に沈む夕日は美しく海
水浴場やプール、星座観察会、海鮮ビュッフェを楽しむことができ
ます。",正社員,料理スタッフ,"お客様に提供する料理の調理業務を行います。休暇村志賀島では、朝食と夕食
はビュッフェスタイル、昼食は定食メニューをご用意します。夕食は、旬の素
材や地元の食材を使用した海鮮を中心としたメニューが並びます。また、ライ
ブキッチンでは、お客様の前で出来立ての料理を提供します。
将来は、料理の企画などにも携わり、地元の生産者や納入業者との協業を行い
ます。
※変更の範囲:変更なし",811-0325,福岡県福岡市東区大字勝馬1803-1,,0,0,2,不問,なし,可,あり,なし,180000,180000,あり,あり,20,変形労働時間制 (1ヶ月単位),その他,06:00-15:00,08:00-17:00,,110,可,令和8年11月1日以降,可,随時,管理課 支配人,堀 琢磨,ホリ タクマ,092-603-6631,092-603-6634,shikano@qkamura.or.jp,"休暇村は国立·国定公園等の豊かな自然環境の中でのみ展開する唯
一のリゾートホテルグループです。全国35か所一括経営と50万
人超の顧客組織により安定した経営を行っています。
宿泊だけでなく、その地域ならではの自然や文化、産業などの魅力
を活用したオリジナルツアーの体験プログラムも行っています。
従業員寮 (使用料月額5,500円/無料WiーFiあり) や従業
員食堂も完備していますので、初めての一人暮らしでも心配ありま
せん。リフレッシュ休暇制度、永年勤続休暇、退職年金制度、従業
員及び家族の宿泊利用割引制度など福利厚生制度も充実しています
。","·昇給4.7%は定期昇給対象者の平均値。
※ベースアップを含む昇給は2年目以降、年1回実施します。
昇給額は1か月あたり1, 000円〜20,000円 (役職者
含む) で人事考課により決定します。
·職場見学も可能です。館内をはじめ、バックヤード、従業員寮な
ど通常ではご覧になれないホテルの裏側をご案内します。※要予約
★2027年3月従業員寮リニューアル完成予定。
*控除額目安 : 29,296円 (税金+社会保険料) 
手取額目安 :150,704円",751,55,055-01,,,福岡県福岡市東区,,,2914,,,,,,,,,,,,,2026年08月24日 12:41,2026年08月24日 12:41,バーコードスキャン,求人番号_40120-203169.pdf,サービスの職業,飲食物調理の職業,日本料理調理人,接客/サービスに関わる,飲食,,,,,,0,391,調理人,,
2026,40120-204669,福岡東公共職業安定所,4012-909-0,可,イッパンザイダンホウジン キュウカムラ キョウカイ キュウカムラ シカノシマ,一般財団法人 休暇村協会 休暇村志賀島,811-0325,福岡県福岡市東区大字勝馬1803-1,,総支配人 矢津田 則幸,2010510000000,http://www.qkamura.or.jp/shikano,2143,53,昭和36年,,リゾートホテル「休暇村」の運営,"国定公園に囲まれたリゾートホテル。玄界灘に沈む夕日は美しく海
水浴場やプール、星座観察会、海鮮ビュッフェを楽しむことができ
ます。",正社員,施設メンテナンススタッフ,"施設·設備の日常メンテナンスや法定点検、園地の整備·清掃業務を行います
。ホテルの財産である施設や国立·国定公園等の園地を管理し、おもてなしの
基本を支える重要な仕事です。
日常業務では、機械操作·点検にかかる知識を、園地管理では使用する機械類
の扱いを習得していただきます。また、屋外施設のプールや浜売店などの管理
·運営にも携わります。
将来は、日常業務に加え、協力会社との打ち合わせなどを行い、新たな管理計
画や施設維持管理計画の作成など、業務の幅を広げていきます。
※変更の範囲:変更なし",811-0325,福岡県福岡市東区大字勝馬1803-1,,0,0,1,不問,なし,可,あり,なし,180000,180000,あり,あり,20,変形労働時間制 (1ヶ月単位),その他,07:00-16:00,08:00-17:00,,110,可,令和8年11月1日以降,可,随時,管理課 支配人,堀 琢磨,ホリ タクマ,092-603-6631,092-603-6634,shikano@qkamura.or.jp,"休暇村は国立·国定公園等の豊かな自然環境の中でのみ展開する唯
一のリゾートホテルグループです。全国35か所一括経営と50万
人超の顧客組織により安定した経営を行っています。
宿泊だけでなく、その地域ならではの自然や文化、産業などの魅力
を活用したオリジナルツアーの体験プログラムも行っています。
従業員寮 (使用料月額5,500円/無料WiーFiあり) や従業
員食堂も完備していますので、初めての一人暮らしでも心配ありま
せん。リフレッシュ休暇制度、永年勤続休暇、退職年金制度、従業
員及び家族の宿泊利用割引制度など福利厚生制度も充実しています
。","·昇給4.7%は定期昇給対象者の平均値。
※ベースアップを含む昇給は2年目以降、年1回実施します。
昇給額は1か月あたり1, 000円〜20,000円 (役職者
含む) で人事考課により決定します。
·職場見学も可能です。館内をはじめ、バックヤード、従業員寮な
ど通常ではご覧になれないホテルの裏側をご案内します。※要予約
★2027年3月従業員寮リニューアル完成予定。
*控除額目安 : 29,296円 (税金+社会保険料) 
手取額目安 :150,704円",751,57,057-03,,,福岡県福岡市東区,,,2913,,,,,,,,,,,,,2026年08月24日 12:41,2026年08月24日 12:41,バーコードスキャン,求人番号_40120-204669.pdf,サービスの職業,居住施設・ビル等の管理の職業,ビル管理人,接客/サービスに関わる,建物管理,,,,,,0,413,ビル管理人,,
2026,40120-185369,福岡東公共職業安定所,4012-909-0,可,イッパンザイダンホウジン キュウカムラ キョウカイ キュウカムラ シカノシマ,一般財団法人 休暇村協会 休暇村志賀島,811-0325,福岡県福岡市東区大字勝馬1803-1,,総支配人 矢津田 則幸,2010510000000,http://www.qkamura.or.jp/shikano,2143,53,昭和36年,,リゾートホテル「休暇村」の運営,"国定公園に囲まれたリゾートホテル。玄界灘に沈む夕日は美しく海
水浴場やプール、星座観察会、海鮮ビュッフェを楽しむことができ
ます。",正社員,ホテルスタッフ,"フロントでは、チェックイン、チェックアウト、予約管理業務、電話対応、メ
ール対応等を行います。また、豊かな自然環境の中で、星座観察会などの体験
プログラムも担当します。
レストランでは、ビュッフェなどの食事サービスを担当し、食事や飲み物の提
供だけでなく、オープン前の準備やクローズ後の片付け、商品の注文等を行い
ます。
また、フロントとレストラン双方で経験を積んだあと、ツアーの添乗や宿泊プ
ランの作成など業務の幅を広げていきます。
※変更の範囲:変更なし",811-0325,福岡県福岡市東区大字勝馬1803-1,,0,0,5,不問,なし,可,あり,なし,180000,180000,あり,あり,20,変形労働時間制 (1ヶ月単位),その他,07:00-16:00,12:00-21:00,09:00-18:00,110,可,令和8年11月1日以降,可,随時,管理課 支配人,堀 琢磨,ホリ タクマ,092-603-6631,092-603-6634,shikano@qkamura.or.jp,"休暇村は国立·国定公園等の豊かな自然環境の中でのみ展開する唯
一のリゾートホテルグループです。全国35か所一括経営と50万
人超の顧客組織により安定した経営を行っています。
宿泊だけでなく、その地域ならではの自然や文化、産業などの魅力
を活用したオリジナルツアーの体験プログラムも行っています。
従業員寮 (使用料月額5,500円/無料WiーFiあり) や従業
員食堂も完備していますので、初めての一人暮らしでも心配ありま
せん。リフレッシュ休暇制度、永年勤続休暇、退職年金制度、従業
員及び家族の宿泊利用割引制度など福利厚生制度も充実しています
。","·昇給4.7%は定期昇給対象者の平均値。
※ベースアップを含む昇給は2年目以降、年1回実施します。
昇給額は1か月あたり1, 000円〜20,000円 (役職者
含む) で人事考課により決定します。
·職場見学も可能です。館内をはじめ、バックヤード、従業員寮な
ど通常ではご覧になれないホテルの裏側をご案内します。※要予約
★2027年3月従業員寮リニューアル完成予定。
*控除額目安 : 29,296円 (税金+社会保険料) 
手取額目安 :150,704円",751,56,056-04,56,056-05,福岡県福岡市東区,,,2912,,,,,,,,,,,,,2026年08月24日 12:41,2026年08月24日 12:41,バーコードスキャン,求人番号_40120-185369.pdf,サービスの職業,接客・給仕の職業,旅館・ホテルフロント係,接客/サービスに関わる,接客,サービスの職業,接客・給仕の職業,旅館・ホテル接客係,接客/サービスに関わる,接客,0,404,身の回り世話従事者,404,身の回り世話従事者
2026,46080-131969,大隅公共職業安定所,4608-15732-5,可,シャカイフクシホウジン サンポウカイ (カイセイエン) ,社会福祉法人 三峰会 (回生園) ,899-7301,鹿児島県曽於郡大崎町菱田3063番地,,理事長 川口 尚美,7340010000000,http://www.kaiseien-sanpokai.jp/,52,52,昭和49年,,"特別養護老人ホーム·ショートスティ·ディサービスセンター·
グループホーム·居宅介護支援事業所",老人介護,正社員,介護職員,"介護老人福祉施設における介護業務全般
·利用者の食事介助、更衣介助、入浴介助、排泄介助等
·利用者の生活の援助
·その他、付随する業務
【業務の変更範囲:変更無し】",899-7301,鹿児島県曽於郡大崎町菱田3063番地,,5,0,0,不問,あり,可,,,199700,199700,あり,あり,2,変形労働時間制 (1ヶ月単位),その他,07:00-16:00,09:00-18:00,10:00-19:00,107,可,令和8年10月1日以降,可,随時,社会福祉法人 三峰会 常務理事,川口 将太,カワグチ ショウタ,099-477-0372,099-477-1676,,"○就業時間 (4) 16:00〜9:00 (16時間) 
月に4〜5回程度夜勤があります
夜勤手当:5,000円/回
○敷地内別施設への転勤の可能性があります。
○受付方法:郵送、電話
○履歴書:手書き、パソコン作成どちらでも可","○資格手当:介護福祉士
○賞与·昇給:昨年度は新規学卒者の採用がなかったため実績なし
ですが会社規定により支給あり。
○諸手当について
·住宅手当:会社規程により支給あり (上限27,000円) 
○既卒者·中退者の応募にはハローワークの紹介状が必要です",854,50,050-01,,,鹿児島県曽於郡大崎町,,,2911,,,,,,,,,,,,,2026年08月24日 12:41,2026年08月24日 12:41,バーコードスキャン,求人番号_46080-131969.pdf,福祉・介護の職業,施設介護の職業,高齢者入所型施設介護員,医療/福祉に関わる,介護,,,,,,0,361,介護職員（医療・福祉施設等）,,
2026,14040-526269,川崎公共職業安定所,1404-2869-5,可,ニホンコウギョウケンサカブシキガイシャ,日本工業検査株式会社,210-0001,神奈川県川崎市川崎区本町1丁目5-16,JR線 川崎駅 から 徒歩10分,代表取締役 小野 晃彦,3020000000000,https://www.nikkoken.com,496,122,昭和38年,"9,000万円","1非破壊検査…石油化学プラント、発電所等
2計測…橋、鉄道、パイプライン等
3調査診断…ビル、大規模商業施設等","当社は社会インフラや様々な構造物について専門の機械を使用し、
内部や表面の欠陥がないか検査をする会社である。
社会が安心して暮らせるように支える社会貢献できる仕事である。",正社員,非破壊検査業(技術サービス業),"石油化学工場、発電設備、ビルや橋などインフラ構造物の
非破壊検査·計測·調査診断
変更範囲:変更なし",210-0854,"神奈川県川崎市川崎区浅野町1-4
日本工業検査 (株) 浅野事務所",JR線 川崎駅 から 車10分,0,0,3,"あれば尚可
普通自動車運転免許 (AT限定可) 
※誕生日の都合で入社日までに取得できない場合は事前にご相談く
ださい。",なし,不可,あり,なし,210400,222000,あり,あり,28,,日祝 その他,08:30-17:30,,,120,可,令和8年10月1日以降,可,随時,管理本部 人事総務部,山下 未来,ヤマシタ ミク,044-366-6000,044-246-2840,jit-saiyou39@nikkoken.com,"·入社支度金あり (入社時10万円支給) 
·独身寮あり (寮費1万円/月) 
ただし、入居条件あり
·各種免許資格について会社負担で取得が可能
資格取得への充実した研修制度あり
·新入社員研修にて山九グループ研修に参加 (北九州で開催) 
·業績連動賞与制度 (夏季·冬季賞与とは別で支給) 
·東証プライム上場企業の山九 (株) グループ企業","·住宅手当あり (11,600円/月) 
·免許手当あり (毎月800〜8,000円/1免許) 
·マイスター (高度な検査技術) 手当あり。
 (10,000円/月〜50,000円/月) 
·家族手当あり
 (配偶者10,000円/月) 
 (中学生までの子5,000円/月
高校生以上の子2,500円/月) 
·応募書類は、手書き·ワープロどちらも可。",749,76,076-02,91,091-99,神奈川県川崎市川崎区,,,2910,,,,,,,,,,,,,2026年08月24日 08:12,2026年08月24日 08:12,バーコードスキャン,求人番号_14040-526269.pdf,製造・修理・塗装・製図等の職業,製品検査工（金属製品）,金属加工・溶接検査工,生産/製造に関わる,製品検査(金属),建設・土木・電気工事の職業,建設の職業（建設躯体工事の職業を除く）,その他の建設の職業,建設/建築/土木に関わる,建築,0,562,金属加工・溶接・溶断検査従事者,669,その他の建設従事者
2026,46010-687869,鹿児島公共職業安定所,4601-101336-2,可,ホシザキナンキュウ カブシキガイシャ,ホシザキ南九 株式会社,890-0056,鹿児島県鹿児島市下荒田4丁目41-11,(鹿児島体育館前バス停から徒歩3分),代表取締役 五嶋 寿,1340000000000,http://www.hoshizaki.co.jp/h14/,432,126,昭和58年,1億円,"業務用厨房機器、国内シェアTOPクラスのホシザキグループの南
九州エリアでお客様のニーズに答えられる営業活動、アフターメン
テナンスで食文化を支えています。","ペンギンマークでお馴染み、世界のブランド「ホシザキ」の販売会
社。プラチナくるみんの認定企業でワークライフバランスを推奨し
働きやすい職場環境づくりに注力しています。",正社員,技術サービス,"○業務用厨房機器のメンテナンス (修理) 主体
○機器点検業務
○保守促進
○アフターフォロー等
*業務用冷凍冷蔵庫や製氷機等、店舗施設内にある機器の修理作業を
メインに、機械の保守契約促進、保守点検他、集金、デスクワーク等
あります。
《変更範囲:なし》",890-0056,鹿児島県鹿児島市下荒田4丁目41-11,(鹿児島体育館前バス停から徒歩3分),0,0,8,"必須
*普通自動車第一種免許 (AT限定可) 入社後取得可
*電気系もしくは機械系の科目を履修していること",あり,可,なし,なし,189000,248564,あり,あり,20,,日 その他,09:00-17:50,,,122,不可,,可,補足事項欄参照,管理部 総務人事課,山口、中野,ヤマグチ、ナカノ,099-813-0007,099-813-0377,yamaguchi-kei@hoshizaki.co.jp,"○応募前職場見学:希望される場合は事前にご連絡ください。
○試用期間:3ヶ月 (労働条件:特別手当·固定残業代なし) 
○宿舎について
配属後通勤が厳しいと認められる場合、営業所近隣の不動産
 (アパート、マンション等) を寮として借上げ、現行給与で
15,000円/月を寮費として徴収しています。
○有給休暇:入社日に14日間付与
○履歴書:手書き·パソコン作成どちらも可","○入社時の就業場所:本社 (鹿児島市内) での研修を予定。
○当初の配属先はご自宅から通える範囲で応相談。
鹿児島·熊本·宮崎·大分の4県で県庁所在地のある市内の
本社または支店クラスの事業所です。
○約3年後以降の配属の予定される営業所
鹿児島、鹿児島南、鹿屋、奄美、出水、川内、南薩、霧島、種子
屋久、宮崎、延岡、都城、日南、熊本、熊本北、玉名、阿蘇、
八代、人吉、天草、大分、佐伯、別府、湯布院 の中の1拠点
※3年後の異動については、赴任旅費等あり
○所定労働時間:158.6時間/月",559,94,094-05,,,鹿児島県鹿児島市,,,2909,,,,,,,,,,,,,2026年08月24日 08:12,2026年08月24日 08:12,バーコードスキャン,求人番号_46010-687869.pdf,建設・土木・電気工事の職業,電気・通信工事の職業,電気工事作業員,建設/建築/土木に関わる,電気工事,,,,,,0,679,その他の電気工事従事者,,
2026,44010-576269,大分公共職業安定所,4401-13544-7,可,ハマダジュウコウ カブシキガイシャ オオイタシテン,濱田重工 株式会社 大分支店,870-0902,大分県大分市西ノ洲一番地,JR日豊本線 高城駅 から 徒歩30分,執行役員支店長 安波 利明,1290800000000,http://www.hamada-hi.com,1757,144,明治31年,1億円,"日本製鉄株式会社九州製鉄所大分地区の関連企業として、高炉工場
、製銑原料工場の関連附帯作業を行っています。また社内設備及び
所内設備のメンテナンスなど幅広い事業を行っています。","128周年を迎えた歴史ある会社で、日本製鉄 (株) パートナー企
業として製鉄プロセスに関わる付帯作業に従事。世界最大級の高炉
での水砕製造作業、自社設備メンテナンス等職種も多彩です。",正社員,技術職(三交代勤務),"日本製鉄 (株) 九州製鉄所大分地区において上工程と呼ばれる原料·コークス
·高炉等の製銑工程を中心に、日本製鉄 (株) のパートナー企業として重要な
工程を担当させて頂いております。主な仕事内容は以下の通りです。
1.設備のメンテナンス業務
2.遠隔操作によるオペレーター業務
3.車両系建設機械運転等
*仕事内容の変更範囲:なし *週40時間超過分は残業代として支給
*転勤は「原則な無し」としていますが、天災や事業環境の急激な変化等に
より従業員の雇用確保の観点から、転勤を行う可能性があります。",870-0902,大分県大分市西ノ洲一番地,JR日豊本線 高城駅 から 徒歩30分,5,0,0,不問,なし,可,あり,あり,210980,228980,あり,あり,20,交替制 (シフト制),その他,07:00-15:00,15:00-23:00,23:00-07:00,100,不可,,可,随時,管理グループ マネジャー,後藤 久美子,ゴトウ クミコ,097-558-1035,097-551-8818,k-goto@hamada-hi.com,"〇創業128年の安定した企業です。〇年休取得率90%超!
〇仕事に必要な資格や免許の費用は全額会社負担!
〇一人ひとりがやりがいを持って働けるよう、基礎から学べ
る教育·階層別研修制度があり、安心してスタートできます。
〇女性も活躍できる職場です。
〇無資格でも、入社後2ヶ月で基本的な資格を取得できます。
〇資格取得制度:働きながら国家資格取得可。免許手当支給有り。
〇職場に応じて、環境·特殊作業手当の支給有り。
〇福岡ソフトバンクホークス、千葉ロッテマリーンズのオフィ
シャルスポンサーです。","○応募前職場見学および選考時の交通費は往復支給します。
応募前職場見学時に詳しい業務内容をご説明致します。見学
希望日の3日前までに学校よりご相談ください。
 (応募前職場見学への参加の有無は採否には影響ありません) 
○遠方の採用者は社宅を寮扱いで入居可。家賃月額1万円程度で食
堂がない代わりに別途食事代補助を月額1万円支給 (実質無料) 
駐車代も2台目まで無料。借上げ社宅も可能です。
〇退職金制度あり:勤続3年以上。
〇賃金からの控除額36,826円、手取額192,154円
〇履歴書:手書き作成、PC作成どちらも可。",229,67,067-01,,,大分県大分市,,,2908,,,,,,,,,,,,,2026年08月24日 08:12,2026年08月24日 08:12,バーコードスキャン,求人番号_44010-576269.pdf,製造・修理・塗装・製図等の職業,生産設備オペレーター（金属製品）,製銑・製鋼・非鉄金属製錬設備オペレーター,生産/製造に関わる,機械操作,,,,,,0,491,製銑・製鋼・非鉄金属製錬設備制御・監視員,,
2026,44010-517269,大分公共職業安定所,4401-13544-7,可,ハマダジュウコウ カブシキガイシャ オオイタシテン,濱田重工 株式会社 大分支店,870-0902,大分県大分市西ノ洲一番地,JR日豊本線 高城駅 から 徒歩30分,執行役員支店長 安波 利明,1290800000000,http://www.hamada-hi.com,1757,144,明治31年,1億円,"日本製鉄株式会社九州製鉄所大分地区の関連企業として、高炉工場
、製銑原料工場の関連附帯作業を行っています。また社内設備及び
所内設備のメンテナンスなど幅広い事業を行っています。","128周年を迎えた歴史ある会社で、日本製鉄 (株) パートナー企
業として製鉄プロセスに関わる付帯作業に従事。世界最大級の高炉
での水砕製造作業、自社設備メンテナンス等職種も多彩です。",正社員,技術職(常昼),"日本製鉄 (株) 九州製鉄所大分地区において上工程と呼ばれる原料·コークス
·高炉等の製銑工程を中心に、日本製鉄 (株) のパートナー企業として重要な
工程を担当させていただいております。主な仕事内容は以下の通りです。
1.設備のメンテナンス業務
2.設備の新規据付·更新工事
3.環境整備作業 (重機を使用した環境整備等)  *変更範囲:なし
*週40時間超過分は残業代として支給
*転勤:「原則無し」としていますが、天災や事業環境の急激な変化等により
従業員の雇用確保の観点から、転勤を行う可能性があります。",870-0902,大分県大分市西ノ洲一番地,JR日豊本線 高城駅 から 徒歩30分,5,0,0,不問,なし,可,あり,あり,210980,213980,あり,あり,20,,その他,08:25-17:00,,,120,不可,,可,随時,大分支店 管理グループ マネジャー,後藤 久美子,ゴトウ クミコ,097-558-1035,097-551-8818,k-goto@hamada-hi.com,"○創業128周年の安定した企業です。〇年休取得率90%超!
○福岡ソフトバンクホークス、千葉ロッテマリーンズのオフィシ
ャルサポンサーです。
○仕事に必要な資格や免許の講習料や受講料は全額会社負担!
○一人ひとりがやりがいを持って働けるように、基礎から学べ
る教育·階層別研修制度があり、安心してスタートできます。
○女性も活躍できる職場です。
〇無資格でも、入社後2ヶ月で基本的な免許を取得できます。
〇資格取得制度:働きながら国家資格取得可。免許手当支給有り。
〇職場に応じて、環境·特殊作業手当の支給有り。","○遠方の採用者は社宅を寮扱いで入居可。家賃月額1万円程度で食
堂が無い代わりに別途食事代補助1万円を支給 (実質無料) 
駐車場も2台目まで無料。借上げ社宅も可能です。
○退職金制度あり:勤続3年以上。
○応募前職場見学および選考時の交通費は往復支給します。
応募前職場見学時に詳しい業務内容をご説明致します。見学
希望日の3日前までに学校よりご相談ください。
 (応募前職場見学への参加の有無は採否には影響ありません) 
〇賃金からの削除額36,455円、手取り額177,525円。
○履歴書:手書き作成·PC作成どちらも可",229,71,071-01,67,067-01,大分県大分市,,,2907,,,,,,,,,,,,,2026年08月24日 08:12,2026年08月24日 08:12,バーコードスキャン,求人番号_44010-517269.pdf,製造・修理・塗装・製図等の職業,製品製造・加工処理工（金属製品）,製銑工、製鋼工、非鉄金属製錬工,生産/製造に関わる,製造/加工(金属),製造・修理・塗装・製図等の職業,生産設備オペレーター（金属製品）,製銑・製鋼・非鉄金属製錬設備オペレーター,生産/製造に関わる,機械操作,0,521,製銑・製鋼・非鉄金属製錬従事者,491,製銑・製鋼・非鉄金属製錬設備制御・監視員
2026,24010-580469,四日市公共職業安定所,2401-615739-0,可,カブシキガイシャジェイエムエンジニアリングサービス,株式会社JMエンジニアリングサービス,510-1311,三重県三重郡菰野町永井3098番22,近鉄湯の山線菰野駅 から 車15分,代表取締役 福良 忠雄,2190000000000,https://jmes.jp/,538,179,平成26年,"3億1,000万円","半導体製造装置向けの保守、メンテナンス、クリーンルームの環境
管理など半導体製造工程をサポートする技術サービスをご提供しま
す。","半導体、液晶ディスプレイ工場のインフラ設備の技術サービスを提
供するジャパンマテリアル株式会社 (東証プライム上場) の100
%子会社です。製造現場内でのサービスを展開します。",正社員,(請)半導体製造装置メンテナンス,"大手半導体工場でIC、メモリーを製造する装置の定期メンテナンスを
行います。
日本最大の半導体メーカーの加工工程を支えているお仕事です。
半導体メーカー出身のプロの技術者による、最先端の精密製品や製造機器の
メンテナンス技術·知識を一からじっくりと覚えていただける環境が
整っています。
·仕事内容の変更の範囲:会社の定める業務",512-0906,三重県四日市市山之一色町800,三交バスキオクシア四日市バス停駅 から 徒歩1分,0,0,3,"必須
普通自動車免許 (AT限定可) 
※入社までに必ず自動車運転免許が取得できること。",あり,可,あり,あり,212000,235000,あり,あり,14,変形労働時間制 (1ヶ月単位),その他,07:00-17:50,19:00-05:50,,150,不可,,可,随時,総務管理部 部長,川瀬 一将,カワセ カズマサ,059-329-5000,059-325-6266,jmes_jinji@j-material.jp,"·当社は、ジャパンマテリアル株式会社 (東証プライム上場) の
100%出資のグループ会社です。
·初期教育体制や先輩社員のサポートが充実しており、
多くの新卒者や未経験者をエンジニアとして育成しています。
じっくり教えますので、遠慮せず何でも聞いてくれる人、
新しいことにチャレンジ出来る人をお待ちしております。
·応募前職場見学、面接時の交通費を支給します。
 (学校の先生と相談の上、当社規定により支給) ","·通勤困難 (片道距離40km以上) の場合、社宅利用可能です。
·入社後1週間はマナー教育や社内規則、事業内容を学び、
そこから約2ヶ月使って半導体初期教育を行います。
·賞与は初回 (7月) は3万円、冬 (12月) は2ヶ月分を想定
·「昇給」は令和7年度のベースアップ分を含みます
·赴任旅費は当社規定により支給
·適性検査·学科試験 (SPI3-H) と面接内容を重視しての
選考",959,75,075-01,,,三重県四日市市,,,2897,,,,,,,,,,,,,2026年08月20日 13:12,2026年08月20日 13:12,バーコードスキャン,求人番号_24010-580469.pdf,製造・修理・塗装・製図等の職業,機械整備・修理工,はん用・生産用・業務用機械器具整備・修理工,生産/製造に関わる,整備/修理,,,,,,0,551,はん用・生産用・業務用機械器具整備・修理従事者,,
2026,24010-67869,四日市公共職業安定所,2401-619928-6,可,カブシキガイシャ ピーイーケイ,株式会社 PEK,512-0906,三重県四日市市山之一色町字奥名戸谷206番地18,,代表取締役 菅田 真嗣,5120100000000,https://pek.jp/,290,14,平成17年,"2,000万円","プラント運転管理請負業務、プラント設備のメンテナンス業務、
事業内容代行監督 派24-300861",水処理プラント運転管理、プラント設備メンテナンスの専門企業,正社員,"(請)純水精製プラント運転管理業務
【菊池郡】","半導体工場で超純水の供給をする為のプラントを管理します。
工場では、製品加工に大量の水を使用します。
精密製品の製造工程で用いられる為、水中の不純物をできる限り除き、
精製する必要があります。
*具体的な仕事内容
·純水精製装置維持管理、水質管理、水量管理、ボイラー監視
·設備保守、保全 (グリスアップ、計器交換など) 
業務の変更範囲:変更なし",869-1102,"熊本県菊池郡菊陽町大字原水3804-14
日本アドバンストセミコンダクターマニュファクチャリング株式会
社",,1,0,0,"必須
普通自動車免許
 (AT限定可) 
※入社までに必ず自動車運転免許が取得出来ること。
 (誕生日等で入社までに取得できない方は考慮します。) ",あり,可,あり,なし,196000,224000,あり,あり,10,変形労働時間制 (1ヶ月単位),その他,08:00-20:30,20:00-08:30,,156,不可,,可,随時,業務部 部長,森 正勝,モリ マサカツ,059-329-7225,059-329-7228,pekjinji@pek.jp,"*転勤の可能性については、数年の経験を積んだ後に可能性として
あります。
 (転勤の範囲:当社全事業所) 
*就業は (1) と (2) の2交替制
*マイカー通勤 可、駐車場 有 (無料) 
*会社見学·面接時の交通費支給","*公開求人
*既卒者応募可 (卒業後概ね2年以内) 
*適性検査名: (SPI3-H) ※面接内容を重視して選考します
*試用期間有:3ヶ月 (作業手当5,000円なし) 
*働きながら必要資格も勉強し、身につけていきます。
*入社後2週間は、三重県でマナー、社内規則、
事業内容について学びます。
*3ヶ月後、有給休暇10日付与 (年合計10日) 
*欠勤控除あり
*遠方 (40km以上) の場合は社宅使用可。家賃は3割自己負担",83,75,075-01,,,熊本県菊池郡菊陽町,,,2905,,,,,,,,,,,,,2026年08月20日 13:12,2026年08月20日 13:12,バーコードスキャン,求人番号_24010-67869.pdf,製造・修理・塗装・製図等の職業,機械整備・修理工,はん用・生産用・業務用機械器具整備・修理工,生産/製造に関わる,整備/修理,,,,,,0,551,はん用・生産用・業務用機械器具整備・修理従事者,,
2026,43030-146169,菊池公共職業安定所,4303-917291-0,可,カブシキガイシャ ジェイエムテック クマモトジギョウショ,株式会社 JMテック 熊本事業所,869-1232,熊本県菊池郡大津町大字高尾野272-15,肥後大津駅 から 車11分,代表取締役社長 石亀 剛,,https://www.j-materials.jp/company/group/jm_tech/,121,42,平成23年,"3,000万円","液晶や半導体工場で製品の製造に必要なガス、純水、薬液の供給管
理や動力部分の管理を一貫して行っております。","当社は、東証プライム上場企業のジャパンマテリアル株式会社の1
00%子会社です。工場の操業に必要なガスの管理、動力設備の管
理などを行い、産業を支えています。",正社員,(請)ガス供給管理業務(熊本県菊陽町),"【半導体工場のガス供給管理業務】
○特殊材料ガスのボンベ交換、受入返却作業
○ガスに係る設備の点検、維持、管理
 (ガス検知器、VMB、シリンダーキャビネット等) 
○異常時の一時対応
*OJTや資料を活用して教育しますので、安心してスタートできます。
*現場での作業は二人一組で、先輩の指示に従って作業を行います。
■変更の範囲:会社の定める業務",869-1102,"熊本県菊池郡菊陽町大字原水4106番地1
jasm (株) 内",原水駅 から 車10分,0,0,2,"必須
普通自動車免許 (通勤に必要) AT限定可
※入社までに必ず自動車免許が取得できること。
 (誕生日等で取得できない場合は、考慮します。) ",あり,可,あり,なし,200000,235000,あり,あり,10,交替制 (シフト制),その他,08:00-20:30,20:00-08:30,,182,可,令和8年10月16日以降,可,随時,石川事業所 主任,森本 杏里,モリモト アンリ,0761-58-0817,0761-58-0818,jinji@jm-tech.jp,"*自宅から勤務先までが40km以上で社宅入居可
*入社年度の賞与:7月に3万円、12月に2か月分
*昇給は令和8年度のベースアップ分 (5%) を含みます。
*特別に支払われる手当について
住宅手当:世帯主の場合
 (社宅以外の個人契約をしている賃貸住宅も対象) 
家族手当:社会保険上の扶養対象の方がいる場合
*会社指定の各種資格試験の受験料は会社負担です。
資格の例:危険物取扱者 (乙四) 、高圧ガス製造保安責任者等
*入社後2週間はマナー、社内規則、事業内容について学びます。","【応募前職場見学について】 随時可能
·参加の有無によって、採否を決定するものではありません。
·職場見学の旅費:学校の先生と相談の上、当社規定により支給
【選考は熊本県で行います。】
·面接:個別面接1回 面接内容を重視して選考します。
·適性検査:SPI3ーH
·履歴書:手書き記入·パソコン入力どちらでも可
·応募書類送付先:株式会社JMテック 採用担当 森本宛
〒923-1201 石川県能美市岩内町ヤ1番地15",749,81,081-01,91,091-06,熊本県菊池郡菊陽町,,,2899,,,,,,,,,,,,,2026年08月20日 13:12,2026年08月20日 13:12,バーコードスキャン,求人番号_43030-146169.pdf,製造・修理・塗装・製図等の職業,生産類似の職業,生産類似の職業,生産/製造に関わる,その他(生産/製造に関わる),建設・土木・電気工事の職業,建設の職業（建設躯体工事の職業を除く）,配管工,建設/建築/土木に関わる,建築,0,592,生産類似作業従事者,666,配管従事者
2026,24010-69369,四日市公共職業安定所,2401-619928-6,可,カブシキガイシャ ピーイーケイ,株式会社 PEK,512-0906,三重県四日市市山之一色町字奥名戸谷206番地18,,代表取締役 菅田 真嗣,5120100000000,https://pek.jp/,290,85,平成17年,"2,000万円","プラント運転管理請負業務、プラント設備のメンテナンス業務、
事業内容代行監督 派24-300861",水処理プラント運転管理、プラント設備メンテナンスの専門企業,正社員,"(請)純水精製プラント運転管理業務
【四日市市】","半導体工場で超純水の供給をするためのプラントを管理します。
日本最大クラスの工場の心臓部となるインフラ装置の管理をしています。
工場では、加工に大量の水を使用します。
精密製品の製造工程で用いられる為、水中の不純物をできる限り除き、
精製する必要があります。
*具体的な仕事内容
·純水精製装置維持管理·水質管理·水量管理·ボイラー監視
·設備保守、保全 (グリスアップ、計器交換など) 
業務の変更範囲:変更なし",512-0906,"三重県四日市市山之一色町800
キオクシア株式会社内
当社 四日市事業所 ※補足事項欄参照",,3,0,0,"必須
普通自動車免許
 (AT限定可) 
※入社までに必ず自動車運転免許が取得出来ること。
 (誕生日等で入社までに取得できない方は考慮します。) ",あり,可,あり,なし,204000,232000,あり,あり,10,変形労働時間制 (1ヶ月単位),その他,08:00-20:30,20:00-08:30,,156,不可,,可,随時,業務部 部長,森 正勝,モリ マサカツ,059-329-7225,059-329-7228,pekjinji@pek.jp,"*転勤については、数年の経験を積んだ後に可能性としてあります
。
取引先との契約状況により変わります (転勤の範囲:当社全事業
所) 
*就業は (1) と (2) の2交替制
*マイカー通勤 可 駐車場 有 (無料) 
*会社見学·面接時の交通費支給","*公開求人
*既卒者応募可 (卒業後概ね2年以内) 
*適性検査名: (SPI3ーH) ※面接内容を重視して選考します
*試用期間有:3ヶ月 (作業手当5,000円なし) 
*働きながら必要資格も勉強し、身につけていきます。
*入社後2週間は、マナー、社内規則、事業内容について学びま
す。
*3ヶ月後、有給休暇10日付与 (年合計10日) 
*欠勤控除あり
*遠方 (40km以上) の場合は社宅使用可。家賃の3割自己負担",83,75,075-01,,,三重県四日市市,,,2903,,,,,,,,,,,,,2026年08月20日 13:12,2026年08月20日 13:12,バーコードスキャン,求人番号_24010-69369.pdf,製造・修理・塗装・製図等の職業,機械整備・修理工,はん用・生産用・業務用機械器具整備・修理工,生産/製造に関わる,整備/修理,,,,,,0,551,はん用・生産用・業務用機械器具整備・修理従事者,,
2026,24010-581769,四日市公共職業安定所,2401-615739-0,可,カブシキガイシャジェイエムエンジニアリングサービス,株式会社JMエンジニアリングサービス,510-1311,三重県三重郡菰野町永井3098番22,近鉄湯の山線菰野駅 から 車15分,代表取締役 福良 忠雄,2190000000000,https://jmes.jp/,538,38,平成26年,"3億1,000万円","半導体製造装置向けの保守、メンテナンス、クリーンルームの環境
管理など半導体製造工程をサポートする技術サービスをご提供しま
す。","半導体、液晶ディスプレイ工場のインフラ設備の技術サービスを提
供するジャパンマテリアル株式会社 (東証プライム上場) の100
%子会社です。製造現場内でのサービスを展開します。",正社員,(請)半導体製造装置フィールドエンジニア,"半導体製造装置のセットアップや改造業務など、装置そのものを取り扱う業務
を行っていただきます。学科問わず丁寧に指導いたします。
仕事内容の変更範囲:会社の定める業務",510-1311,"三重県四日市市山之一色町字奥名戸谷206ー18
ジャパンマテリアル株式会社四日市事業所",阿倉川駅 から 車15分,0,0,5,"必須
普通自動車免許 (AT限定可) 
※入社までに必ず自動車免許が取得できること。",あり,可,あり,あり,212000,222000,あり,あり,20,,土日祝,08:30-17:30,,,122,不可,,可,随時,総務管理部 部長,川瀬一将,カワセカズマサ,059-329-5000,059-325-6266,jmes_jinji@j-material.jp,"*就業場所 他就業場所あり
*賞与は初回 (7月) 3万円、冬 (12月) は2ヶ月分を想定
*「昇給」は令和7年度ベースアップ分を含みます
*応募前職場見学、面接時の交通費を支給します
 (学校の先生と相談の上、当社規程により支給) 
*赴任旅費:当社規程により支給
*適性検査·学科試験 (SPI3ーH) と面接内容を重視して
選考","*入社後1〜3ヶ月は本社で半導体基礎教育を受けていただきます
。
*フィールドエンジニアの基礎経験として、約1年間半導体工場で
行っているメンテナンス業務にて装置経験を積んでいただく期間を
設けています。メンテナンス経験時は4勤2休シフトの2交代制と
なります。
*当社は東証プライム上場ジャパンマテリアル (株) の100%子
会社です。",959,74,074-09,,,三重県四日市市,,,2898,,,,,,,,,,,,,2026年08月20日 13:12,2026年08月20日 13:12,バーコードスキャン,求人番号_24010-581769.pdf,製造・修理・塗装・製図等の職業,機械組立工,電子機器部品組立工,生産/製造に関わる,組立,,,,,,0,542,電気機械器具組立従事者,,
2026,24010-667569,四日市公共職業安定所,2401-103005-1,可,カブシキガイシャ クスノキケミコ,株式会社 クスノキケミコ,512-8550,"三重県四日市市山之一色町800番地
(キオクシア (株) 四日市工場内)",**駅,代表取締役社長 大橋 秀樹,5190000000000,https://kusunoki-chemico.jp/,89,89,平成2年,"3,000万円","キオクシア四日市工場の半導体製造ラインに使用する薬品を、工場
内倉庫より毎日使用する分補充するのが主な仕事です。このほか、
計測機器の校正業務や防塵衣交換業務をしております。","キオクシア四日市工場を主とした仕事。先行半導体の販売増大の見
込みで、新工場も増築され、当社も先行の見通しは明るい。又社員
は家族的チームワークをモットーとして今後発展する会社です。",正社員,半導体工場内の薬品運搬,"半導体工場内で使用される薬液を管理するお仕事です。
薬液を工場内の薬品庫から、所定場所へ運搬配達します。
·配達は2名チームで行います。
·薬液配達終了後、空容器を回収し、種類ごとに整理します。
·薬品庫に届いた薬品を種類、入荷日、保証期限ごとに整理します。
·薬品庫内の薬品は毎日棚卸します (種類、数量) 
·端末で薬液ラベルを読み込み入庫登録します (システム利用) 
·薬品庫内の温度チェックをします。
【変更範囲:当社業務内容全般】",512-8550,"三重県四日市市山之一色町800番地
(キオクシア株式会社 四日市工場内)",三交バス キオクシア北門前 バス停 すぐ駅,3,0,0,"必須
·自動車運転免許 (AT限定可) 
※入社までに必ず自動車運転免許が取得できること。
 (誕生日等で取得できない方は考慮いたします) 
あれば尚良い
·危険物乙種四類 (入社後に取得頂いても問題ありません) ",なし,可,あり,なし,208000,216000,あり,あり,5,交替制 (シフト制),その他,05:00-13:30,08:00-16:30,13:30-22:00,105,不可,,可,随時,総務人事部 主査,堀田 和裕,ホッタ カズヒロ,059-399-3821,059-399-3828,,"*適性検査·学科試験 (SPI3-H) 
面接を重視して選考します。
*応募前職場見学、面接時の交通費を支給します。
 (学校の先生と相談の上、当社規定により支給) ","*年間休日数は増加に向けて取組み中
*入社後2週間は、マナー、社内規則、事業内容について研修しま
す。
*就業時間は (2) 8:00〜16:30から開始。
*6か月ごとにシフト見直しあり",281,95,095-03,95,095-02,三重県四日市市,,,2896,,,,,,,,,,,,,2026年08月20日 13:12,2026年08月20日 13:12,バーコードスキャン,求人番号_24010-667569.pdf,運搬・清掃・包装・選別等の職業,荷役・運搬作業員,倉庫作業員,運輸/物流に関わる,倉庫/作業,運搬・清掃・包装・選別等の職業,荷役・運搬作業員,陸上荷役・運搬作業員,運輸/物流に関わる,倉庫/作業,0,704,倉庫作業従事者,703,陸上荷役・運搬従事者
2026,24010-65669,四日市公共職業安定所,2401-619928-6,可,カブシキガイシャ ピーイーケイ,株式会社 PEK,512-0906,三重県四日市市山之一色町字奥名戸谷206番地18,,代表取締役 菅田 真嗣,5120100000000,https://pek.jp/,290,13,平成17年,"2,000万円","プラント運転管理請負業務、プラント設備のメンテナンス業務、
事業内容代行監督 派24-300861",水処理プラント運転管理、プラント設備メンテナンスの専門企業,正社員,"(請)純水精製プラント運転管理業務
【合志市】","半導体工場で超純水の供給をする為のプラントを管理します。
工場では、製品加工に大量の水を使用します。
精密製品の製造工程で用いられる為、水中の不純物をできる限り除き、
精製する必要があります。
*具体的な仕事内容
·純水精製装置維持管理、水質管理、水量管理、ボイラー監視
·設備保守、保全 (グリスアップ、計器交換など) 
業務の変更範囲:変更なし",861-1114,"熊本県合志市竹迫1255番
ソニーセミコンダクタマニュファクチャリング株式会社",,1,0,0,"必須
普通自動車免許
 (AT限定可) 
※入社までに必ず自動車運転免許が取得出来ること。
 (誕生日等で入社までに取得できない方は考慮します。) ",あり,可,あり,なし,204000,232000,あり,あり,10,変形労働時間制 (1ヶ月単位),その他,08:00-20:30,20:00-08:30,,156,不可,,可,随時,業務部 部長,森 正勝,モリ マサカツ,059-329-7225,059-329-7228,pekjinji@pek.jp,"*転勤の可能性については、数年の経験を積んだ後に可能性として
あります。
 (転勤の範囲:当社全事業所) 
*就業は (1) と (2) の2交替制
*マイカー通勤 可、駐車場 有 (無料) 
*会社見学·面接時の交通費支給","*公開求人
*既卒者応募可 (卒業後概ね2年以内) 
*適性検査名: (SPI3-H) ※面接内容を重視して選考します
*試用期間有:3ヶ月 (作業手当5,000円なし) 
*働きながら必要資格も勉強し、身につけていきます。
*入社後2週間は、三重県でマナー、社内規則、
事業内容について学びます。
*3ヶ月後、有給休暇10日付与 (年合計10日) 
*欠勤控除あり
*遠方 (40km以上) の場合は社宅使用可。家賃は3割自己負担",83,75,075-01,,,熊本県合志市,,,2904,,,,,,,,,,,,,2026年08月20日 13:12,2026年08月20日 13:12,バーコードスキャン,求人番号_24010-65669.pdf,製造・修理・塗装・製図等の職業,機械整備・修理工,はん用・生産用・業務用機械器具整備・修理工,生産/製造に関わる,整備/修理,,,,,,0,551,はん用・生産用・業務用機械器具整備・修理従事者,,
2026,43030-259169,菊池公共職業安定所,4303-917164-3,可,ジャパンマテリアルカブシキガイシャ クマモトジギョウショ,ジャパンマテリアル株式会社 熊本事業所,869-1232,熊本県菊池郡大津町大字高尾野272番地15,JR豊肥本線 肥後大津駅 から 車15分,代表取締役社長執行役員 田中 宏典,2190000000000,https://www.j-materials.jp,489,36,平成9年,"13億1,781万円","特殊ガス供給装置製造、供給配管設計施工、特殊ガス販売管理業務
、その他周辺事業への技術サービス、グラフィックボード販売、三
次元ビューワソフト等の商品開発販売[派24-300724]","半導体工場でガス、水、薬品等を供給。ガスの販売、装置製造、配
管工事、プラントの運転やメンテナンスまで供給に関する様々なサ
ービスをご提供しております。",正社員,配管工事の施工管理,"■半導体工場で使用される ガスや水、排水廃液など
さまざまな配管工事の施工管理を行う部門です。
■施工管理は安全管理、品質管理、工期管理、コスト管理を行います。
■先輩社員と共に工事監督の業務の流れを学び、
将来は工事責任者やプロジェクトマネージャーとして
統括者となる経験を積みます。
【変更の範囲:会社の定める業務】",869-1236,"熊本県菊池郡大津町大字高尾野272番地15号
ジャパンマテリアル株式会社 熊本事業所",JR豊肥本線 肥後大津駅 から 車15分,0,0,2,"必須
·普通自動車運転免許取得可能者 (AT限定可) 
※入社までに必ず自動車運転免許を取得できること。",あり,可,あり,なし,215000,215000,あり,あり,19,,土日祝 その他,08:00-17:00,,,122,不可,,可,随時,総務人事部,高橋 沙彩,タカハシ サアヤ,059-399-3821,059-399-3828,kumamoto.jinji@j-material.jp,"*入社後2週間はマナー、社内規則、事業内容について学びます。
作業習得のため、数カ月程度本社 (三重県) での研修の可能性が
あります。研修後は熊本県各現場での勤務となります。
*応募前職場見学について (公正採用選考遵守の観点から) 
応募前職場見学参加を応募や採用条件にすることはありません。
*応募前職場見学、面接時の交通費を支給します。
 (学校の先生と相談の上、当社規定により支給) 
*面接内容を重視して選考します。","*特殊勤務手当として20,000円/月支給
 (月20日勤務の場合) 
*「昇給」は令和8年度ベースアップ分を含みます。
*色を識別する作業があります。
*工事の実施には幅広い職種や年代の方と関わるため、
コミュニケーション力を高める必要があります。
【応募書類送付先】
本社総務人事部高橋宛に送付して下さい。
 (選考は熊本県にて行います) ",253,8,008-02,,,熊本県菊池郡大津町,,,2902,,,,,,,,,,,,,2026年08月20日 13:12,2026年08月20日 13:12,バーコードスキャン,求人番号_43030-259169.pdf,研究・技術の職業,建築・土木・測量技術者,建築施工管理技術者,建設/建築/土木に関わる,その他(建設/建築/土木に関わる),,,,,,0,91,建築技術者,,
2026,24010-205269,四日市公共職業安定所,2401-104177-5,可,ジャパンマテリアル カブシキガイシャ,ジャパンマテリアル 株式会社,510-1311,三重県三重郡菰野町永井3098-22,近鉄 菰野駅 から 徒歩60分,代表取締役社長執行役員 田中 宏典,2190000000000,https://www.j-materials.jp,489,45,平成9年,"13億1,781万円","特殊ガス供給装置製造、供給配管設計施工、特殊ガス販売管理業務
、その他周辺事業への技術サービス、グラフィックボード販売、三
次元ビューワソフト等の商品開発販売[派24-300724]","半導体工場でガス、水、薬品等を供給。ガスの販売、装置製造、配
管工事、プラントの運転やメンテナンスまで供給に関する様々なサ
ービスをご提供しております。",正社員,"ガス供給装置のメンテナンス·
ガスボンベ交換","半導体工場のガス供給装置のガスボンベ交換業務やガスボンベ入出庫業務、
工場内設備におけるガス供給装置のメンテナンス業務を行って頂きます。
【具体的な業務内容】
·ガスボンベ交換業務 ·ガスボンベ入出庫業務
·ガス供給装置の定期メンテナンス業務
※交換作業はチームで行います。
*仕事内容の変更範囲:会社の定める業務",512-0906,三重県四日市市山之一色町字奥名戸谷206-18,,0,0,3,"必須
·普通自動車運転免許 (AT限定可) 
※入社までに必ず自動車運転免許が取得できること。",あり,可,あり,なし,215000,250000,あり,あり,11,交替制 (シフト制),その他,07:30-16:30,14:00-23:00,,122,不可,,可,随時,総務人事部 人材開発課 主査,堀田 和裕,ホッタ カズヒロ,059-399-3821,059-399-3828,jinji@j-material.jp,"*就業場所 他就業場所あり
*適性検査·学科試験 (SPI3-H) 
面接内容を重視して選考します
*賞与は初回 (7月) 3万円、冬 (12月) 2ヶ月分を想定
*「昇給」は令和8年度ベースアップ分を含みます
*応募前職場見学、面接時の交通費を支給します
 (学校の先生と相談の上、当社規定により支給) ","*工場内をトラックでガスボンベの運搬をします
 (マニュアル車あり) 
*ガス取扱いの国家資格について、働きながら勉強します
講習や試験料は会社負担
*色を識別する作業があります
*入社後2週間はマナー、社内規則、事業内容について学びます",253,74,074-01,71,071-12,三重県四日市市,,,2900,,,,,,,,,,,,,2026年08月20日 13:12,2026年08月20日 13:12,バーコードスキャン,求人番号_24010-205269.pdf,製造・修理・塗装・製図等の職業,機械組立工,はん用・生産用・業務用機械器具組立工,生産/製造に関わる,組立,製造・修理・塗装・製図等の職業,製品製造・加工処理工（金属製品）,金属製器具・建具・金型等製造工,生産/製造に関わる,製造/加工(金属),0,541,はん用・生産用・業務用機械器具組立従事者,529,その他の製品製造・加工処理従事者（金属製品）
2026,24010-400469,四日市公共職業安定所,2401-104177-5,可,ジャパンマテリアル カブシキガイシャ,ジャパンマテリアル 株式会社,510-1311,三重県三重郡菰野町永井3098-22,近鉄 菰野駅 から 徒歩60分,代表取締役社長執行役員 田中 宏典,2190000000000,https://www.j-materials.jp,489,93,平成9年,"13億1,781万円","特殊ガス供給装置製造、供給配管設計施工、特殊ガス販売管理業務
、その他周辺事業への技術サービス、グラフィックボード販売、三
次元ビューワソフト等の商品開発販売[派24-300724]","半導体工場でガス、水、薬品等を供給。ガスの販売、装置製造、配
管工事、プラントの運転やメンテナンスまで供給に関する様々なサ
ービスをご提供しております。",正社員,ポンプメンテナンス,"半導体製造装置に使用される真空ポンプ·周辺機器類の
メンテナンス/販売を行っています。
【具体的な業務内容】
·修理依頼品の引取、納品
·交換部品/販売品の手配
·分解、洗浄、組立、試運転
·修理報告書、検査報告書等の書類作成
·現地修理対応
「業務の変更範囲:会社の定める業務」",510-1311,三重県三重郡菰野町永井3098-22,近鉄 菰野駅 から 徒歩60分,0,0,1,"必須
·普通自動車運転免許 (AT限定可) 
※入社までに必ず自動車運転免許が取得できること。",あり,可,あり,なし,215000,223000,あり,あり,6,,土日祝 その他,08:30-17:30,,,122,不可,,可,随時,総務人事部 人材開発課 主査,堀田 和裕,ホッタ カズヒロ,059-399-3821,059-399-3828,jinji@j-material.jp,"*これまで多くの未経験者や新卒者を技術者として育成してきた
JMグループだからこそ、一人ひとりの得意·不得意に合わせた
教育に自信があります。技術的な知識や経験がなくても、基礎か
ら丁寧に指導しますので安心してご応募ください。
*賞与は初回 (7月) は3万円、冬は2か月分を想定
*「昇給」は令和8年度ベースアップ分を含みます","*入社後2週間はマナー、社内規則、事業内容について学びます
*応募前職場見学、面接時の交通費を支給いたします
 (学校の先生と相談の上、当社規定により支給) ",253,75,075-01,89,089-99,三重県三重郡菰野町,,,2901,,,,,,,,,,,,,2026年08月20日 13:12,2026年08月20日 13:12,バーコードスキャン,求人番号_24010-400469.pdf,製造・修理・塗装・製図等の職業,機械整備・修理工,はん用・生産用・業務用機械器具整備・修理工,生産/製造に関わる,整備/修理,配送・輸送・機械運転の職業,施設機械設備操作・建設機械運転の職業,その他の施設機械設備操作・建設機械運転の職業,運輸/物流に関わる,機械運転,0,551,はん用・生産用・業務用機械器具整備・修理従事者,649,その他の定置・建設機械運転従事者
2026,13200-362269,府中公共職業安定所,1320-623605-7,可,アスカデンキカブシキガイシャ,飛鳥電気株式会社,183-0044,東京都府中市日鋼町1番地1 J府中タワー,JR南武線 分倍河原駅 から 徒歩11分,代表取締役 上原 政樹,4340000000000,https://aska-ele.jp/,101,69,昭和60年,"5,000万円",人工衛星追跡·宇宙通信システム設計検査,"ロケットや人工衛星を支える仕事です。
地上設備の設計·点検·運用まで幅広く担当。
年間休日126日、先輩が成長をサポートします。",正社員,検査·保守·運用·工事·設計,"◎宇宙開発関連機器据付工事、運用·保守業務
◎人工衛星追跡·運用
◎ロケット打ち上げ支援
◎海外モバイル開発支援
◎官公庁システム開発支援
※入社後4か月間の研修受講後に配属となります。
※仕事内容の変更範囲:なし",183-8501,"東京都府中市日新町1-10
NEC府中事業場7号館2階",JR南武線 西府駅 から 徒歩10分,3,0,0,"あれば尚可
※無線通信工学
※電気電子工学
※第一級陸上無線技士もしくは電気工事士 (取得見込可) 
上記に関する基本的な知識があれば「尚可」ですが、文系の方も興
味があれば研修などでサポートします。",なし,不可,なし,なし,205000,205000,あり,あり,18,,土日祝 その他,08:30-17:15,,,126,可,令和8年10月1日以降,可,随時,採用担当グループ,森田 育美,モリタ イクミ,042-319-0150,042-319-1811,aska_saiyou@aska-ele.jp,"◎応募·選考について
応募前職場見学に係る交通費宿泊費は全額支給します。
選考については別途通知します。
履歴書は手書き·パソコン作成どちらでも受付可能です。
◎各種教育資格取得支援制度あり
各教育セミナーに積極的に参加していただきます。
◎看護休暇:子の看護休暇があります。","◎労働条件等欄 (賃金) について
*住宅手当あり
入社後3年間:2万円を超える分 (上限3万円) 支給
3年後以降は4万円を超える半分 (上限2万円) 支給
*昇給:年1回5000円〜10000円の間で昇給します。
*外出手当:20km以上の所に行った場合は1日500円支給
します。
*資格に応じて別途資格手当があります。
 (例) 第一級陸上無線技術士:2000円/月
*時間外手当を別途支給します。",392,9,009-99,7,007-02,東京都府中市,,,2906,,,,,,,,,,,,,2026年08月20日 13:12,2026年08月20日 13:12,バーコードスキャン,求人番号_13200-362269.pdf,研究・技術の職業,情報処理・通信技術者（ソフトウェア開発）,その他の情報処理・通信技術者（ソフトウェア開発）,情報処理/通信技術に関わる,ソフトウェア開発,研究・技術の職業,製造技術者,電気・電子・電気通信製造技術者（通信ネットワーク・電気工事技術者を除く）,生産/製造に関わる,技術/開発,0,104,ソフトウェア作成者,82,電気・電子・電気通信技術者（通信ネットワーク技術者を除く）（開発を除く）
2026,46080-127269,大隅公共職業安定所,4608-100602-4,可,ユウゲンカイシャ ニクシツケンキュウボクジョウ,有限会社 肉質研究牧場,899-8313,鹿児島県曽於郡大崎町野方5950,,代表取締役社長 合志 文利,8340000000000,https://nikken-farm.jp,130,18,昭和62年,"4億9,996万円",畜産農業、養豚の一貫経営で主に肉豚の生産販売,"昭和62年創業以来 順調に業績を伸ばし、約80億円の売上実績
。積極経営を展開、プリマハム向けを中心に将来性豊かな会社であ
る。能力主義の採用",正社員,作業員,"◎豚飼育管理業務全般
〇豚の繁殖、育成、肥育業務
〇体調管理
〇給餌作業
〇畜舎内外の清掃管理等
〇その他付随する業務
※入社後は、現場研修により、丁寧に指導いたします。
【業務の変更範囲:変更無し】",899-7513,"鹿児島県志布志市有明町山重11897—4
他県内7ヵ所の農場",,1,0,0,"必須
普通自動車免許 (AT限定可) ",あり,可,なし,なし,191500,191500,あり,あり,10,,その他,08:00-17:00,,,85,可,令和8年10月1日以降,可,随時,総務部,中島,ナカジマ,099-478-8010,099-478-8030,,"中尾農場 鹿児島県志布志市有明町山重11897-4
山之内農場 鹿児島県鹿屋市串良町有里4788-2
井手農場 鹿児島県曽於市大隅町月野10616-1
川元農場 鹿児島県曽於市大隅町月野8427
黒豚第一農場 鹿児島県志布志市有明町伊崎田2781-9
黒豚第二農場 鹿児島県志布志市有明町山重11879-3
吉倉農場 鹿児島県鹿屋市串良町下小原3716-1
山川農場 鹿児島県鹿屋市串良町細山田4339-2
川崎農場 鹿児島県曽於郡大崎町野方2414
開聞農場 鹿児島県指宿市開聞仙田6373-17","○賞与·昇給:昨年度は新規学卒者の採用がなかったため実績なし
ですが会社規定により支給あり。
○試用期間:3ヶ月 (時給1030円) 
○その他手当
·住宅手当あり",12,64,064-03,,,鹿児島県曽於郡大崎町,鹿児島県志布志市,鹿児島県鹿屋市,2894,,,,,,,,,,,,,2026年08月18日 13:44,2026年08月18日 13:44,バーコードスキャン,求人番号_46080-127269.pdf,農林漁業の職業,農業の職業（養畜・動物飼育・植木・造園を含む）,家畜・家きん飼育作業員,農林水産業に関わる,農業,,,,,,0,462,養畜従事者,,
2026,40010-1404869,福岡中央公共職業安定所,4001-133242-8,可,カブシキガイシャ サカモトキソコウギョウ,株式会社 坂本基礎工業,811-2101,福岡県糟屋郡宇美町宇美3丁目3-2,,代表取締役 坂本 博臣,7290000000000,https://sakamotokiso.jp/,29,29,平成10年,300万円,"建築工事、土木工事現場において杭築造の工事を行う会社です。近
年需要の高まっている建造物建て替えに伴う杭の撤去工事や引き抜
き工事も行っています。","当社は少規模な会社ですが、職人のレベルの高いプロ集団です。施
工現場においても高い技術力評価を頂いています。また、資格取得
においても進んで取り組んでいます。",正社員,ビル、マンション、公共施設の杭基礎工事,"建物を支える「土台 (基礎) 」を作る仕事です。
まずは現場で先輩のサポートをしながら、
仕事の流れを覚えることからスタート!
将来は希望に合わせて現場をまとめる「管理職」か
大型重機操縦の「オペレーター」のプロを目指せます。
AIには真似できない一生モノの技術を身に付けて
共に成長しましょう!
将来の配置:本人の希望や状況に応じ当社業務全般",811-2101,"福岡県糟屋郡宇美町宇美3丁目3-2
※福岡県内の各現場",,0,0,3,"あれば尚可
普通自動車免許 (AT限定可) 、原動機付自転車免許保持が望まし
い (入社後の取得可) ",なし,可,あり,なし,215000,285313,あり,あり,15,変形労働時間制 (1ヶ月単位),日 その他,08:00-18:00,,,107,可,令和8年11月1日以降,可,随時,1、総務課·機材センター長 2、代表取締役,"1,佐藤 2,坂本","1,サトウ 2,サカモト",092-957-9191,092-957-9190,,"·面接は2回実施する場合があります。
·応募前職場見学については事前にご連絡ください。
·応募前職場見学への参加の有無によって採否を決定するものでは
ありません。
·高校中退者の応募可:中退後概ね1年以内
·履歴書は手書き、PCどちらでも可
·選考旅費·赴任旅費いずれも県外の場合上限30,000円。
離島等遠方の場合は上限60,000円
·前年度、新卒採用がなかったため昇給·賞与の実績はありません
が規定はあります。","·独身寮完備 (5畳程度。部屋数に限りがあるため要相談) 
寮費20,000円、光熱費5,000円
·賃金手取見込額237,615円
 (月額285,313円、控除額47,698円) 
·特別に支払われる手当
【資格手当】当社が定める資格を有している場合、
【現場技術手当】当社で定めるスキルを習得した場合、
スキルに応じて追加加算。
【家族手当】配偶者、子供を扶養している場合。
【住宅手当】当社規定により対象となる場合に支給。",79,92,092-01,89,089-04,福岡県糟屋郡宇美町,,,2895,,,,,,,,,,,,,2026年08月18日 13:44,2026年08月18日 13:44,バーコードスキャン,求人番号_40010-1404869.pdf,建設・土木・電気工事の職業,土木の職業,建設・土木作業員,建設/建築/土木に関わる,土木工事,配送・輸送・機械運転の職業,施設機械設備操作・建設機械運転の職業,クレーン・巻上機運転工,運輸/物流に関わる,機械運転,0,681,土木従事者,643,クレーン・ウインチ運転従事者
2026,46040-300169,国分公共職業安定所,4604-615004-7,可,ユメチクザン カブシキガイシャ,夢竺山 株式会社,899-5231,鹿児島県姶良市加治木町反土2368,加治木駅 から 徒歩15分,代表取締役 上枝 学,2340000000000,https://yumechikuzan.jp/,8,8,平成23年,100万円,林業に付随する業務及び植付け、下刈り竹林環境整備,"全国一位の竹林面積を占める鹿児島で荒廃した竹林を整備していく
仕事です。100年先未来の森作りをする会社です。",正社員,森林整備事業,"○森林整備に関する作業全般
·森林の草払い·伐採 (慣れてきた方についてはチェーンソー等使用します) 
·竹の枝打ち ·伐採した竹の搬出、運搬·道具のメンテナンス
·その他付随する業務*道具 (ヘルメット·軍手含む) は支給します
*気力·体力と安全性が第一の仕事です
*社用車使用
*初心者の方については、体力·技能等を考慮しながら指導します
※現場は主に姶良市内·鹿児島県内です (事業所集合後、移動) 
*従事すべき業務の変更範囲:変更なし",899-5201,鹿児島県姶良市加治木町西別府5161 (現場事務所),,2,0,0,不問,なし,可,なし,なし,190800,190800,あり,あり,5,交替制 (シフト制),土日 その他,07:30-17:00,05:00-14:30,,110,可,令和8年10月1日以降,可,随時,代表取締役,上枝,カミエダ,090-8323-4498,0995-62-4399,yumechikuzan@gmail.com,"*試用期間:3ヶ月/時給制1026円
*履歴書:手書き·パソコン作成
*基本給=日給 (9000円) ×21.2で算出
*就業時間 (1) は冬、 (2) は夏","森林での仕事である為、体力勝負であること。自然を相手にしてい
るため暑い時もあれば、寒い時もあります。「次の世代に受け継げ
る地球人」を求めております。弊社に携わる事で、何か一つでも発
見されることを願っております
*マイカー通勤可:駐車場敷地内/本人負担なし
*土曜日·日曜日は原則休みのため、プライベートとの両立可
 (※雨天にて作業出来なかった場合、振り替え作業あり。相談に応
じます。) ",21,65,065-99,,,鹿児島県姶良市,,,2859,,,,,,,,,,,,,2026年08月18日 08:44,2026年08月18日 08:44,バーコードスキャン,求人番号_46040-300169.pdf,農林漁業の職業,林業の職業,その他の林業の職業,農林水産業に関わる,林業,,,,,,0,479,その他の林業従事者,,
2026,46120-44169,指宿公共職業安定所,4612-14630-8,可,ユウゲンガイシャ イブスキシュウスイエン,有限会社 いぶすき秀水園,891-0406,鹿児島県指宿市湯の浜5丁目27-27,,代表取締役 湯通堂 温,2340000000000,http://www.syusuien.co.jp,66,66,昭和38年,"3,000万円","旅館業
「事業所画像情報あり」","日本文化や日本食、指宿温泉「砂蒸し温泉」を愛でる日々と、お客
様への“おもてなし”の心を大切に日々精進しております。日本食
を勉強したい方、日本文化に興味がある方はぜひご応募ください。",正社員,おもてなし接客職(仲居),"◎おもてなし接客 (お客様係) 
·お客様のお出迎えからお見送りまでのお世話係です。
主な業務内容として、朝夕の会席料理のサービスとお部屋での
布団敷きやお茶だしのサービス等です。
※変更の範囲:会社の定める業務",891-0406,鹿児島県指宿市湯の浜5丁目27-27,,0,0,2,不問,なし,可,あり,なし,178200,188600,あり,あり,2,変形労働時間制 (1年単位),その他,07:00-10:30,16:00-22:00,,105,可,令和8年10月1日以降,可,随時,総務人事経理部,小川 真由,オガワ マユ,0993-22-2036,0993-24-4992,ogawa@syusuien.co.jp,"〇当館は「プロが選ぶ日本のホテル旅館100選」の料理部門に
おいて40年連続1位を受賞いたしました。
〇創業63周年を迎えており、今後も様々なプランでお客様を
おもてなしして参ります。
〇スポーツジムの無料利用制度有り
〇置き型社食「オフィスおかん」有り
〇接客係は夕食時、着物にてサービスを行っており、着物の着付け
や、日本の伝統的な作法を身に付ける事ができます。
〇応募前職場見学は随時可能です。事前に電話にてご連絡ください","〇就業時間:交代制 (シフト制)  (1) →中休み→ (2) 
〇地元以外の遠方からの採用者に関しましては、男女共それぞれ
寮のご用意があります (男子寮:共用、女子寮:個別) 
*履歴書:手書き·パソコン作成どちらも可",751,56,056-04,56,056-05,鹿児島県指宿市,,,2860,,,,,,,,,,,,,2026年08月18日 08:44,2026年08月18日 08:44,バーコードスキャン,求人番号_46120-44169.pdf,サービスの職業,接客・給仕の職業,旅館・ホテルフロント係,接客/サービスに関わる,接客,サービスの職業,接客・給仕の職業,旅館・ホテル接客係,接客/サービスに関わる,接客,0,404,身の回り世話従事者,404,身の回り世話従事者
2026,46120-45669,指宿公共職業安定所,4612-14630-8,可,ユウゲンガイシャ イブスキシュウスイエン,有限会社 いぶすき秀水園,891-0406,鹿児島県指宿市湯の浜5丁目27-27,,代表取締役 湯通堂 温,2340000000000,http://www.syusuien.co.jp,66,66,昭和38年,"3,000万円","旅館業
「事業所画像情報あり」","日本文化や日本食、指宿温泉「砂蒸し温泉」を愛でる日々と、お客
様への“おもてなし”の心を大切に日々精進しております。日本食
を勉強したい方、日本文化に興味がある方はぜひご応募ください。",正社員,和食調理職,"〇調理部
京風の会席料理の仕込みから配膳まで行います。
朝夕の料理の他、婚礼·会合·宴会·法要まで幅広く宴席の料理も
対応しております。
※変更の範囲:会社の定める業務",891-0406,鹿児島県指宿市湯の浜5丁目27-27,,0,0,2,"あれば尚可
調理師免許 (取得見込み可) 優遇",なし,可,あり,なし,178200,188600,あり,あり,2,変形労働時間制 (1年単位),その他,05:00-08:00,14:00-20:00,,105,可,令和8年10月1日以降,可,随時,総務人事経理部,小川 真由,オガワ マユ,0993-22-2036,0993-24-4992,ogawa@syusuien.co.jp,"〇当館は「プロが選ぶ日本のホテル旅館100選」の料理部門に
おいて40年連続1位を受賞いたしました。
〇創業63周年を迎えており、今後も様々なプランでお客様を
おもてなしして参ります。
〇スポーツジムの無料利用制度有り
〇置き型社食「オフィスおかん」有り
〇応募前職場見学は随時可能です。事前に電話にてご連絡ください","〇就業時間: (1) →中休み→ (2) 
〇地元以外の遠方からの採用者に関しましては、男女共それぞれ
寮のご用意があります。 (男子寮:共同、女子寮:個別) 
*履歴書:手書き·パソコン作成どちらも可",751,55,055-08,55,055-01,鹿児島県指宿市,,,2862,,,,,,,,,,,,,2026年08月18日 08:44,2026年08月18日 08:44,バーコードスキャン,求人番号_46120-45669.pdf,サービスの職業,飲食物調理の職業,調理補助者、調理人見習,接客/サービスに関わる,飲食,サービスの職業,飲食物調理の職業,日本料理調理人,接客/サービスに関わる,飲食,0,391,調理人,391,調理人
2026,46120-46969,指宿公共職業安定所,4612-14630-8,可,ユウゲンガイシャ イブスキシュウスイエン,有限会社 いぶすき秀水園,891-0406,鹿児島県指宿市湯の浜5丁目27-27,,代表取締役 湯通堂 温,2340000000000,http://www.syusuien.co.jp,66,66,昭和38年,"3,000万円","旅館業
「事業所画像情報あり」","日本文化や日本食、指宿温泉「砂蒸し温泉」を愛でる日々と、お客
様への“おもてなし”の心を大切に日々精進しております。日本食
を勉強したい方、日本文化に興味がある方はぜひご応募ください。",正社員,宿泊サービス職(フロント·予約),"◎フロント業務
チェックイン·チェックアウト業務の他、
ロビーラウンジでのドリンクサービス、お部屋への案内等です。
◎予約業務
電話やメール、インターネットからの予約対応等です。
※変更の範囲:会社の定める業務",891-0406,鹿児島県指宿市湯の浜5丁目27-27,,0,0,2,"あれば尚可
パソコン操作 (ワード、エクセル) ",なし,可,あり,なし,178200,188600,あり,あり,2,変形労働時間制 (1年単位),その他,08:00-17:00,13:00-22:00,,105,可,令和8年10月1日以降,可,随時,総務人事経理部,小川 真由,オガワ マユ,0993-22-2036,0993-24-4992,ogawa@syusuien.co.jp,"〇当館は「プロが選ぶ日本のホテル旅館100選」の料理部門に
おいて40年連続1位を受賞いたしました。
〇創業63周年を迎えており、今後も様々なプランでお客様を
おもてなしして参ります。
〇スポーツジムの無料利用制度有り
〇置き型社食「オフィスおかん」有り
〇応募前職場見学は随時可能です。事前に電話にてご連絡ください","〇就業時間:交代制 (シフト制) 
〇地元以外の遠方からの採用者に関しましては、男女共それぞれ
寮のご用意があります (男子寮:共用、女子寮:個別) 
*履歴書:手書き·パソコン作成どちらも可",751,56,056-04,,,鹿児島県指宿市,,,2861,,,,,,,,,,,,,2026年08月18日 08:44,2026年08月18日 08:44,バーコードスキャン,求人番号_46120-46969.pdf,サービスの職業,接客・給仕の職業,旅館・ホテルフロント係,接客/サービスに関わる,接客,,,,,,0,404,身の回り世話従事者,,
2026,46010-1015769,鹿児島公共職業安定所,4601-20464-1,可,カブシキガイシャ ミスミケンセツ,株式会社 三純建設,890-0063,鹿児島県鹿児島市鴨池1丁目25-1 三純ビル2階,(鹿児島市電:中郡電停から徒歩5分),代表取締役 三谷 貴夫,3340000000000,www.misumi-kensetsu.jp,20,18,昭和50年,"2,000万円","土木工事業·建築工事業·一般貨物自動車運送事業·一般廃棄物収
集運搬·産業廃棄物収集運搬·産業廃棄物処分·リサイクル事業·
工事監理","昭和50年創業、今年で51年を迎え、業績は安定推移している。
公共工事を主に土木工事業、産業廃棄物の処理、リサイクル事業が
主軸で現在ISOの取得、優良産廃処理業者にも認定された。",正社員,土木施工管理見習い,"○公共工事や民間工事の土木工事現場において、工事管理者の補助業務を担当
していただきます。
·主な仕事内容は、現場での安全管理、作業進捗の確認、写真撮影および記録
測量補助、資材や機械の管理、協力会社との連絡調整などです。
·入社後は先輩社員が基礎から丁寧に指導いたしますので、専門知識や資格が
なくても安心して始められます。仕事を通じて知識や技術を身につけ、将来
的には施工管理技士などの資格取得を目指し、現場全体を管理する技術者と
して活躍して頂きます。
一緒に私たちと鹿児島の発展のために頑張りましょう。 《変更範囲:なし》",890-0063,鹿児島県鹿児島市鴨池1丁目25-1 三純ビル2階,(鹿児島市電:中郡電停から徒歩5分),3,0,0,"あれば尚可
○普通自動車運転免許 (マニュアル免許)  (入社後取得可) 
○準中型自動車免許 (マニュアル免許)  (入社後取得可) ",なし,可,あり,なし,170000,200521,あり,あり,5,変形労働時間制 (1年単位),土日 その他,08:00-17:00,,,110,可,令和8年10月1日以降,可,随時,代表取締役 三谷貴夫,採用担当者,,099-257-1881,099-257-2446,takao-m5@joy.ocn.ne.jp,"○応募前職場見学については、8月3日以降実施予定です。
応募前職場見学への参加の有無によって採否を決定するものでは
ありません。
○選考旅費:10,000円 (上限あり) 
○履歴書:手書き·パソコン作成どちらも可
○入居可能住宅は、空室があれば入居可能。
 (自己負担:25,000円/月) ","○特別に支払われる手当について
資格手当:当社の定めによる資格を保有している場合
皆勤手当:欠勤が無かった場合
○ISO9001·ISO14001·ISO45001認証取得
優良産廃処理業者認定
○かごしまSDGS推進パートナー登録",62,8,008-05,,,鹿児島県鹿児島市,,,2863,,,,,,,,,,,,,2026年08月18日 08:44,2026年08月18日 08:44,バーコードスキャン,求人番号_46010-1015769.pdf,研究・技術の職業,建築・土木・測量技術者,土木施工管理技術者,建設/建築/土木に関わる,その他(建設/建築/土木に関わる),,,,,,0,92,土木技術者,,
2026,27070-1114169,布施公共職業安定所,2707-620315-6,可,カブシキガイシャ タダコウギョウ,株式会社 多田興業,581-0869,大阪府八尾市桜ヶ丘2丁目216-102,近鉄大阪線 近鉄八尾駅 から 徒歩10分,代表取締役 多田 博信,5122000000000,https://www.tadakougyo.com/,36,33,平成22年,500万円,"近畿地方をはじめ全国の遺跡発掘調査現場での発掘調査業務、発掘
調査専門の作業。 全国官公庁、民間企業から依頼の発掘調査補助
業務を行っています。","年配の方から若いスタッフまで、幅広く活躍しています。
新人の方でも丁寧に指導·教育し活躍できます。
60歳以上のスタッフ、女性も多く活躍しています。",正社員,"【土日休み/髪色髪型ピアス自由◎】歴史を
見つける!遺跡発掘スタッフ(柏原市)","\教科書を超えて本物の歴史に触れる!現代のトレジャーハンターに!/
本物の遺跡を掘り起こす発掘調査やスケジュール管理などをお任せします!上
市倉庫に集合してから、みんなで車で現場へ向います◎
【具体的にはこんな仕事!】★会社負担の資格取得支援制度あり!
·発掘調査の補助:専用スコップを使い土の中から土器などを探す
·スケジュール管理:発掘調査がスムーズに進むよう全体を調整する
·写真や図面の記録:見つかった遺跡や現場の様子を撮影し、図面を作成する
※家具家電付きの社宅完備◎新生活をすぐに始められます!
*変更範囲:会社の定める業務",582-0007,"大阪府柏原市上市3丁目14-18
上市倉庫
※現場は大阪一円が中心",近鉄大阪線 安堂駅 から 徒歩5分,0,0,2,不問,なし,不可,あり,なし,230000,230000,あり,あり,30,,土日 その他,08:00-17:00,,,115,可,令和8年9月16日以降,可,随時,工事部次長,今井 裕樹,イマイ ユウキ,072-943-4944,072-943-4945,tadakougyo@ion.ocn.ne.jp,"★若手も活躍中!安心の育成体制あり!★
学校での知識は一切不要です。まずは道具の名前を覚えることから
スタートしていきます。先輩が隣に付いて、イチから丁寧に教えて
いきます!
★歴史的瞬間に立ち会える!★
我々の祖先が過ごしていた生活や大切にしていた文化を、数千年も
の時を経て、現代に蘇らせます。
歴史の教科書に載るような大発見に出会えるチャンスもあります!
あなたの手で、数千年前の物語を未来へと繋いでいきましょう。","【公開求人】
★資格は会社のサポートで取れる!★
ショベルカーのような重機の資格など、業務に必要な資格は、ぜん
ぶ会社の負担 (全額支給) で取得可能!学科関係なく、学校を卒業
したばかりのみなさんの成長を会社が応援します。
★新生活を応援!安心の社宅あり★
·家具家電 (テレビ、冷蔵庫、洗濯機など) は会社で完備!
·引っ越し費用は会社が全額負担いたします (赴任旅費含む) 。
·家賃の自己負担は2万円 (+水道光熱費) 、初めての一人暮らし
を応援します。",79,99,099-99,20,020-99,大阪府柏原市,,,2893,,,,,,,,,,,,,2026年08月18日 08:44,2026年08月18日 08:44,バーコードスキャン,求人番号_27070-1114169.pdf,運搬・清掃・包装・選別等の職業,その他の運搬・清掃・包装・選別等の職業,他に分類されない運搬・清掃・包装・選別等の職業,運輸/物流に関わる,その他(運輸/物流に関わる),法務・経営・文化芸術等の専門的職業,その他の法務・経営・文化芸術等の専門的職業,他に分類されない法務・経営・文化芸術等の専門的職業,その他,法律に関わる,0,739,その他の運搬・清掃・包装等従事者,249,他に分類されない専門的職業従事者
2026,14150-271969,港北公共職業安定所,1415-613642-3,可,カブシキガイシャ タケヤ,株式会社 竹屋,227-0065,神奈川県横浜市青葉区恩田町993-1,こどもの国線 恩田駅 から 徒歩10分,代表取締役 阿部 浩明,4020000000000,https://takeyazoen.jp,17,17,平成15年,"1,000万円"," (1) 土木建築の設計、施工及び施工管理
 (2) 造園及び土木工事業","平成15年創業ですが、毎年増収確実に実績を上げています。
大手上場企業の協力会員に加入し、直接受注している会社です。
若い社長と若いスタッフが多く、明るく元気な職場です。",正社員,庭園·外構デザインスタッフ,"〜緑で景観をデザイン〜
公園やマンション、個人宅の庭などを仕立て、植物の管理や手入れを行い、植
木や樹木のメンテナンスをして建物の外観をキレイに見せる仕事です。
自然や植物が好きで、人と話すことが好きな人に向いている仕事です。
*最初は経験豊富な社員がしっかり指導し、新入社員のスキルアップをサポー
トします!
※変更範囲:会社の定める業務",227-0065,神奈川県横浜市青葉区恩田町993-1,こどもの国線 恩田駅 から 徒歩10分,0,0,2,不問,なし,可,あり,なし,220000,225000,なし,あり,5,,土日祝 その他,07:00-17:00,,,125,可,令和8年10月1日以降,可,随時,採用担当,高橋,タカハシ,045-981-7974,045-211-4075,info@takeyazoen.com,"創業20年、止まることなく安定して仕事があり社員みんな力を合
わせて毎日仕事に取り組んでいます。
チームで仕事をするのでコミュニケーション能力に自信のある方大
歓迎です。
★私たちの強み
当社は大手建設会社から仕事の依頼を受けており、技術を高く評価
されています。","★資格取得支援サービス!
社員のキャリアアップのため資格を全額会社負担で取得することが
可能です。
★地方の方も安心 寮完備!
寮に光熱費込月2万円で入居できますので地方から考えてる方も安
心してご応募ください!
若いスタッフも多く、先輩社員が丁寧に指導します!
*初めは仕事で使う道具の名前を覚えてもらいます!
わからないことは遠慮なく先輩スタッフに相談して下さい!",61,64,064-05,,,神奈川県横浜市青葉区,,,2891,,,,,,,,,,,,,2026年08月18日 08:44,2026年08月18日 08:44,バーコードスキャン,求人番号_14150-271969.pdf,農林漁業の職業,農業の職業（養畜・動物飼育・植木・造園を含む）,植木職、造園師,農林水産業に関わる,農業,,,,,,0,463,植木職，造園師,,
2026,14150-272869,港北公共職業安定所,1415-613642-3,可,カブシキガイシャ タケヤ,株式会社 竹屋,227-0065,神奈川県横浜市青葉区恩田町993-1,こどもの国線 恩田駅 から 徒歩10分,代表取締役 阿部 浩明,4020000000000,https://takeyazoen.jp,17,17,平成15年,"1,000万円"," (1) 土木建築の設計、施工及び施工管理
 (2) 造園及び土木工事業","平成15年創業ですが、毎年増収確実に実績を上げています。
大手上場企業の協力会員に加入し、直接受注している会社です。
若い社長と若いスタッフが多く、明るく元気な職場です。",正社員,庭を彩る造園工事スタッフ,"公園やマンション、個人宅庭園の植物の管理を行います!
*私たちの仕事は、自然が好きな人、ものづくりが好きな人にとってはやりが
いのある仕事です!
造園工事の仕事は、自然や美的センスに興味があり、コミュニケーション能力
に自信がある人には向いている仕事です!
*入社した初めは経験豊富な社員がしっかりと指導して新入社員のスキルアッ
プにも力を入れています!!
※変更範囲:会社の定める業務",227-0065,神奈川県横浜市青葉区恩田町993-1,こどもの国線 恩田駅 から 徒歩10分,0,0,2,不問,なし,可,あり,なし,220000,225000,なし,あり,5,,土日祝 その他,07:00-17:00,,,125,可,令和8年10月1日以降,可,随時,採用担当,高橋,タカハシ,045-981-7974,045-211-4075,info@takeyazoen.com,"創業20年、止まることなく安定して仕事があり社員みんな力を合
わせて毎日仕事に取り組んでいます。
チームで仕事をするのでコミュニケーション能力に自信のある方大
歓迎です。
★私たちの強み
大手建設会社から仕事の依頼を受けており、技術を高く評価されて
います。","★資格取得支援サービス
弊社では社員のキャリアアップのため資格を全額会社負担で取得す
ることが可能です。
★地方の方も安心。寮完備!
弊社の寮に光熱費込月2万で入ることができますので地方から考え
てる方も安心してご応募ください
若いスタッフも多く、先輩社員が丁寧に指導してくれます。
*初めは仕事で使う道具の名前を覚えてもらいます。
わからないことは遠慮なく先輩スタッフに相談して下さい!",61,64,064-05,,,神奈川県横浜市青葉区,,,2892,,,,,,,,,,,,,2026年08月18日 08:44,2026年08月18日 08:44,バーコードスキャン,求人番号_14150-272869.pdf,農林漁業の職業,農業の職業（養畜・動物飼育・植木・造園を含む）,植木職、造園師,農林水産業に関わる,農業,,,,,,0,463,植木職，造園師,,
2026,46010-892269,鹿児島公共職業安定所,4601-2603-7,可,カゴシマケンギョギョウキョウドウクミアイレンゴウカイ,鹿児島県漁業協同組合連合会,892-0835,鹿児島県鹿児島市城南町37-2,,代表理事会長 市田 恵八朗,1340010000000,http://kagoshima-sakana.com,146,146,昭和25年,"5億1,830万円","生鮮魚介類の荷受·販売、冷凍食品の製造、餌料·石油·漁業資材
類購買事業、会員漁協の指導事業等を行う。","県下漁協等の連合会として、水産業の発展に寄与する連合組織です
。",正社員,総合職,"〇水産物の販売·営業業務全般を担当します。
·市場販売業務:生鮮魚介類等のセリ
·販売業務:県内外へ県水産物の販売
·購買業務:漁具、燃料油、漁業用餌飼料等の販売
·加工業務:水産加工物の製造、販売
·指導業務:会員漁協への経営指導、漁政対策
·管理業務:総務、経理
《変更範囲:なし》",892-0835,"鹿児島県鹿児島市城南町37-2、
総合加工場 (鹿児島市南栄) 、かごしまJF販売 (垂水市海潟)
のいずれか",,2,0,0,"あれば尚可
普通自動車第1種免許 (AT限定可) 入社後取得可",なし,可,なし,なし,190000,192000,あり,あり,18,,日祝 その他,08:40-17:00,06:00-13:40,03:30-11:10,111,不可,,可,随時,総務部 総務企画課,大久保 好英,オオクボ タカヒデ,099-225-0611,099-222-1408,jfkgs-at@po.minc.ne.jp,"○職員食堂あり (昼食代一律3,500円/月) 給与天引き
○健康診断 (年1回) 受診料補助制度あり
○制服貸与制度あり
○就業時間:時差出勤あり。配属先により異なります。
○マイカー通勤可:敷地外駐車場あり (駐車場代800円/月) 
任意保険への加入が条件となります。
○その他就業場所:《総合加工場》鹿児島市南栄4丁目11-4
:《かごしまJF販売》垂水市海潟643-14
○履歴書:手書き·パソコン作成どちらも可","○応募前職場見学可。希望の際は事前に担当者まで
お問い合わせください。
○試用期間:3ヶ月 (日給制:月総支給額×3ヶ月÷勤務日数) 
○特別手当あり (該当者のみ支給) 
·日直手当:8,000円 ·宿直手当:5,000円
※その他、住宅·家族手当あり。特別に支払われる手当欄参照。
○慶弔見舞金制度あり
·結婚:20,000円 ·子女出産:10,000円
·その他:傷病、災害、弔慰金など
○労働組合あり",871,34,034-01,48,048-99,鹿児島県鹿児島市,鹿児島県垂水市,,2889,,,,,,,,,,,,,2026年08月18日 08:44,2026年08月18日 08:44,バーコードスキャン,求人番号_46010-892269.pdf,事務的職業,一般事務・秘書・受付の職業,一般事務員,事務に関わる,一般事務,販売・営業の職業,営業の職業,その他の営業の職業,営業に関わる,営業,0,257,総合事務員,349,その他の営業職業従事者
2026,23070-245169,半田公共職業安定所,2307-188526-0,可,カブシキガイシャ タケモト,株式会社 タケモト,477-0032,愛知県東海市加木屋町大清水220,名鉄 南加木屋駅 から 徒歩14分,代表取締役 竹元 鎌二,9180000000000,https://takemoto-recruit.com/,18,13,平成4年,"1,000万円","ウェルポイント工事、ディープウェル工事、ミニウォール工事、各
種井戸工事","当社では、長年培ってきた経験、知識を次の世代へと繋げるために
人材育成に前向きに取り組んでいます。その為、未経験の方に対し
ての研修や育成にも力を入れています。",正社員,"【日本でも数少ないレアな技術】水替工事ス
タッフ(ウェルポイント·ディープウェル)","\災害の多い日本を守る“少し特殊な工事”で「影のヒーロー」に!/
道路や駅、発電所や浄水場など、地面を深く掘る現場で、安全に作業ができる
ように、地下水をコントロールし、水位を下げる水替工事を行います。
▼具体的にはこんな作業▼
·地下水の状況、地層の確認
·地面から水を吸い上げるためのパイプの打ち込み
·ホースやポンプの設置、専用の特殊機械やクレーンなどの重機操作
★様々な手当を用意しており、給与が33万程度になる月もあり!★
※業務の変更範囲:会社の定める業務",477-0032,"愛知県東海市加木屋町木之下106番地 (作業場)
および
東海エリアを中心とした各現場",加木屋中ノ池駅 から 徒歩12分,0,0,3,不問,なし,可,あり,なし,250000,250000,あり,あり,27,,土日祝 その他,07:45-17:15,,,125,可,令和8年11月1日以降,可,随時,代表取締役,竹元 鎌二,タケモトケンジ,0562-34-3884,0562-34-6711,kk-takemoto@nifty.com,"★皆勤手当:1日欠勤すると半額の15,000円になります。
★地方からの方には住まいのサポートします★
会社2階に住む場合
寮費:15,000円 (光熱費込) 一人一部屋
借上げ社宅の場合
20,000円 (光熱費別) の住宅補助
★私たちの仕事は毎回違う現場なので刺激だらけで、退屈知らずの
毎日を過ごすことができます!
■推薦依頼総数84校84人 貴校1人","·試用期間:最大3ヶ月 (短くなる場合もあります) 
※試用期間中の給与は200,000円です。
ただし、試用期間終了後に試用期間中における試用期間終了後
との給与差額分を一時金として支給します。
·選考旅費/赴任旅費 (全額支給) 
·現場によっては早朝·深夜出勤の可能性あり
·昇給は初年度よりあり (本人の実績による) 
※前年度に新規学卒者の採用実績がなかったことにより昇給·賞与
の実績がないが、昇給·賞与に関する規定あり。",89,91,091-06,89,089-05,愛知県東海市,,,2890,,,,,,,,,,,,,2026年08月18日 08:44,2026年08月18日 08:44,バーコードスキャン,求人番号_23070-245169.pdf,建設・土木・電気工事の職業,建設の職業（建設躯体工事の職業を除く）,配管工,建設/建築/土木に関わる,建築,配送・輸送・機械運転の職業,施設機械設備操作・建設機械運転の職業,建設機械運転工,運輸/物流に関わる,機械運転,0,666,配管従事者,645,建設・さく井機械運転従事者
2026,13070-81969,渋谷公共職業安定所,1307-341364-5,可,セコムカブシキガイシャ,セコム株式会社,150-0001,東京都渋谷区神宮前1-5-1,JR山手線 原宿駅/東京メトロ千代田線 明治神宮前駅 から 徒歩5分,代表取締役社長 吉田 保幸,6011000000000,https://www.secom.co.jp,15991,15991,昭和37年,664億円,"“あらゆる不安のない社会の実現”がセコムの使命です。
「安全·安心·快適·便利」な社会を創造する革新的なサービスで
不安となる様々な課題解決に取り組んでいます。","日本初のセキュリティ会社として誕生した警備業界最大手の会社。
「人の役に立つ仕事がしたい」「安心に暮らせる社会を創りたい」
と考えている方には、やりがいを感じられる仕事です。",正社員,機械警備(ビートエンジニア)地域限定職,"セコムグループのさまざまなサービスの最前線として、高度な「安全·安心」
を24時間365日提供する業務です。
 (1) 防犯センサーによる侵入·火災·救急通報などにより、ただちに現地に
駆けつけ安全を確保します。 (夜勤があります) 
 (2) 設置したセンサー類の点検·電池交換 (お客様対応があります) 
 (3) 上記両業務に加え、鍵·装備品·車両の管理、事務処理など
※約3ケ月間のトレーニング期間があります。
 (ご自身の習熟度や不測の事態により、期間を変更することもあります) 
【職種の変更範囲】会社の定める業務",999-9999,"佐賀県佐賀市
※特記事項参照",,3,0,0,"必須
普通自動車免許 (AT限定可) 
※入社までに取得してください
※学校の規則や誕生日の関係で取得が難しい場合はお気軽にご相談
ください
※自動車教習所にかかる費用を20万円まで補助します
·20万円未満の場合は実費を補助します
·所定の手続きのうえ、入社後に補助します",あり,不可,なし,なし,226300,226300,あり,あり,10,変形労働時間制 (1ヶ月単位),その他,09:00-18:00,09:00-20:00,20:00-09:00,108,可,令和8年10月1日以降,可,補足事項欄参照,人材採用部,松浦 真由美 / 須藤 采音,マツウラ マユミ / ストウ アヤネ,03-5775-8300,03-5775-8912,recruit2@secom.co.jp,"*就業場所人数は企業全体の人数です
*入社時研修、定期的なフォローアップ研修があります
*年に2回 (連続10日間、6日間) の長期休暇が取得できます
*入社時に付与される有給休暇9日間の取得期限は半年です
*面接と適性検査は同日実施予定
*職場見学会の参加をご希望の場合は、メールか電話でお問い合わ
せください
*選考会は、各都道府県で開催予定です
*職場見学会、選考会の交通費は当社規定額で補助あり","*転勤範囲は同一県内または現住所から通勤可能な隣接県内に限り
ます。但し、就業場所以外への転居を伴う期限付き異動を命ずる
ことがあります
*業務に支障のない範囲の視力·聴覚·色覚が必要です
 (配線·ランプ·シールなどの認識·色の識別や、警報音·物音
などの聞き分けに必須) 
*昇給制度があります
*1ケ月単位の変形労働時間制
渋-128",923,59,059-01,,,佐賀県佐賀市,,,2882,,,,,,,,,,,,,2026年08月18日 08:44,2026年08月18日 08:44,バーコードスキャン,求人番号_13070-81969.pdf,警備・保安の職業,警備員,施設警備員,警備/保安に関わる,警備員,,,,,,0,453,警備員,,
2026,13070-102169,渋谷公共職業安定所,1307-341364-5,可,セコムカブシキガイシャ,セコム株式会社,150-0001,東京都渋谷区神宮前1-5-1,JR山手線 原宿駅/東京メトロ千代田線 明治神宮前駅 から 徒歩5分,代表取締役社長 吉田 保幸,6011000000000,https://www.secom.co.jp,15991,15991,昭和37年,664億円,"“あらゆる不安のない社会の実現”がセコムの使命です。
「安全·安心·快適·便利」な社会を創造する革新的なサービスで
不安となる様々な課題解決に取り組んでいます。","日本初のセキュリティ会社として誕生した警備業界最大手の会社。
「人の役に立つ仕事がしたい」「安心に暮らせる社会を創りたい」
と考えている方には、やりがいを感じられる仕事です。",正社員,現金護送," (1) 専用車両を使用し、ご契約先への現金や有価証券の護送を行います
 (2) 専用車両を使用し、ATMへの現金の補充や障害対処を行います
 (3) ランプ·シールなどの認識·色の識別や、警報音·物音を聞き分け、
的確に対処します
※ (3) を行うために、業務に支障のない程度の視力·聴覚·色覚が必要です
【職種の変更範囲】会社の定める業務",999-9999,"熊本県熊本市
※特記事項参照",,0,0,3,"必須
普通自動車免許 (AT限定可) 
※入社までに取得してください
※学校の規則や誕生日の関係で取得が難しい場合はお気軽にご相談
ください
※自動車教習所にかかる費用を20万円まで補助します
·20万円未満の場合は実費を補助します
·所定の手続きのうえ、入社後に補助します",あり,不可,あり,なし,239875,239875,あり,あり,10,変形労働時間制 (1ヶ月単位),その他,08:00-17:30,09:00-18:00,20:00-06:00,108,可,令和8年10月1日以降,可,補足事項欄参照,人材採用部,松浦 真由美 / 須藤 采音,マツウラ マユミ / ストウ アヤネ,03-5775-8300,03-5775-8912,recruit2@secom.co.jp,"*就業場所人数は企業全体の人数です
*入社時研修、定期的なフォローアップ研修があります
*年に2回 (連続10日間、6日間) の長期休暇が取得できます
*入社時に付与される有給休暇9日間の取得期限は半年です
*面接と適性検査は同日実施予定
*職場見学会の参加をご希望の場合は、メールか電話でお問い合わ
せください
*選考会は、各都道府県で開催予定です
*職場見学会·選考会の交通費は当社規定額で補助あり","*防犯上の要請で男女雇用機会均等法適用除外により男子のみ募集
*経験年数、技術向上に応じ、他部署への配属、また全国転勤の
可能性もあります
*就業時間は、就業場所により異なります
*2026年6月現在、この地域での夜勤はありません
*昇給制度があります
*現住所から配属先への通勤状況によっては、社宅·独身寮を適用
する可能性があります
*1ケ月単位の変形労働時間制
渋-149",923,59,059-99,,,熊本県熊本市中央区,,,2885,,,,,,,,,,,,,2026年08月18日 08:44,2026年08月18日 08:44,バーコードスキャン,求人番号_13070-102169.pdf,警備・保安の職業,警備員,その他の警備員,警備/保安に関わる,警備員,,,,,,0,453,警備員,,
2026,13070-82869,渋谷公共職業安定所,1307-341364-5,可,セコムカブシキガイシャ,セコム株式会社,150-0001,東京都渋谷区神宮前1-5-1,JR山手線 原宿駅/東京メトロ千代田線 明治神宮前駅 から 徒歩5分,代表取締役社長 吉田 保幸,6011000000000,https://www.secom.co.jp,15991,15991,昭和37年,664億円,"“あらゆる不安のない社会の実現”がセコムの使命です。
「安全·安心·快適·便利」な社会を創造する革新的なサービスで
不安となる様々な課題解決に取り組んでいます。","日本初のセキュリティ会社として誕生した警備業界最大手の会社。
「人の役に立つ仕事がしたい」「安心に暮らせる社会を創りたい」
と考えている方には、やりがいを感じられる仕事です。",正社員,機械警備(ビートエンジニア)地域限定職,"セコムグループのさまざまなサービスの最前線として、高度な「安全·安心」
を24時間365日提供する業務です。
 (1) 防犯センサーによる侵入·火災·救急通報などにより、ただちに現地に
駆けつけ安全を確保します。 (夜勤があります) 
 (2) 設置したセンサー類の点検·電池交換 (お客様対応があります) 
 (3) 上記両業務に加え、鍵·装備品·車両の管理、事務処理など
※約3ケ月間のトレーニング期間があります。
 (ご自身の習熟度や不測の事態により、期間を変更することもあります) 
【職種の変更範囲】会社の定める業務",999-9999,"長崎県長崎市、長崎県諫早市、長崎県佐世保市
※特記事項参照",,4,0,0,"必須
普通自動車免許 (AT限定可) 
※入社までに取得してください
※学校の規則や誕生日の関係で取得が難しい場合はお気軽にご相談
ください
※自動車教習所にかかる費用を20万円まで補助します
·20万円未満の場合は実費を補助します
·所定の手続きのうえ、入社後に補助します",あり,不可,なし,なし,226300,226300,あり,あり,10,変形労働時間制 (1ヶ月単位),その他,09:00-18:00,09:00-20:00,20:00-09:00,108,可,令和8年10月1日以降,可,補足事項欄参照,人材採用部,松浦 真由美 / 須藤 采音,マツウラ マユミ / ストウ アヤネ,03-5775-8300,03-5775-8912,recruit2@secom.co.jp,"*就業場所人数は企業全体の人数です
*入社時研修、定期的なフォローアップ研修があります
*年に2回 (連続10日間、6日間) の長期休暇が取得できます
*入社時に付与される有給休暇9日間の取得期限は半年です
*面接と適性検査は同日実施予定
*職場見学会の参加をご希望の場合は、メールか電話でお問い合わ
せください
*選考会は、各都道府県で開催予定です
*職場見学会、選考会の交通費は当社規定額で補助あり","*転勤範囲は同一県内または現住所から通勤可能な隣接県内に限り
ます。但し、就業場所以外への転居を伴う期限付き異動を命ずる
ことがあります
*業務に支障のない範囲の視力·聴覚·色覚が必要です
 (配線·ランプ·シールなどの認識·色の識別や、警報音·物音
などの聞き分けに必須) 
*昇給制度があります
*1ケ月単位の変形労働時間制
渋-129",923,59,059-01,,,長崎県長崎市,長崎県諫早市,長崎県佐世保市,2886,,,,,,,,,,,,,2026年08月18日 08:44,2026年08月18日 08:44,バーコードスキャン,求人番号_13070-82869.pdf,警備・保安の職業,警備員,施設警備員,警備/保安に関わる,警備員,,,,,,0,453,警備員,,
2026,14030-242369,戸塚公共職業安定所,1403-616956-4,可,カブシキガイシャ イノウエケンセツ,株式会社 井上建設,246-0025,神奈川県横浜市瀬谷区阿久和西4丁目35-5,阿久和山谷バス停徒歩2分 乗車駅:戸塚駅又は三ツ境駅,代表取締役 井上 俊行,3020000000000,,20,17,平成28年,"4,000万円","首都圏中心に総合建設業を行っております。宅地開発工事、解体工
事、外構工事、注文住宅基礎工事、建築一式工事、建築設計、不動
産業、マンション開発が事業内容となります。","有資格者も多く所属しており経験豊富な先輩達が全面サポート。
業績も安定◎不動産、工事、設計と専門人材の振り分けがしっ
かりしているので配属先で活躍できます。",正社員,"マンション建築や土木の現場工事·管理業務
免許や資格の取得費用は全額会社負担◎","マンションや注文住宅の建築現場、土木工事の現場で活躍する仕事です。
まずは先輩のお手伝いから始め、少しずつ仕事を覚えていけば大丈夫◎
優しい先輩たちが丁寧にお教えするので、安心してスタートできます。
将来的には、会社の全額負担で国家資格を取得し、現場監督も目指せます!
【業務内容】
·マンションや一戸建ての土工事、コンクリート工事、基礎工事のサポート
·現場での道具の準備や片付け、先輩の作業のお手伝い
·経験を積んだ後は、工事の品質管理や進捗確認、書類作成などの管理業務
主な現場:県内 (横浜·川崎等) 東京23区 (変更範囲:会社の定める業務) ",246-0025,"神奈川県横浜市瀬谷区阿久和西4丁目35-5
集合後、各現場へ",阿久和山谷バス停徒歩2分 乗車駅:戸塚駅又は三ツ境駅,0,0,5,不問,なし,可,あり,なし,212500,273900,あり,あり,40,,土日,06:30-16:30,,,105,可,令和8年10月1日以降,可,随時,取締役,井上 幸,イノウエ サチ,045-465-6546,045-465-6547,inoue-s@inouekensetu.co.jp,"◇未経験からのスタート大歓迎
L20年以上の経験を持つ親方がマンツーマンで丁寧に教えます。
◇頑張り次第で賞与·昇給あり
L年齢に関係なく、努力や成長をしっかり評価します。
◇資格取得制度あり (会社全額負担) 
L沖縄での合宿型研修を通じ仕事に必要な資格の取得可能◎
◇初期費用は会社が全額負担!転居サポート充実
L引っ越し時は会社のトラックも利用できます。
◇完成した建物が街に残る
L自分が携わった建物を見たときに、大きな達成感を味わえます。","◆資格取得制度あり◎
L重機作業に必要な資格や様々な国家資格、準中型運転免許証など
業務に必要な資格は会社がサポートで取得できます
◆1年目は土日休み◎
L仕事に慣れるまで、基礎をしっかりとゆっくりと身につけられま
す
◆食事会などの社内イベントあり◎
L参加は自由なので、自分のペースで交流できます
◆詳しくは「ジョブドラフトNavi 井上建設」で検索
*高校中退者は随時応募可",61,92,092-01,,,神奈川県横浜市瀬谷区,,,2888,,,,,,,,,,,,,2026年08月18日 08:44,2026年08月18日 08:44,バーコードスキャン,求人番号_14030-242369.pdf,建設・土木・電気工事の職業,土木の職業,建設・土木作業員,建設/建築/土木に関わる,土木工事,,,,,,0,681,土木従事者,,
2026,13070-100469,渋谷公共職業安定所,1307-341364-5,可,セコムカブシキガイシャ,セコム株式会社,150-0001,東京都渋谷区神宮前1-5-1,JR山手線 原宿駅/東京メトロ千代田線 明治神宮前駅 から 徒歩5分,代表取締役社長 吉田 保幸,6011000000000,https://www.secom.co.jp,15991,15991,昭和37年,664億円,"“あらゆる不安のない社会の実現”がセコムの使命です。
「安全·安心·快適·便利」な社会を創造する革新的なサービスで
不安となる様々な課題解決に取り組んでいます。","日本初のセキュリティ会社として誕生した警備業界最大手の会社。
「人の役に立つ仕事がしたい」「安心に暮らせる社会を創りたい」
と考えている方には、やりがいを感じられる仕事です。",正社員,現金護送," (1) 専用車両を使用し、ご契約先への現金や有価証券の護送を行います
 (2) 専用車両を使用し、ATMへの現金の補充や障害対処を行います
 (3) ランプ·シールなどの認識·色の識別や、警報音·物音を聞き分け、
的確に対処します
※ (3) を行うために、業務に支障のない程度の視力·聴覚·色覚が必要です
【職種の変更範囲】会社の定める業務",999-9999,"福岡県福岡市中央区
※特記事項参照",,0,0,3,"必須
普通自動車免許 (AT限定可) 
※入社までに取得してください
※学校の規則や誕生日の関係で取得が難しい場合はお気軽にご相談
ください
※自動車教習所にかかる費用を20万円まで補助します
·20万円未満の場合は実費を補助します
·所定の手続きのうえ、入社後に補助します",あり,不可,あり,なし,239875,240875,あり,あり,10,変形労働時間制 (1ヶ月単位),その他,08:00-17:30,09:00-18:00,20:00-06:00,108,可,令和8年10月1日以降,可,補足事項欄参照,人材採用部,松浦 真由美 / 須藤 采音,マツウラ マユミ / ストウ アヤネ,03-5775-8300,03-5775-8912,recruit2@secom.co.jp,"*就業場所人数は企業全体の人数です
*入社時研修、定期的なフォローアップ研修があります
*年に2回 (連続10日間、6日間) の長期休暇が取得できます
*入社時に付与される有給休暇9日間の取得期限は半年です
*面接と適性検査は同日実施予定
*職場見学会の参加をご希望の場合は、メールか電話でお問い合わ
せください
*選考会は、各都道府県で開催予定です
*職場見学会·選考会の交通費は当社規定額で補助あり","*防犯上の要請で男女雇用機会均等法適用除外により男子のみ募集
*経験年数、技術向上に応じ、他部署への配属、また全国転勤の
可能性もあります
*就業時間は、就業場所により異なります
*2026年6月現在、この地域での夜勤はありません
*昇給制度があります
*現住所から配属先への通勤状況によっては、社宅·独身寮を適用
する可能性があります
*1ケ月単位の変形労働時間制
渋-147",923,59,059-99,,,福岡県福岡市中央区,,,2881,,,,,,,,,,,,,2026年08月18日 08:44,2026年08月18日 08:44,バーコードスキャン,求人番号_13070-100469.pdf,警備・保安の職業,警備員,その他の警備員,警備/保安に関わる,警備員,,,,,,0,453,警備員,,
2026,13070-84369,渋谷公共職業安定所,1307-341364-5,可,セコムカブシキガイシャ,セコム株式会社,150-0001,東京都渋谷区神宮前1-5-1,JR山手線 原宿駅/東京メトロ千代田線 明治神宮前駅 から 徒歩5分,代表取締役社長 吉田 保幸,6011000000000,https://www.secom.co.jp,15991,15991,昭和37年,664億円,"“あらゆる不安のない社会の実現”がセコムの使命です。
「安全·安心·快適·便利」な社会を創造する革新的なサービスで
不安となる様々な課題解決に取り組んでいます。","日本初のセキュリティ会社として誕生した警備業界最大手の会社。
「人の役に立つ仕事がしたい」「安心に暮らせる社会を創りたい」
と考えている方には、やりがいを感じられる仕事です。",正社員,機械警備(ビートエンジニア)地域限定職,"セコムグループのさまざまなサービスの最前線として、高度な「安全·安心」
を24時間365日提供する業務です。
 (1) 防犯センサーによる侵入·火災·救急通報などにより、ただちに現地に
駆けつけ安全を確保します。 (夜勤があります) 
 (2) 設置したセンサー類の点検·電池交換 (お客様対応があります) 
 (3) 上記両業務に加え、鍵·装備品·車両の管理、事務処理など
※約3ケ月間のトレーニング期間があります。
 (ご自身の習熟度や不測の事態により、期間を変更することもあります) 
【職種の変更範囲】会社の定める業務",999-9999,"大分県大分市、大分県中津市
※特記事項参照",,3,0,0,"必須
普通自動車免許 (AT限定可) 
※入社までに取得してください
※学校の規則や誕生日の関係で取得が難しい場合はお気軽にご相談
ください
※自動車教習所にかかる費用を20万円まで補助します
·20万円未満の場合は実費を補助します
·所定の手続きのうえ、入社後に補助します",あり,不可,なし,なし,226300,226300,あり,あり,10,変形労働時間制 (1ヶ月単位),その他,09:00-18:00,09:00-20:00,20:00-09:00,108,可,令和8年10月1日以降,可,補足事項欄参照,人材採用部,松浦 真由美 / 須藤 采音,マツウラ マユミ / ストウ アヤネ,03-5775-8300,03-5775-8912,recruit2@secom.co.jp,"*就業場所人数は企業全体の人数です
*入社時研修、定期的なフォローアップ研修があります
*年に2回 (連続10日間、6日間) の長期休暇が取得できます
*入社時に付与される有給休暇9日間の取得期限は半年です
*面接と適性検査は同日実施予定
*職場見学会の参加をご希望の場合は、メールか電話でお問い合わ
せください
*選考会は、各都道府県で開催予定です
*職場見学会、選考会の交通費は当社規定額で補助あり","*転勤範囲は同一県内または現住所から通勤可能な隣接県内に限り
ます。但し、就業場所以外への転居を伴う期限付き異動を命ずる
ことがあります
*業務に支障のない範囲の視力·聴覚·色覚が必要です
 (配線·ランプ·シールなどの認識·色の識別や、警報音·物音
などの聞き分けに必須) 
*昇給制度があります
*1ケ月単位の変形労働時間制
*マイカー通勤を認めた場合、駐車場はご自身で契約していただく
可能性があります 渋-131",923,59,059-01,,,大分県大分市,大分県中津市,,2887,,,,,,,,,,,,,2026年08月18日 08:44,2026年08月18日 08:44,バーコードスキャン,求人番号_13070-84369.pdf,警備・保安の職業,警備員,施設警備員,警備/保安に関わる,警備員,,,,,,0,453,警備員,,
2026,13070-83069,渋谷公共職業安定所,1307-341364-5,可,セコムカブシキガイシャ,セコム株式会社,150-0001,東京都渋谷区神宮前1-5-1,JR山手線 原宿駅/東京メトロ千代田線 明治神宮前駅 から 徒歩5分,代表取締役社長 吉田 保幸,6011000000000,https://www.secom.co.jp,15991,15991,昭和37年,664億円,"“あらゆる不安のない社会の実現”がセコムの使命です。
「安全·安心·快適·便利」な社会を創造する革新的なサービスで
不安となる様々な課題解決に取り組んでいます。","日本初のセキュリティ会社として誕生した警備業界最大手の会社。
「人の役に立つ仕事がしたい」「安心に暮らせる社会を創りたい」
と考えている方には、やりがいを感じられる仕事です。",正社員,機械警備(ビートエンジニア)地域限定職,"セコムグループのさまざまなサービスの最前線として、高度な「安全·安心」
を24時間365日提供する業務です。
 (1) 防犯センサーによる侵入·火災·救急通報などにより、ただちに現地に
駆けつけ安全を確保します。 (夜勤があります) 
 (2) 設置したセンサー類の点検·電池交換 (お客様対応があります) 
 (3) 上記両業務に加え、鍵·装備品·車両の管理、事務処理など
※約3ケ月間のトレーニング期間があります。
 (ご自身の習熟度や不測の事態により、期間を変更することもあります) 
【職種の変更範囲】会社の定める業務",999-9999,"熊本県熊本市中央区
※特記事項参照",,4,0,0,"必須
普通自動車免許 (AT限定可) 
※入社までに取得してください
※学校の規則や誕生日の関係で取得が難しい場合はお気軽にご相談
ください
※自動車教習所にかかる費用を20万円まで補助します
·20万円未満の場合は実費を補助します
·所定の手続きのうえ、入社後に補助します",あり,不可,なし,なし,226300,226300,あり,あり,10,変形労働時間制 (1ヶ月単位),その他,09:00-18:00,09:00-20:00,20:00-09:00,108,可,令和8年10月1日以降,可,補足事項欄参照,人材採用部,松浦 真由美 / 須藤 采音,マツウラ マユミ / ストウ アヤネ,03-5775-8300,03-5775-8912,recruit2@secom.co.jp,"*就業場所人数は企業全体の人数です
*入社時研修、定期的なフォローアップ研修があります
*年に2回 (連続10日間、6日間) の長期休暇が取得できます
*入社時に付与される有給休暇9日間の取得期限は半年です
*面接と適性検査は同日実施予定
*職場見学会の参加をご希望の場合は、メールか電話でお問い合わ
せください
*選考会は、各都道府県で開催予定です
*職場見学会、選考会の交通費は当社規定額で補助あり","*転勤範囲は同一県内または現住所から通勤可能な隣接県内に限り
ます。但し、就業場所以外への転居を伴う期限付き異動を命ずる
ことがあります
*業務に支障のない範囲の視力·聴覚·色覚が必要です
 (配線·ランプ·シールなどの認識·色の識別や、警報音·物音
などの聞き分けに必須) 
*昇給制度があります
*1ケ月単位の変形労働時間制
渋-130",923,59,059-01,,,熊本県熊本市中央区,,,2884,,,,,,,,,,,,,2026年08月18日 08:44,2026年08月18日 08:44,バーコードスキャン,求人番号_13070-83069.pdf,警備・保安の職業,警備員,施設警備員,警備/保安に関わる,警備員,,,,,,0,453,警備員,,
2026,13070-101769,渋谷公共職業安定所,1307-341364-5,可,セコムカブシキガイシャ,セコム株式会社,150-0001,東京都渋谷区神宮前1-5-1,JR山手線 原宿駅/東京メトロ千代田線 明治神宮前駅 から 徒歩5分,代表取締役社長 吉田 保幸,6011000000000,https://www.secom.co.jp,15991,15991,昭和37年,664億円,"“あらゆる不安のない社会の実現”がセコムの使命です。
「安全·安心·快適·便利」な社会を創造する革新的なサービスで
不安となる様々な課題解決に取り組んでいます。","日本初のセキュリティ会社として誕生した警備業界最大手の会社。
「人の役に立つ仕事がしたい」「安心に暮らせる社会を創りたい」
と考えている方には、やりがいを感じられる仕事です。",正社員,現金護送," (1) 専用車両を使用し、ご契約先への現金や有価証券の護送を行います
 (2) 専用車両を使用し、ATMへの現金の補充や障害対処を行います
 (3) ランプ·シールなどの認識·色の識別や、警報音·物音を聞き分け、
的確に対処します
※ (3) を行うために、業務に支障のない程度の視力·聴覚·色覚が必要です
【職種の変更範囲】会社の定める業務",999-9999,"佐賀県佐賀市
※特記事項参照",,0,0,3,"必須
普通自動車免許 (AT限定可) 
※入社までに取得してください
※学校の規則や誕生日の関係で取得が難しい場合はお気軽にご相談
ください
※自動車教習所にかかる費用を20万円まで補助します
·20万円未満の場合は実費を補助します
·所定の手続きのうえ、入社後に補助します",あり,不可,あり,なし,239875,239875,あり,あり,10,変形労働時間制 (1ヶ月単位),その他,08:00-17:30,09:00-18:00,20:00-06:00,108,可,令和8年10月1日以降,可,補足事項欄参照,人材採用部,松浦 真由美 / 須藤 采音,マツウラ マユミ / ストウ アヤネ,03-5775-8300,03-5775-8912,recruit2@secom.co.jp,"*就業場所人数は企業全体の人数です
*入社時研修、定期的なフォローアップ研修があります
*年に2回 (連続10日間、6日間) の長期休暇が取得できます
*入社時に付与される有給休暇9日間の取得期限は半年です
*面接と適性検査は同日実施予定
*職場見学会の参加をご希望の場合は、メールか電話でお問い合わ
せください
*選考会は、各都道府県で開催予定です
*職場見学会·選考会の交通費は当社規定額で補助あり","*防犯上の要請で男女雇用機会均等法適用除外により男子のみ募集
*経験年数、技術向上に応じ、他部署への配属、また全国転勤の
可能性もあります
*就業時間は、就業場所により異なります
*2026年6月現在、この地域での夜勤はありません
*昇給制度があります
*現住所から配属先への通勤状況によっては、社宅·独身寮を適用
する可能性があります
*1ケ月単位の変形労働時間制
渋-148",923,59,059-99,,,佐賀県佐賀市,,,2883,,,,,,,,,,,,,2026年08月18日 08:44,2026年08月18日 08:44,バーコードスキャン,求人番号_13070-101769.pdf,警備・保安の職業,警備員,その他の警備員,警備/保安に関わる,警備員,,,,,,0,453,警備員,,
2026,35030-332869,宇部公共職業安定所,3503-614425-5,可,キョウエイセイコウ カブシキガイシャ ヤマグチジギョウショ,共英製鋼 株式会社 山口事業所,756-0817,山口県山陽小野田市大字小野田6289番地の18,JR小野田線 小野田港駅 から 徒歩10分,常務執行役員山口事業所長 国丸 洋,5120000000000,https://www.kyoeisteel.co.jp,1007,333,昭和22年,"185億1,600万円","鉄筋コンクリート用異形棒鋼、構造用丸鋼、
等辺山形鋼、平鋼等の生産販売
医療廃棄物、産業廃棄物、一般廃棄物の処理",東証プライム上場、鉄筋コンクリート用棒鋼の国内トップメーカー,正社員,生産技術職,"·電気炉、連続鋳造機、圧延機等、生産設備のオペレーター
·天井クレーンの運転及び保守
·電気設備の保守点検等
·電気回路の設計
·医療、産業、一般廃棄物の処理
【業務内容変更の範囲】会社の定める範囲",756-0817,山口県山陽小野田市大字小野田6289番地の18,JR小野田線 小野田港駅 から 徒歩10分,0,0,10,不問,なし,可,あり,あり,243000,243000,あり,あり,14,交替制 (シフト制),その他,06:45-15:00,14:45-23:00,22:45-07:00,115,不可,,可,補足事項欄参照,総務課長,鈴川 慎一郎,スズカワ シンイチロウ,0836-83-6171,0836-83-1641,ssuzukawa@kyoeisteel.co.jp,"1.福利厚生
確定拠出年金、確定給付年金あり。
独身者用社員寮あり (夕食あり) 
借上社宅制度あり (※結婚時) 
2.クラブ活動
軟式野球
3.湯布院に保養所あり。
4.カフェテリアプラン (リロクラブ) あり。
*応募前職場見学は、7月後半から8月中旬にかけ複数回実施
します。事前にご相談ください。","*試用期間3ヶ月経過後に有給休暇20日を付与
*就業時間はシフト制です。
*その他の手当
交代勤務手当 7,000円/月
夜勤手当 1,000円/回
日祝手当 1,350円/回
住宅手当、家族手当
*選考旅費、赴任旅費は実費支払います。
*履歴書:手書き作成·パソコン作成どちらも可",221,71,071-01,,,山口県山陽小野田市,,,2871,,,,,,,,,,,,,2026年08月18日 08:44,2026年08月18日 08:44,バーコードスキャン,求人番号_35030-332869.pdf,製造・修理・塗装・製図等の職業,製品製造・加工処理工（金属製品）,製銑工、製鋼工、非鉄金属製錬工,生産/製造に関わる,製造/加工(金属),,,,,,0,521,製銑・製鋼・非鉄金属製錬従事者,,
2026,26030-246469,伏見公共職業安定所,2603-613353-3,可,カブシキガイシャ ゴケンドウロジ,株式会社 五健堂ロジ,612-8251,京都府京都市伏見区横大路菅本2番地58 五健堂ビル内,京都市バス 横大路車庫前駅 から 徒歩10分,代表取締役 小林 一彦,6130000000000,https://www.gokendo.co.jp,481,481,平成18年,"1,000万円","一般貨物運送事業 (スーパーさんの食品集荷·配送) 
倉庫業 (スーパーさんの食品仕分け作業) ","創業35年の食品総合物流企業で、業務内容はトラックでの配送業
務と倉庫での仕分業務を行っています。食品物流に特化しており、
スーパーさんや飲食店さん、パンメーカーさん等が主なお客様です",正社員,"トラックドライバー
(2t〜4t車で食品を店舗へお届け)","「京都の食を支える縁の下の力持ち!」
私たち五健堂グループは、京都を中心に食品を運んでいます。大手スーパー
のフレスコさんに足を運べば配達した商品がならび、横綱ラーメンさんに行け
ば配達した食材がおいしいラーメンになって出てきます! みなさんにはそん
な京都の食を支える仕事をしてもらいます。例えば食品が入ったカゴをトラッ
クで配達してもらうシンプルな仕事です。決まった先への配達なので道に詳し
くなくても大丈夫です。 また社内の研修制度があり、研修を受けながらトラ
ックの運転免許も取得できます。そして4年後には大卒初任給以上の給与を得
ることも可能です! 変更範囲:会社の定める業務",612-8251,京都府京都市伏見区横大路菅本2番地58 五健堂ビル内,京都市バス 横大路車庫前駅 から 徒歩10分,0,0,5,"あれば尚可
■応募上必要な資格
·普通自動車免許 (AT限定可) 
※入社後取得可
■業務上必要な資格
·準中型自動車免許 (MT) 
※免許取得費用は会社全額負担",なし,可,あり,なし,200000,200000,あり,あり,20,,その他,06:00-15:00,07:00-16:00,,108,可,令和8年10月16日以降,可,随時,経営管理本部,高橋,タカハシ,075-623-2929,075-612-5050,saiyo@gokendo.co.jp,"■社員寮完備·食堂などの入った複合施設あり
·会社まで徒歩1分、ファミリーマートもあり!
·築8年ほどの新しい物件です (1部屋1人·1人7畳) 
■社内レクリエーションあり (自由参加♪) 
·会社敷地内でバーベキュー
·近くのラウンドワンでボウリングやフットサル
■五健堂グループでコメダ珈琲店やファミリーマートを運営
■社内の物流大学校で働きながら学ぶことができます
■就業時間 (1) または (2) の固定シフト制 (希望考慮します) ","■試用期間について (3か月、労働条件変更なし) 
·はじめは先輩の横に乗って仕事を覚えてもらいます
·準中型免許取得までの間、倉庫業務をしてもらう可能性あり
·試用期間終了後、就業時間が変更になる可能性あり
■応募前職場見学歓迎します (随時受付、日程は打合せの上決定) 
·応募前事前見学は応募の必須条件ではありません
·旅費は全額会社が負担します
■最大有給日数20日
■賃金から控除する額32,690円、手取額167,310円",441,83,083-02,,,京都府京都市伏見区,,,2872,,,,,,,,,,,,,2026年08月18日 08:44,2026年08月18日 08:44,バーコードスキャン,求人番号_26030-246469.pdf,配送・輸送・機械運転の職業,貨物自動車運転の職業,中型・小型トラック運転手,運輸/物流に関わる,トラック,,,,,,0,613,貨物自動車運転者,,
2026,27040-429969,阿倍野公共職業安定所,2704-202636-7,可,ユウゲンガイシャ コボリグミ,有限会社 小堀組,547-0048,大阪府大阪市平野区平野馬場1丁目12-11,JR大和路線 平野駅 から 徒歩8分,代表取締役 小堀 久志,,koborigumi.com,24,24,昭和30年,550万円,ビル·ホテル·社寺の建築の足場、鉄骨、機械の組立·解体作業。,"創立以来現在も有名工事を建築。奈良東大寺の素屋根工事を完成さ
せ勲章を受ける。大阪の鳶技能士の検定員でもある。今後は若手の
育成に力を注いでいる。",正社員,"建物の基礎づくり!
鉄骨の組み立て·モノづくりスタッフ","\建物づくりの基礎を造るお仕事です/
遊園地やマンション·ホテルなど建物の基礎となる“骨組み”の組立·調整を
していくお仕事です。
クレーンなど機械を使った作業や、手作業で組み立てを行います。
未経験でも、まずは先輩スタッフの補助から初めていただき、道具の使い方や
、仕事の流れを把握するところから覚えていただきます!
◎高校新卒生も活躍しています。
*変更範囲:会社が定める業務",547-0048,大阪府大阪市平野区平野馬場1丁目12-11,JR大和路線 平野駅 から 徒歩8分,0,0,2,不問,なし,可,あり,なし,200000,250000,なし,あり,5,,土日 その他,08:00-17:00,,,121,可,令和8年9月16日以降,可,随時,代表取締役,小堀 久志,コボリ ヒサシ,090-3268-9285,06-6710-4904,,"◎高校新卒から1人前の職人を目指せる
新卒入社で入社し、活躍しているスタッフも在籍しています!
未経験で知識もなく不安もあるかと思いますが、そんな先輩もいる
ので安心してください!
◎頑張りはしっかり評価します!
入社後はできることから徐々に仕事を覚えていただきますが、経験
を積んだり、資格を取得していただくとお給料アップや自分の成長
にも繋げていただけます!","【公開求人】
◎年間休日120日以上でプライベートも充実できます!
お休みはしっかりとあるので、プライベートも大切にしていただけ
ます!お休みよりお給料を重視したい方はご相談ください。自分に
あった働き方を一緒に見つけましょう。
*マイカー通勤については要相談 (無料駐車場完備) 
マイカー通勤時は電車代で計算して通勤手当を支給
*宿舎費については部屋により異なる為、要相談となります。
*選考旅費は上限2万円",73,90,090-02,71,071-13,大阪府大阪市平野区,,,2874,,,,,,,,,,,,,2026年08月18日 08:44,2026年08月18日 08:44,バーコードスキャン,求人番号_27040-429969.pdf,建設・土木・電気工事の職業,建設躯体工事の職業,とび工,建設/建築/土木に関わる,建設,製造・修理・塗装・製図等の職業,製品製造・加工処理工（金属製品）,金属溶接・溶断工,生産/製造に関わる,製造/加工(金属),0,652,とび職,528,金属溶接・溶断従事者
2026,26030-245569,伏見公共職業安定所,2603-613353-3,可,カブシキガイシャ ゴケンドウロジ,株式会社 五健堂ロジ,612-8251,京都府京都市伏見区横大路菅本2番地58 五健堂ビル内,京都市バス 横大路車庫前駅 から 徒歩10分,代表取締役 小林 一彦,6130000000000,https://www.gokendo.co.jp,481,481,平成18年,"1,000万円","一般貨物運送事業 (スーパーさんの食品集荷·配送) 
倉庫業 (スーパーさんの食品仕分け作業) ","創業35年の食品総合物流企業で、業務内容はトラックでの配送業
務と倉庫での仕分業務を行っています。食品物流に特化しており、
スーパーさんや飲食店さん、パンメーカーさん等が主なお客様です",正社員,"倉庫スタッフ(スーパー等の店頭にならぶ食
品の仕分け作業)","「京都の食を支える縁の下の力持ち!」
私たち五健堂グループは、京都を中心に食品を運んでいます。大手スーパー
であるフレスコさんに足を運べば自分が仕分けた商品がならび、横綱ラーメン
さんに行けば倉庫にあった食材がおいしいラーメンになって出てきます!
みなさんにはそんな京都の食を支える仕事をしてもらいます。例えば段ボー
ルに入った食品の運び入れ作業や仕分け作業、商品のチェック作業などです。
また五健堂グループには社内の研修制度があります。入社後4年間は会社で
研修を受けてもらいながら、フォークリフトなどの資格も取得できます。
変更範囲:会社の定める業務",612-8251,京都府京都市伏見区横大路菅本2番地58 五健堂ビル内,京都市バス 横大路車庫前駅 から 徒歩10分,0,0,10,不問,なし,可,あり,なし,200000,200000,あり,あり,20,,その他,07:00-16:00,08:00-17:00,13:00-22:00,108,可,令和8年10月16日以降,可,随時,経営管理本部,高橋,タカハシ,075-623-2929,075-612-5050,saiyo@gokendo.co.jp,"■社員寮完備·食堂などの入った複合施設あり
·会社まで徒歩1分、ファミリーマートもあり!
·築8年ほどの新しい物件です (1部屋1人·1人7畳) 
■社内レクリエーションあり (自由参加♪) 
·会社敷地内でバーベキュー
·近くのラウンドワンでボウリングやフットサル
■五健堂グループでコメダ珈琲店やファミリーマートを運営
■社内の物流大学校で働きながら学ぶことができます
■就業時間 (4) 14時〜23時あり
 (1) 〜 (4) の固定シフト制 (希望考慮します) ","■試用期間について (3か月、労働条件変更なし) 
·試用期間終了後、配属部署によっては就業時間が変更になる
可能性があります
■応募前職場見学歓迎します
·旅費は全額会社が負担
·随時受付 (日程については打合せの上決定) 
·応募前職場見学は、応募の必須条件ではありません
■最大有給日数20日
■賃金から控除する額32,690円、手取額167,310円",441,95,095-03,,,京都府京都市伏見区,,,2873,,,,,,,,,,,,,2026年08月18日 08:44,2026年08月18日 08:44,バーコードスキャン,求人番号_26030-245569.pdf,運搬・清掃・包装・選別等の職業,荷役・運搬作業員,倉庫作業員,運輸/物流に関わる,倉庫/作業,,,,,,0,704,倉庫作業従事者,,
2026,13070-80669,渋谷公共職業安定所,1307-341364-5,可,セコムカブシキガイシャ,セコム株式会社,150-0001,東京都渋谷区神宮前1-5-1,JR山手線 原宿駅/東京メトロ千代田線 明治神宮前駅 から 徒歩5分,代表取締役社長 吉田 保幸,6011000000000,https://www.secom.co.jp,15991,15991,昭和37年,664億円,"“あらゆる不安のない社会の実現”がセコムの使命です。
「安全·安心·快適·便利」な社会を創造する革新的なサービスで
不安となる様々な課題解決に取り組んでいます。","日本初のセキュリティ会社として誕生した警備業界最大手の会社。
「人の役に立つ仕事がしたい」「安心に暮らせる社会を創りたい」
と考えている方には、やりがいを感じられる仕事です。",正社員,機械警備(ビートエンジニア)地域限定職,"セコムグループのさまざまなサービスの最前線として、高度な「安全·安心」
を24時間365日提供する業務です。
 (1) 防犯センサーによる侵入·火災·救急通報などにより、ただちに現地に
駆けつけ安全を確保します。 (夜勤があります) 
 (2) 設置したセンサー類の点検·電池交換 (お客様対応があります) 
 (3) 上記両業務に加え、鍵·装備品·車両の管理、事務処理など
※約3ケ月間のトレーニング期間があります。
 (ご自身の習熟度や不測の事態により、期間を変更することもあります) 
【職種の変更範囲】会社の定める業務",999-9999,"福岡県北九州市小倉北区、福岡県北九州市八幡西区、福岡県飯塚市
※特記事項参照",,6,0,0,"必須
普通自動車免許 (AT限定可) 
※入社までに取得してください
※学校の規則や誕生日の関係で取得が難しい場合はお気軽にご相談
ください
※自動車教習所にかかる費用を20万円まで補助します
·20万円未満の場合は実費を補助します
·所定の手続きのうえ、入社後に補助します",あり,不可,なし,なし,226300,226300,あり,あり,10,変形労働時間制 (1ヶ月単位),その他,09:00-18:00,09:00-20:00,20:00-09:00,108,可,令和8年10月1日以降,可,補足事項欄参照,人材採用部,松浦 真由美 / 須藤 采音,マツウラ マユミ / ストウ アヤネ,03-5775-8300,03-5775-8912,recruit2@secom.co.jp,"*就業場所人数は企業全体の人数です
*入社時研修、定期的なフォローアップ研修があります
*年に2回 (連続10日間、6日間) の長期休暇が取得できます
*入社時に付与される有給休暇9日間の取得期限は半年です
*面接と適性検査は同日実施予定
*職場見学会の参加をご希望の場合は、メールか電話でお問い合わ
せください
*選考会は、各都道府県で開催予定です
*職場見学会、選考会の交通費は当社規定額で補助あり","*転勤範囲は同一県内または現住所から通勤可能な隣接県内に限り
ます。但し、就業場所以外への転居を伴う期限付き異動を命ずる
ことがあります
*業務に支障のない範囲の視力·聴覚·色覚が必要です
 (配線·ランプ·シールなどの認識·色の識別や、警報音·物音
などの聞き分けに必須) 
*昇給制度があります
*1ケ月単位の変形労働時間制
渋-127",923,59,059-01,,,福岡県北九州市小倉北区,福岡県北九州市八幡西区,福岡県飯塚市,2880,,,,,,,,,,,,,2026年08月18日 08:44,2026年08月18日 08:44,バーコードスキャン,求人番号_13070-80669.pdf,警備・保安の職業,警備員,施設警備員,警備/保安に関わる,警備員,,,,,,0,453,警備員,,
2026,27010-638969,大阪東公共職業安定所,2701-628092-6,可,カブシキガイシャ チュチュアンナ,株式会社チュチュアンナ,540-0003,大阪府大阪市中央区森ノ宮中央1-10-2,JR·地下鉄 森ノ宮駅 から 徒歩3分,代表取締役 上田 崇敦,3120000000000,https://www.tutuanna.co.jp,1748,5,昭和48年,"8,500万円","当社はソックス·インナー·ウエア·服飾雑貨等の企画·生産·卸
·小売·通販のSPA企業として、小売·卸を通じて「チュチュア
ンナ」ブランドをグローバルに展開しています。","靴下の企画·卸からスタートした当社は、取扱アイテム·事業を拡
大している成長企業です。現在、卸先は全国に約1400件、店舗
展開は全国に約230店舗、海外にも約200店舗を出店してます",正社員,"店舗管理職(販売職店長候補)
(九州エリア)","チュチュアンナの直営店で、ソックス·インナーウエアの販売、売り場づくり
スタッフとして学んだ後、店長に昇格すると、採用·教育·売上管理など幅広
くお任せしていきます。
変更範囲:会社の定める業務",812-0012,福岡県福岡市博多区博多駅中央街1-1 アミュエスト博多B1F,"他 九州エリア27店舗あり (HP参照)
博多駅 から 徒歩3分",4,0,0,不問,あり,不可,あり,なし,199000,204000,あり,あり,5,変形労働時間制 (1ヶ月単位),その他,09:30-18:30,11:30-20:30,13:00-22:00,116,可,令和8年9月16日以降,可,随時,人財開発部,小林·西村,コバヤシ·ニシムラ,06-7176-1554,06-7176-1561,shinsotsu@tutuanna.co.jp,"*転勤の範囲:入社後1年間は自宅から通える範囲の配属、
その後転居を伴う異動あり。
*就業場所·転勤の範囲 (HP参照) 
福岡、長崎、熊本、大分、佐賀、宮崎、鹿児島の店舗
*地域限定採用別途求人あり 熊本、大分、鹿児島
*社宅補助あり 80%会社負担
本人負担相場 10,000円〜15,000円","【公開求人】
*適性検査 (YG) 
*福岡のみ地域手当 7,000円",512,45,045-07,,,福岡県福岡市博多区,,,2875,,,,,,,,,,,,,2026年08月18日 08:44,2026年08月18日 08:44,バーコードスキャン,求人番号_27010-638969.pdf,販売・営業の職業,販売員,衣料品販売店員,販売に関わる,販売,,,,,,0,323,販売店員,,
2026,27010-689069,大阪東公共職業安定所,2701-628092-6,可,カブシキガイシャ チュチュアンナ,株式会社チュチュアンナ,540-0003,大阪府大阪市中央区森ノ宮中央1-10-2,JR·地下鉄 森ノ宮駅 から 徒歩3分,代表取締役 上田 崇敦,3120000000000,https://www.tutuanna.co.jp,1748,8,昭和48年,"8,500万円","当社はソックス·インナー·ウエア·服飾雑貨等の企画·生産·卸
·小売·通販のSPA企業として、小売·卸を通じて「チュチュア
ンナ」ブランドをグローバルに展開しています。","靴下の企画·卸からスタートした当社は、取扱アイテム·事業を拡
大している成長企業です。現在、卸先は全国に約1400件、店舗
展開は全国に約230店舗、海外にも約200店舗を出店してます",正社員,"店舗管理職(販売職店長候補)
(熊本県)","チュチュアンナの直営店で、ソックス·インナーウエアの販売、売り場づくり
スタッフとして学んだ後、店長に昇格すると、採用·教育·売上管理など幅広
くお任せしていきます。
変更範囲:会社の定める業務",862-0965,"熊本県熊本市南区田井島1-2-1 ゆめタウンはませんSC1階
熊本県に3店舗あり (HP参照)
(熊本バス「熊本中央病院」から徒歩1分)",,1,0,0,不問,なし,不可,なし,なし,199000,204000,あり,あり,5,変形労働時間制 (1ヶ月単位),その他,09:30-18:30,11:30-20:30,13:00-22:00,116,可,令和8年9月16日以降,可,随時,人財開発部,小林·西村,コバヤシ·ニシムラ,06-7176-1554,06-7176-1561,shinsotsu@tutuanna.co.jp,,"【公開求人】
*適性検査 (YG) 
*店舗により就業時間が異なります",512,45,045-07,,,熊本県熊本市南区,,,2877,,,,,,,,,,,,,2026年08月18日 08:44,2026年08月18日 08:44,バーコードスキャン,求人番号_27010-689069.pdf,販売・営業の職業,販売員,衣料品販売店員,販売に関わる,販売,,,,,,0,323,販売店員,,
2026,13070-79469,渋谷公共職業安定所,1307-341364-5,可,セコムカブシキガイシャ,セコム株式会社,150-0001,東京都渋谷区神宮前1-5-1,JR山手線 原宿駅/東京メトロ千代田線 明治神宮前駅 から 徒歩5分,代表取締役社長 吉田 保幸,6011000000000,https://www.secom.co.jp,15991,15991,昭和37年,664億円,"“あらゆる不安のない社会の実現”がセコムの使命です。
「安全·安心·快適·便利」な社会を創造する革新的なサービスで
不安となる様々な課題解決に取り組んでいます。","日本初のセキュリティ会社として誕生した警備業界最大手の会社。
「人の役に立つ仕事がしたい」「安心に暮らせる社会を創りたい」
と考えている方には、やりがいを感じられる仕事です。",正社員,機械警備(ビートエンジニア)地域限定職,"セコムグループのさまざまなサービスの最前線として、高度な「安全·安心」
を24時間365日提供する業務です。
 (1) 防犯センサーによる侵入·火災·救急通報などにより、ただちに現地に
駆けつけ安全を確保します。 (夜勤があります) 
 (2) 設置したセンサー類の点検·電池交換 (お客様対応があります) 
 (3) 上記両業務に加え、鍵·装備品·車両の管理、事務処理など
※約3ケ月間のトレーニング期間があります。
 (ご自身の習熟度や不測の事態により、期間を変更することもあります) 
【職種の変更範囲】会社の定める業務",999-9999,"福岡県福岡市、福岡県久留米市、福岡県大野城市
※特記事項参照",,13,0,0,"必須
普通自動車免許 (AT限定可) 
※入社までに取得してください
※学校の規則や誕生日の関係で取得が難しい場合はお気軽にご相談
ください
※自動車教習所にかかる費用を20万円まで補助します
·20万円未満の場合は実費を補助します
·所定の手続きのうえ、入社後に補助します",あり,不可,なし,なし,226300,227300,あり,あり,10,変形労働時間制 (1ヶ月単位),その他,09:00-18:00,09:00-20:00,20:00-09:00,108,可,令和8年10月1日以降,可,補足事項欄参照,人材採用部,松浦 真由美 / 須藤 采音,マツウラ マユミ / ストウ アヤネ,03-5775-8300,03-5775-8912,recruit2@secom.co.jp,"*就業場所人数は企業全体の人数です
*入社時研修、定期的なフォローアップ研修があります
*年に2回 (連続10日間、6日間) の長期休暇が取得できます
*入社時に付与される有給休暇9日間の取得期限は半年です
*面接と適性検査は同日実施予定
*職場見学会の参加をご希望の場合は、メールか電話でお問い合わ
せください
*選考会は、各都道府県で開催予定です
*職場見学会、選考会の交通費は当社規定額で補助あり","*転勤範囲は同一県内または現住所から通勤可能な隣接県内に限り
ます。但し、就業場所以外への転居を伴う期限付き異動を命ずる
ことがあります
*業務に支障のない範囲の視力·聴覚·色覚が必要です。
 (配線·ランプ·シールなどの認識·色の識別や、警報音·物音な
どの聞き分けに必須) 
*昇給制度があります
*1ケ月単位の変形労働時間制
渋-126",923,59,059-01,,,福岡県福岡市中央区,福岡県久留米市,福岡県大野城市,2879,,,,,,,,,,,,,2026年08月18日 08:44,2026年08月18日 08:44,バーコードスキャン,求人番号_13070-79469.pdf,警備・保安の職業,警備員,施設警備員,警備/保安に関わる,警備員,,,,,,0,453,警備員,,
2026,13080-1943569,新宿公共職業安定所,1308-305208-5,可,カブシキガイシャ マルケンコウギョウ,株式会社 丸建興業,167-0022,東京都杉並区下井草3丁目2-1,西武新宿線·下井草駅 から 徒歩10分,代表取締役社長 菅原 敬介,6011300000000,https://maruken-kougyou.co.jp,49,41,昭和43年,1億円,"基礎工事 (杭引抜工事、地中障害撤去工事、山留杭打抜工事) 
建設機械 (移動式クレーン·基礎機械·油圧ショベル等) を使用
して施工を行う専門工事会社です。","挑戦を楽しもう!私たちは「本気」の人を求めています。設立57
年が経過し、若い社員もますます増えてきました。社員のやりがい
と笑顔を大切に、未来への挑戦を楽しめる会社を目指しています。",正社員,【技術職】建物の基盤になる杭を抜くお仕事,"【安全で確実な工事力でお客様に『満足』していただき『感謝』される会社】
弊社は創業59年の建築·土木における基礎工事の専門工事会社です。
<重機オペレーター>
杭打機、杭抜機、移動式クレーン、油圧ショベル等の大型重機の運転
<施工スタッフ>
重機誘導合図、クレーンの玉掛等の現場作業への従事
<建設機械整備スタッフ>
建設機械 (移動式クレーン、油圧ショベル、基礎機械) 等のメンテナンス業務
及び管理業務 変更範囲:なし",167-0022,"東京都杉並区下井草3丁目2-1
*国内各現場 (主に関東近郊) 【HP参照】",西武新宿線·下井草駅 から 徒歩10分,3,2,0,"あれば尚可
·普通自動車免許
·準中型免許",なし,可,あり,なし,170000,280000,あり,あり,2,変形労働時間制 (1ヶ月単位),日祝 その他,08:00-17:00,,,108,可,令和8年10月1日以降,可,随時,人事採用担当,有山 淳二,アリヤマ ジュンジ,03-3395-3261,03-3395-3594,info-maruken@maruken-kougyou.co.jp,"玉掛や合図、誘導が最初のお仕事。資格取得後、油圧ショベルの操
縦、さらに適正に応じて重機オペレーターにも挑戦可能です!
*選考は面接1回
·既卒中退者の応募:可 3年以内 同一労働条件 書類:履歴書
*選考旅費 弊社規定に図り支給 *遠方の場合出張選考も実施
*職場見学·重機操作体験も随時実施中
<社内レクリエーション>
*設立50周年記念旅行はハワイへ
*夏季BBQ、ボーリング大会、フットサル交流会
*お気軽にご相談ください!","·適性を考慮した資格取得支援制度あり (取得費用は会社負担) 
 (例.移動式クレーン運転士·車両系建設機械運転者·玉掛·
ガス·アーク溶接·土木施工管理技士·建築施工管理技士他) 
【入社日】令和9年4月1日 【試用期間】3ヶ月
·初回支給5月25日、申出があれば4月25日に一定額支給可。
·現場が遠方の場合「出張」、夜間の場合「夜勤」あり。
·社宅補助制度があり、社内規定による家賃補助があります。
1部屋1人、24平米、勤務先まで3分。
·昇給は勤務姿勢やスキル等により随時、3千円〜5万円/月。
※毎年、定期昇給あり。",61,8,008-02,8,008-05,東京都杉並区,,,2878,,,,,,,,,,,,,2026年08月18日 08:44,2026年08月18日 08:44,バーコードスキャン,求人番号_13080-1943569.pdf,研究・技術の職業,建築・土木・測量技術者,建築施工管理技術者,建設/建築/土木に関わる,その他(建設/建築/土木に関わる),研究・技術の職業,建築・土木・測量技術者,土木施工管理技術者,建設/建築/土木に関わる,その他(建設/建築/土木に関わる),0,91,建築技術者,92,土木技術者
2026,27010-690269,大阪東公共職業安定所,2701-628092-6,可,カブシキガイシャ チュチュアンナ,株式会社チュチュアンナ,540-0003,大阪府大阪市中央区森ノ宮中央1-10-2,JR·地下鉄 森ノ宮駅 から 徒歩3分,代表取締役 上田 崇敦,3120000000000,https://www.tutuanna.co.jp,1748,8,昭和48年,"8,500万円","当社はソックス·インナー·ウエア·服飾雑貨等の企画·生産·卸
·小売·通販のSPA企業として、小売·卸を通じて「チュチュア
ンナ」ブランドをグローバルに展開しています。","靴下の企画·卸からスタートした当社は、取扱アイテム·事業を拡
大している成長企業です。現在、卸先は全国に約1400件、店舗
展開は全国に約230店舗、海外にも約200店舗を出店してます",正社員,"店舗管理職(販売職店長候補)
(大分県)","チュチュアンナの直営店で、ソックス·インナーウエアの販売、売り場づくり
スタッフとして学んだ後、店長に昇格すると、採用·教育·売上管理など幅広
くお任せしていきます。
変更範囲:会社の定める業務",870-1198,"大分県大分市大字玉沢字楠本755-1 トキワわさだタウン2階
大分県に2店舗あり (HP参照)",(大分駅よりバス25分),1,0,0,不問,なし,不可,なし,なし,199000,204000,あり,あり,5,変形労働時間制 (1ヶ月単位),その他,09:30-18:30,11:30-20:30,13:00-22:00,116,可,令和8年9月16日以降,可,随時,人財開発部,小林·西村,コバヤシ·ニシムラ,06-7176-1554,06-7176-1561,shinsotsu@tutuanna.co.jp,,"【公開求人】
*適性検査 (YG) 
*店舗により就業時間が異なります",512,45,045-07,,,大分県大分市,,,2876,,,,,,,,,,,,,2026年08月18日 08:44,2026年08月18日 08:44,バーコードスキャン,求人番号_27010-690269.pdf,販売・営業の職業,販売員,衣料品販売店員,販売に関わる,販売,,,,,,0,323,販売店員,,
2026,27020-2061669,梅田公共職業安定所,2702-423678-8,可,キョウエイセイコウ カブシキガイシャ,共英製鋼株式会社,530-0004,大阪府大阪市北区堂島浜1-4-16 アクア堂島西館18F,JR東西線 北新地駅,代表取締役 坂本 尚吾,5120000000000,https://www.kyoeisteel.co.jp,1007,251,昭和22年,"185億1,600万円","鉄筋の製造、販売。鉄スクラップからビルや家などの建造物に欠か
ない建築用鉄筋を造る製造業。環境に配慮しながら鉄づくりと廃棄
物処理を同時に行う社会に貢献できる地域密着型の企業。","東証プライム上場、鉄筋コンクリート用棒鋼の国内トップメーカー
国内4工場のほか、ベトナム·北米に子会社があり、環境リサイク
ル事業も積極展開中",正社員,生産技術職,"1 製鋼 鉄スクラップを電気炉で溶解し、溶けた鉄を固め、「ビレット」と
いう半製品を製造する工程 (4〜5名程度のグループで機械設備の
オペレーション業務) 
2 圧延 製鋼工程で製造された「ビレット」を圧延機で延ばし、鉄筋を製造
する工程 (4〜5名程度のグループで機械設備のオペレーション業
務) 
3 工務 工場内の製造設備や建物の保全·メンテナンス作業
《変更範囲:変更なし》",490-1443,愛知県海部郡飛島村大字新政成字未之切809-1,近鉄線 蟹江駅 から 車20分,0,0,1,"あれば尚可
自動車運転免許
 (入社後取得可) ",なし,可,あり,なし,243000,243000,あり,あり,15,変形労働時間制 (1ヶ月単位),その他,07:15-15:00,14:45-22:15,22:00-07:30,110,不可,,可,補足事項欄参照,人事総務部 人事総務課,清田 兼悟,キヨタ ケンゴ,06-6346-5221,06-6346-5330,kkiyota@kyoeisteel.co.jp,"·入社後1ヵ月間は各生産現場にて研修を実施します。本人の適性
や能力などを勘案の上、5月初めに配属先を決定します。
·一定の業績に応じて、期末 (3月末) にプラスαの「業績連動賞
与」を支給します。
·応募前見学·選考·赴任の旅費は、全額会社負担 (上限なし) 
·年間総労働時間:1899.5時間
【公開求人】","〈福利厚生〉会社から車で20分程度の場所に独身寮あり。約8畳
の個室にミニキッチン·風呂·トイレ·エアコン完
備。近隣にショッピングモール、郵便局、総合病院な
どがあり、利便性が高い。
·帰省旅費手当 (入社後2年以内) や持株会制度など福利厚生も
充実
·新規高卒者の昇給予定日:翌年4月1日",222,71,071-04,71,071-03,愛知県海部郡飛島村,,,2869,,,,,,,,,,,,,2026年08月18日 08:44,2026年08月18日 08:44,バーコードスキャン,求人番号_27020-2061669.pdf,製造・修理・塗装・製図等の職業,製品製造・加工処理工（金属製品）,圧延工,生産/製造に関わる,製造/加工(金属),製造・修理・塗装・製図等の職業,製品製造・加工処理工（金属製品）,金属熱処理工,生産/製造に関わる,製造/加工(金属),0,529,その他の製品製造・加工処理従事者（金属製品）,529,その他の製品製造・加工処理従事者（金属製品）
2026,40010-1804469,福岡中央公共職業安定所,4001-126695-7,可,カブシキガイシャ フルラッキーコーポレーション,株式会社 フルラッキーコーポレーション,812-0896,"福岡県福岡市博多区東光寺町2-1-22
カレーハウスCoCo壱番屋2F",,代表取締役 満吉 智浩,5290000000000,http://www.full-lucky.com/,600,28,平成2年,"1,000万円","カレーハウスCoCo壱番屋·やきにく飛牛·ペンギンベーカリー
の店舗展開","カレーハウスCoCo壱番屋が展開しているフランチャイズの中で
トップクラスの店舗数 (32店舗) を保有し、今後もやきにく飛牛
·ペンギンベーカリーを含め出店を続けていく予定です。",正社員,店内業務及び接客サービス,"·カレーハウスCOCO壱番屋での接客サービス及び調理業務ほか電話対応、
在庫管理、店内清掃も行っていただきます。
·将来の店長候補としてシフト管理も学んでもらいます。
·ほとんどの方が、未経験スタートなので安心してください。
一から丁寧に研修致しますので、経験なしでも希望があれば店長や幹部、独
立も目指すことが可能です。
※将来の配置:状況に応じ当社業務全般",812-0896,"福岡県福岡市博多区東光寺町2ー1ー22 カレーハウスCOCO
壱番屋2F
その他、特記事項参照",西鉄バス 東光寺北口駅 から 徒歩1分,8,0,0,不問,あり,可,あり,なし,200544,275000,あり,あり,20,変形労働時間制 (1ヶ月単位),その他,10:00-20:00,12:00-22:00,14:00-00:00,72,可,令和8年11月1日以降,可,随時,人事部,原 洋平,ハラ ヨウヘイ,092-441-6644,092-441-6681,flc.hara28@gmail.com,"応募書類作成はどちらも可 ·作文テーマ「10年後の自分」
就業時間:店舗により1〜3以外もあります。
昇給制度:等級制度導入
独立支援制度において現在当社より18名の独立者を輩出
·年1回社員旅行 (釜山、沖縄、大分、長崎など) 
·規定等級達成でハワイ旅行と祝金5万円支給
·ソフトバンク (野球) コカ·コーラシート年間契約
·海の中道近くのリゾートマンションの保養所あり
·その他、社内イベント優秀者に祝金制度あり
·無料駐車場あり ·中退者応募可","·手取り見込額227,959円 控除額47,041円
·入寮者は別途25,000円控除します。
·【福岡エリア】12店舗【北九州エリア】7店舗
【その他エリア】宗像、粕屋、飯塚、春日、鳥栖【沖縄エリア】
4店舗
※基本的に勤務地は自宅近くの店舗に配属
※エリア内、通勤可能な店舗に異動あり
※通勤については店舗によって公共交通機関での通勤が難しい場合
もありますので、ほとんどの方がマイカー通勤しています。
※インセンティブ月平均4.5万円程度あり",762,56,056-01,56,056-03,福岡県福岡市博多区,,,2864,,,,,,,,,,,,,2026年08月18日 08:44,2026年08月18日 08:44,バーコードスキャン,求人番号_40010-1804469.pdf,サービスの職業,接客・給仕の職業,飲食店店長,接客/サービスに関わる,接客,サービスの職業,接客・給仕の職業,ウエイター・ウエイトレス（飲食店ホール係） 、配ぜん人,接客/サービスに関わる,接客,0,401,飲食店主・店長,403,飲食物給仕従事者
2026,27020-2060169,梅田公共職業安定所,2702-423678-8,可,キョウエイセイコウ カブシキガイシャ,共英製鋼株式会社,530-0004,大阪府大阪市北区堂島浜1-4-16 アクア堂島西館18F,JR東西線 北新地駅,代表取締役 坂本 尚吾,5120000000000,https://www.kyoeisteel.co.jp,1007,200,昭和22年,"185億1,600万円","鉄筋の製造、販売。鉄スクラップからビルや家などの建造物に欠か
ない建築用鉄筋を造る製造業。環境に配慮しながら鉄づくりと廃棄
物処理を同時に行う社会に貢献できる地域密着型の企業。","東証プライム上場、鉄筋コンクリート用棒鋼の国内トップメーカー
国内4工場のほか、ベトナム·北米に子会社があり、環境リサイク
ル事業も積極展開中",正社員,生産技術職,"1) 製鋼 原料となる鉄を電気の熱で溶かして、決められた形の新しい鉄の塊
 (ビレット) を作る仕事
2) 圧延 製鋼で作られた鉄の塊 (ビレット) を機械によって棒や板などの形
に加工する仕事
3) 工務 工場で動く機械や機械を動かす電気設備などのメンテナンスや設計
を行う仕事
「変更範囲:会社の定める業務」",573-0004,大阪府枚方市中宮大池3丁目1番1号,"京阪枚方市駅より京阪バス12分乗車 東池ノ宮バス停より10分
京阪本線 枚方市駅 から 車12分",0,0,1,不問,なし,可,あり,なし,243000,243000,あり,あり,9,変形労働時間制 (1ヶ月単位),その他,06:45-15:00,14:45-23:00,22:45-07:00,112,不可,,可,補足事項欄参照,人事総務部 人事総務課,清田 兼悟,キヨタ ケンゴ,06-6346-5221,06-6346-5330,kkiyota@kyoeisteel.co.jp,"1) 特色 東証プライム市場上場 鉄筋シェア NO.1
2) 労働条件 3直3交替制 年間休日112日 賞与は年3回
 (6月、12月、3月) の支給に加え、会社の業
績に応じ3月に業績連動加算賞与を支給
3) 福利厚生 独身寮、社員食堂、リロクラブ
湯布院に保養所あり、野球部のクラブ活動あり
*応募前職場見学は7月中旬から8月下旬にかけ複数回実施し
ます。事前にご相談ください。なお、応募前職場見学への
参加の有無によって採否を決定するものではありません。","【公開求人】
*試用期間 (3ヶ月) 経過後、有給休暇20日付与
*その他の手当 役職手当、住宅手当、家族手当、特殊技能手当、
休日出勤手当、深夜勤務手当、呼出手当、
特別出勤手当など
*工場内に駐車場、駐輪場あり (無料) 、自転車·バイク可
*単身寮は月額1万円 (駐車場代含む) 水道光熱費は自己負担
*入社前支度金 50,000円支給
*適性検査:性格判断テスト",222,67,067-01,67,067-99,大阪府枚方市,,,2868,,,,,,,,,,,,,2026年08月18日 08:44,2026年08月18日 08:44,バーコードスキャン,求人番号_27020-2060169.pdf,製造・修理・塗装・製図等の職業,生産設備オペレーター（金属製品）,製銑・製鋼・非鉄金属製錬設備オペレーター,生産/製造に関わる,機械操作,製造・修理・塗装・製図等の職業,生産設備オペレーター（金属製品）,その他の生産設備オペレーター（金属製品）,生産/製造に関わる,機械操作,0,491,製銑・製鋼・非鉄金属製錬設備制御・監視員,499,その他の生産設備制御・監視従事者（金属製品）
2026,27080-527269,堺公共職業安定所,2708-400814-1,可,カブシキガイシャ エレコン,株式会社 エレコン,590-0823,大阪府堺市堺区石津北町48番地,南海本線 石津川駅/JR阪和線 上野芝駅 から 徒歩15分,代表取締役社長 中家 幸一,5120100000000,http://elecon-kk.co.jp,293,21,昭和56年,"5,000万円","引越しに伴う家電設備工事 (主にエアコン) 及び大手メ-カ-によ
る業務用空調設備工事。
Z02","当社は東証プライム上場企業である (株) サカイ引越センターの1
00%子会社です。 (株) サカイ引越センターより継続して作業依
頼が入りますので、安定した業績が見込めます。",正社員,電気工事アシスタント(大阪支店),"工事部に所属し、先輩社員の指導のもとお客様宅へ訪問し、家電製品の取り外
し、取り付けの工事を行います。
取付品目
エアコン·洗濯機·テレビ·DVD·アンテナ·パソコン、食洗機·ウォシュ
レット·照明 等
【業務の変更範囲】変更なし",590-0823,大阪府堺市堺区石津北町48番地,南海本線 石津川駅/JR阪和線 上野芝駅 から 徒歩15分,0,0,5,"必須
*入社時は不問。
*入社後は第二種電気工事士免許、普通免許 (AT限定可) の取得
が必要です。",なし,可,あり,なし,220000,220000,あり,あり,15,変形労働時間制 (1年単位),その他,07:30-17:30,,,110,可,令和8年9月16日以降,可,随時,人事部,採用担当者,サイヨウタントウシャ,072-275-8571,072-280-2033,e-saiyou@elecon-kk.co.jp,"※宿舎について
·物件が複数あるため条件が変更になる可能性があります。
·賃料の半額15,000円〜30,000円 (管理費、共益費込
) 、光熱費は自己負担
·寮から会社まで徒歩5分〜電車で30分以内 (物件による) 
·寝具は持ち込みのみ (貸与はありません。) 
※休日は、固定ではありませんが、希望休の申請も可能です。
支店内で調整して、休日を取ることができます
※公開求人","※寮の利用について
通勤可能と当社が判断した場合、入寮をお断りさせていただくこ
とがあります。入寮希望の場合は必ず応募前にご確認ください。
※入社1年後を目安に基本給+業績給に変更できます。
※第二種電気工事士免許につきましては5,000円/月の資格手
当がつきます。
※普通自動車免許は入社後に免許合宿に通って頂くことも可能です
·借入も可能、手配を全て会社で行うこともできます。",89,94,094-05,94,094-04,大阪府堺市堺区,,,2867,,,,,,,,,,,,,2026年08月18日 08:44,2026年08月18日 08:44,バーコードスキャン,求人番号_27080-527269.pdf,建設・土木・電気工事の職業,電気・通信工事の職業,電気工事作業員,建設/建築/土木に関わる,電気工事,建設・土木・電気工事の職業,電気・通信工事の職業,電気通信設備工事作業員,建設/建築/土木に関わる,電気工事,0,679,その他の電気工事従事者,674,電気通信設備工事従事者
2026,08040-28769,土浦公共職業安定所,0804-203406-4,可,キョウエイセイコウカブシキガイシャ カントウジギョウショ,共英製鋼株式会社 関東事業所,300-4111,茨城県土浦市大畑580,土浦駅 から 車15分,事業所 所長 川上 浩生,5120000000000,http://www.kyoeisteel.co.jp/index.html,1007,181,昭和22年,"185億1,600万円","鉄筋の製造,販売。鉄スクラップからビルや家などの建造物に欠か
せない建築用鉄筋を造る製造業。環境に配慮しながら鉄づくりと廃
棄物処理を同時に行う社会に貢献できる地域密着型の企業。","共英製鋼 (本社大阪市。プライム市場) の関東拠点。
鉄筋シェア国内ナンバー1!安定の経営基盤!",正社員,"生産技術職(ラインオペレーター、機械·
電機設備メンテナンス等)","【モノづくりや機械電気好き!重機·クレーン操作に興味のある方必見!!】
〈製鋼〉鉄スクラップを電気の熱で溶かし、新しい鉄の塊を造ったり成型した
り固めたりする機械操作やクレーン操作等を行います!
〈圧延〉製鋼で造られた鉄の塊を機械で棒などの形に加工成型したり、機械操
作や製品品質チェック、機械調整や組立等を行います!
〈工務〉工場内の機械や電気設備などのメンテナンスや設計を行います!
工場勤務者が仕事をしやすくする縁の下の力持ちのお仕事です!
*変更範囲:なし",300-4111,茨城県土浦市大畑580,土浦駅 から 車15分,0,0,2,不問,なし,可,あり,なし,243000,243000,あり,あり,20,変形労働時間制 (1ヶ月単位),日 その他,06:45-15:00,14:45-23:00,22:45-07:00,112,不可,,可,随時,総務課長,黒澤 俊輔,クロサワ シュンスケ,029-862-5111,029-862-5115,skurosawa@kyoeisteel.co.jp,"■履歴書は手書きでも構いません
■選考日9/16〜9/18 以降も学校と相談の上調整可
■学科試験なし 適性検査は性格判断検査です
〇福利厚生が充実しています!
·独身寮 (ホテル型8畳ワンルームタイプ、施錠付、光熱費込
1万円/月、Wi-Fi、エアコン、シャワートイレ
ミニキッチン冷蔵庫付、朝食100円、夕食300円) 
·厚生棟新築 (社員食堂400円、ロッカールーム、大浴場) 
·福利厚生倶楽部 (リロクラブ) 加入","〇休日:土日 (部署により日月) プライベートも充実出来ます!
ゴールデンウィーク、夏季、秋季、年末年始に長期休暇あり!
〇労働条件:1年目から有休20日付与 (入社3か月から取得可) 
有休積立制度あり (最大80日) 
〇その手当:住宅手当 (世帯主の場合) 1万円/月、交代手当8千
円/月、夜勤手当千円/回、深夜手当 (PM10〜AM5は3割5
分増) 、日祝手当1350円/回、家族手当など
〇入社6年目 (24歳) 平均年収530万円 (2025年度実績) 
○応募前見学や面接時の交通費、宿泊代を支給します!
〇入社前支度金 (赴任旅費)  5万円支給",222,67,067-01,75,075-01,茨城県土浦市,,,2870,,,,,,,,,,,,,2026年08月18日 08:44,2026年08月18日 08:44,バーコードスキャン,求人番号_08040-28769.pdf,製造・修理・塗装・製図等の職業,生産設備オペレーター（金属製品）,製銑・製鋼・非鉄金属製錬設備オペレーター,生産/製造に関わる,機械操作,製造・修理・塗装・製図等の職業,機械整備・修理工,はん用・生産用・業務用機械器具整備・修理工,生産/製造に関わる,整備/修理,0,491,製銑・製鋼・非鉄金属製錬設備制御・監視員,551,はん用・生産用・業務用機械器具整備・修理従事者
2026,40010-1805769,福岡中央公共職業安定所,4001-126695-7,可,カブシキガイシャ フルラッキーコーポレーション,株式会社 フルラッキーコーポレーション,812-0896,"福岡県福岡市博多区東光寺町2-1-22
カレーハウスCoCo壱番屋2F",,代表取締役 満吉 智浩,5290000000000,http://www.full-lucky.com/,600,28,平成2年,"1,000万円","カレーハウスCoCo壱番屋·やきにく飛牛·ペンギンベーカリー
の店舗展開","カレーハウスCoCo壱番屋が展開しているフランチャイズの中で
トップクラスの店舗数 (32店舗) を保有し、今後もやきにく飛牛
·ペンギンベーカリーを含め出店を続けていく予定です。",正社員,店内業務及び接客サービス(サポート),"·カレーハウスCOCO壱番屋での接客サービス及び調理業務ほか電話対応、
在庫管理、店内清掃も行っていただきます。
·将来の店長候補としてシフト管理も学んでもらいます。
·ほとんどの方が、未経験スタートなので安心してください。
一から丁寧に研修致しますので、経験なしでも希望があれば店長や幹部、独
立も目指すことが可能です。
※将来の配置:状況に応じ当社業務全般",812-0896,"福岡県福岡市博多区東光寺町2-1-22
カレーハウスCoCo壱番屋2F
その他、特記事項参照",西鉄バス 東光寺北口駅 から 徒歩1分,8,0,0,不問,あり,可,あり,なし,186032,225000,あり,あり,2,変形労働時間制 (1ヶ月単位),その他,10:00-20:00,12:00-22:00,14:00-00:00,108,可,令和8年11月1日以降,可,随時,人事部,原 洋平,ハラ ヨウヘイ,092-441-6644,092-441-6681,flc.hara28@gmail.com,"応募書類作成はどちらも可 ·作文テーマ「10年後の自分」
就業時間:店舗により1から3以外もあります。
昇給制度:等級制度導入
独立支援制度において現在当社より18名の独立者を輩出
·年1回社員旅行 (釜山、沖縄、大分、長崎など) 
·規定等級達成でハワイ旅行と祝金5万円支給
·ソフトバンク (野球) コカ·コーラシート年間契約
·海の中道近くのリゾートマンションの保養所あり
·その他、社内イベント優秀者に祝金制度あり
·無料駐車場あり ·中退者応募可","·手取り見込額188,321円 控除額36,679円
·入寮者は別途25,000円控除します。
·【福岡エリア】12店舗【北九州エリア】7店舗
【その他エリア】宗像、粕屋、飯塚、春日、鳥栖【沖縄エリア】
4店舗
※基本的に勤務地は自宅近くの店舗に配属
※エリア内、通勤可能な店舗に異動あり
※通勤については店舗によって公共交通機関での通勤が難しい場合
もありますので、ほとんどの方がマイカー通勤しています。
※インセンティブ月平均4.5万円程度あり",762,56,056-01,56,056-03,福岡県福岡市博多区,,,2865,,,,,,,,,,,,,2026年08月18日 08:44,2026年08月18日 08:44,バーコードスキャン,求人番号_40010-1805769.pdf,サービスの職業,接客・給仕の職業,飲食店店長,接客/サービスに関わる,接客,サービスの職業,接客・給仕の職業,ウエイター・ウエイトレス（飲食店ホール係） 、配ぜん人,接客/サービスに関わる,接客,0,401,飲食店主・店長,403,飲食物給仕従事者
2026,40010-1808969,福岡中央公共職業安定所,4001-126695-7,可,カブシキガイシャ フルラッキーコーポレーション,株式会社 フルラッキーコーポレーション,812-0896,"福岡県福岡市博多区東光寺町2-1-22
カレーハウスCoCo壱番屋2F",,代表取締役 満吉 智浩,5290000000000,http://www.full-lucky.com/,600,24,平成2年,"1,000万円","カレーハウスCoCo壱番屋·やきにく飛牛·ペンギンベーカリー
の店舗展開","カレーハウスCoCo壱番屋が展開しているフランチャイズの中で
トップクラスの店舗数 (32店舗) を保有し、今後もやきにく飛牛
·ペンギンベーカリーを含め出店を続けていく予定です。",正社員,店内業務及び接客サービス,"※自社ブランド『やきにく飛牛』での接客サービス及び調理業務ほか電話対応
在庫管理、店内清掃も行っていただきます。
※将来の店長候補として人件費、食材費の管理も学んでもらいます。
※将来的にコース料理の考案も行えるように食材についても学んでもらいます
。
自分で作ったコース料理が商品になるので楽しみながらお仕事ができます。
※一から丁寧に研修致しますので、経験なしでも店長や幹部を目指すことも
可能です。
※将来の配置:状況に応じ当社業務全般",814-0133,福岡県福岡市城南区七隈5ー21-8,地下鉄七隈線 七隈駅 から 徒歩5分,5,0,0,不問,なし,可,あり,なし,183302,272767,あり,あり,25,変形労働時間制 (1ヶ月単位),その他,15:00-23:00,16:00-00:00,17:00-01:00,72,可,令和8年11月1日以降,可,随時,人事部,原 洋平,ハラ ヨウヘイ,092-441-6644,092-441-6681,flc.hara28@gmail.com,"応募書類作成はどちらも可
就業時間:店舗により (1) から (3) 以外もあります。
·年1回社員旅行
·ソフトバンク (野球) コカ·コーラシート年間契約
·海の中道近くのリゾートマンションの保養所あり
·中退者応募可
·無料駐車場あり","·手取り見込額225,847円 控除額46,920円
※基本的に勤務地は自宅近くの店舗に配属
※エリア内、通勤可能な店舗に異動あり",762,56,056-01,56,056-03,福岡県福岡市城南区,,,2866,,,,,,,,,,,,,2026年08月18日 08:44,2026年08月18日 08:44,バーコードスキャン,求人番号_40010-1808969.pdf,サービスの職業,接客・給仕の職業,飲食店店長,接客/サービスに関わる,接客,サービスの職業,接客・給仕の職業,ウエイター・ウエイトレス（飲食店ホール係） 、配ぜん人,接客/サービスに関わる,接客,0,401,飲食店主・店長,403,飲食物給仕従事者
2026,27080-528569,堺公共職業安定所,2708-400814-1,可,カブシキガイシャ エレコン,株式会社 エレコン,590-0823,大阪府堺市堺区石津北町48番地,南海本線 石津川駅/JR阪和線 上野芝駅 から 徒歩15分,代表取締役社長 中家 幸一,5120100000000,http://elecon-kk.co.jp,293,23,昭和56年,"5,000万円","引越しに伴う家電設備工事 (主にエアコン) 及び大手メ-カ-によ
る業務用空調設備工事。
Z02","当社は東証プライム上場企業である (株) サカイ引越センターの1
00%子会社です。 (株) サカイ引越センターより継続して作業依
頼が入りますので、安定した業績が見込めます。",正社員,電気工事アシスタント(福岡支店),"工事部に所属し、先輩社員の指導のもとお客様宅へ訪問し、
家電製品の取り外し、取り付けの工事を行います。
取付品目
エアコン·洗濯機·テレビ·DVD·アンテナ·パソコン、
食洗機·ウォシュレット·照明 等
*業務の変更範囲:変更なし",819-0166,"福岡県福岡市西区横浜1-43-6
株式会社エレコン 福岡支店",九大学研都市駅 から 徒歩10分,0,0,5,"必須
*入社時は不問。
*入社後は第二種電気工事士免許、普通免許 (AT限定可) の取得
が必要です。",なし,可,あり,なし,220000,220000,あり,あり,15,変形労働時間制 (1年単位),その他,07:30-17:30,,,110,可,令和8年9月16日以降,可,随時,人事部,採用担当者,サイヨウタントウシャ,072-275-8571,072-280-2033,e-saiyou@elecon-kk.co.jp,"※公開求人
※職場見学は事前に連絡してください。
※宿舎は物件が複数あるため、条件が変更になる場合があります。
·賃料の半額15,000円〜30,000円 (管理費·共益費込
) 、光熱費は自己負担。
·寮から会社まで徒歩5分〜電車で30分以内 (物件による) 
·寝具は持込みのみ (貸与はありません。) 
※寮の利用について
通勤可能と当社が判断した場合、入寮をお断りさせていただくこ
とがあります。入寮希望の場合は必ず応募前にご確認ください。","※入社1年後を目安に基本給+業績給に変更でき、より稼ぐ事が可
能です。
※休日は、固定ではありませんが、希望休の申請も可能です。
支店内で調整して、休日を取ることができます。
※第二種電気工事士免許につきましては5,000円/月の資格手
当がつきます。
※普通自動車免許は入社後に免許合宿に通って頂くことも可能です
·借入も可能、手配を全て会社で行うこともできます。",89,94,094-05,,,福岡県福岡市西区,,,2306,,,,,,,,,,,,,2026年07月30日 09:59,2026年08月18日 08:36,バーコードスキャン,求人番号_27080-528569.pdf,建設・土木・電気工事の職業,電気・通信工事の職業,電気工事作業員,建設/建築/土木に関わる,電気工事,,,,,,0,679,その他の電気工事従事者,,
2026,13010-301769,飯田橋公共職業安定所,1301-629987-5,可,カブシキガイシャキカンボウ,株式会社鬼金棒,101-0044,東京都千代田区神田鍛冶町2-10-9,JR秋葉原駅 から 徒歩7分/JR神田駅 から 徒歩3分,代表取締役 三浦 正和,7010000000000,https://kikanbo.co.jp,30,12,平成21年,"1,000万円","1.飲食店の経営 2.海外FC加盟店の募集及び経営指導
3.海外FC加盟店への食材等の供給 4.食品製造
5.食品の通信販売","行列のできるらー麺店とカレー店を運営。年齢や学歴、性別、国籍
に関係なく、全員が同条件のスタートで働く公平な会社です。国内
に3店舗 (直営店) 、海外に5店舗 (フランチャイズ) を展開。",正社員,調理、接客業務,"まずは洗い場からスタートして、当社各店舗の業務を一通りマスター
できたら、その後は店舗運営全般を学んで管理職を目指してください。
 (ラーメン屋での業務内容となります) 
ステップ1.店舗清掃、洗い場、仕込み作業
2.食券お預かり、商品ご提供、客席への誘導
3.炒め物·料理仕上げなどの調理作業
4.スタッフシフト管理、売上げ·仕入れ管理、食材管理、
人材の育成等
変更範囲:会社の定める業務",101-0044,"東京都千代田区鍛冶町2-10-9 本店
他、当社直営店 (詳細はHP参照)",,0,0,5,不問,あり,不可,あり,なし,190000,239400,あり,あり,30,変形労働時間制 (1ヶ月単位),その他,08:00-17:00,11:00-20:00,14:30-23:30,108,可,令和8年10月1日以降,可,随時,採用担当,採用担当者,,03-6206-0025,03-6206-0025,soumu@kikanbo.co.jp,"·2009年にオープンした辛さと痺れにこだわったカラシビ味噌
らー麺を展開しており、今後も店舗拡大予定です。
·やる気のある人には新メニュー開発、海外店舗のオープニング準
備などの様々な業務もできます。
·入社後は、ライフスタイル·希望に応じて働き方を選べます。
·実績:高卒社員 (入社3年目) 月給30万円 (残業代込) 
·多くの従業員は、半年以内に5日の有給を使用しています。
·令和7年度は高卒社員が1名入り、少しずつ活躍しています。
·業績はコロナ前の売上げを超えており、常に行列のできる
人気です。当社のおいしい賄いも魅力の1つです。","·試用期間中の賃金:月額235,600円
 (試用期間中は職能給5,600円を支給) 
·年間総労働時間2286時間
·週44時間特別措置対象事業所 (飲食業) 
·職場見学は随時受付中です。お気軽にご連絡ください。
·遠方の方には借上社宅をご用意いたします。
※個人負担額:物件の半額。 (半額は会社負担。20歳まで) 
·賞与は、業績や成績により変動あり。
·見学の際の旅費、選考旅費は全額支給致します。
 (近場·空路は要相談) ",761,55,055-03,56,056-03,東京都千代田区,,,2857,,,,,,,,,,,,,2026年08月17日 13:54,2026年08月17日 13:54,バーコードスキャン,求人番号_13010-301769.pdf,サービスの職業,飲食物調理の職業,中華料理調理人,接客/サービスに関わる,飲食,サービスの職業,接客・給仕の職業,ウエイター・ウエイトレス（飲食店ホール係） 、配ぜん人,接客/サービスに関わる,接客,0,391,調理人,403,飲食物給仕従事者
2026,46010-554669,鹿児島公共職業安定所,4601-920383-7,可,ダイイチシコウカブシキガイシャ カゴシマトウカイコウジョウ,"ダイイチシコウ株式会社
鹿児島東開工場",891-0115,"鹿児島県鹿児島市東開町3-99
ダイイチシコウ株式会社 鹿児島東開工場",市電 谷山駅 から 徒歩15分,代表取締役 小清水 伸悟,1010900000000,,220,85,昭和47年,"1,000万円","スマートフォン、インクジェットプリンターなどに使われる高精度
の精密部品や様々な金属加工品を県内外の有名メーカーに供給して
います。","順調に売り上げを伸ばしています。
鹿児島県内4ヶ所 (鹿児島市東開町·七ツ島·喜入一倉町、姶良市
平松) に工場があります。",正社員,製造スタッフ[鹿児島工場],"〇最先端技術を支えている電子部品の製造業務です。
高い金属加工技術で車載用や5G通信用機器の電子部品を作っています。
〇入社後は先輩社員が丁寧に教育訓練を行います。
経験に合わせて、先輩社員が丁寧に教えますので安心して働けます。
周囲のフォローで、しっかり休みも取りやすい環境です。
〇製品の品質改善や働きやすい環境づくりに心がけています。
ものづくりが好き、コツコツ作業をするのが好きな方に向いています。
*工場見学も可能ですのでご連絡ください。
《変更範囲:なし》",891-0204,"鹿児島県鹿児島市喜入一倉町11620-45
ダイイチシコウ株式会社 鹿児島工場",JR喜入駅 から 車10分,5,0,0,"あれば尚可
普通自動車運転免許 (AT限定可) または原付免許
【通勤用·入社後取得可】
*公共機関を利用した通勤は不便ですので、
マイカー通勤をお勧めします。",なし,可,なし,なし,185000,185000,あり,あり,15,変形労働時間制 (1年単位),日 その他,08:30-17:30,13:00-22:00,17:30-02:30,103,可,令和8年10月1日以降,可,随時,鹿児島工場 総務部,園田 誠,ソノダ マコト,099-345-1333,099-343-5001,sonoda@daiichishiko.com,"〇応募前職場見学を希望の際は、事前に担当者まで
お問い合わせください。
○選考日については、別途、連絡いたします。
○履歴書:手書き·パソコン作成どちらも可","○電子部品を作るための部品を作っていただくお仕事です。
部品の製造というより“ものづくり”という感じです。
○先輩社員が習熟度に合わせて丁寧に指導します。
コツコツもくもくものづくりが好きな方、歓迎します。
○働きやすい環境づくりとみなさんのスキルアップを
心がけておりますので、会社と共に成長していただける方の
ご応募をお待ちしております。",282,71,071-12,74,074-09,鹿児島県鹿児島市,,,2852,,,,,,,,,,,,,2026年08月17日 13:54,2026年08月17日 13:54,バーコードスキャン,求人番号_46010-554669.pdf,製造・修理・塗装・製図等の職業,製品製造・加工処理工（金属製品）,金属製器具・建具・金型等製造工,生産/製造に関わる,製造/加工(金属),製造・修理・塗装・製図等の職業,機械組立工,電子機器部品組立工,生産/製造に関わる,組立,0,529,その他の製品製造・加工処理従事者（金属製品）,542,電気機械器具組立従事者
2026,14150-419269,港北公共職業安定所,1415-624031-2,可,カブシキガイシャ ウェーブズ,株式会社 WAVE’S,224-0037,神奈川県横浜市都筑区茅ケ崎南5丁目14番24号,センター南駅 から 徒歩10分,代表取締役 波多広大,5020000000000,https://waves-kaitai.com/,15,14,平成27年,"2億3,000万円",解体工事、原状回復工事の施工店,"弊社では主に改修工事に伴う解体工事現場をメインで施工させてい
ただいております。若手から50代まで仲良く活躍している明るい
職場です!研修制度もしっかり設けております!",正社員,"【原状回復·解体スタッフ】店舗の退去後に
内装を解体し、次の利用に備える仕事","【未来の街づくりは、解体から始まる。】
当社は、お店の閉店やリニューアルに伴い、次のお店づくりのために内装を
解体する仕事を担当しています!主に、東京·神奈川のさまざまな現場で、
仲間と協力しながら作業を進め、壁紙や床材の撤去、廃材の運搬、現場の
清掃などを担当し、新しい空間づくりの第一歩を支えます。
入社後は座学や安全講習を行い、現場では先輩社員がマンツーマンで丁寧に
指導いたします!チームで作業するため、一人で困ることはありません!
未経験からでも安心して技術を身につけていける環境をご用意いたします!
変更範囲:変更無し",240-0051,"神奈川県横浜市保土ケ谷区上菅田町1400の2
当社 車両基地",JR横浜線 鴨居駅 から 車5分,0,0,2,不問,なし,可,,,235000,235000,なし,あり,3,,土日祝,08:00-17:00,09:00-18:00,,120,不可,,可,随時,総務部,堀越 むつみ,ホリコシ ムツミ,045-883-6791,045-883-3690,,"【未経験者歓迎】
入社時に特別な知識や経験は必要ありません!まずは安全教育や
基礎研修を受け、その後は先輩社員と一緒に現場で仕事を覚えて
いきましょう!工具の使い方から丁寧に指導いたします!
【資格取得を応援】
仕事に必要な資格は会社が取得をサポートします!国家資格の
取得支援制度もあり、働きながら専門技術を身につけることが
できます!一度身につけた技術は将来にわたって活かせるため、
「手に職」を付けたい方におすすめです!","【若手社員が活躍中】
20代の社員も多数活躍しています。高卒入社の先輩社員からは
「未経験でも先輩が優しく教えてくれたので安心して成長できた」
との声もあります!分からないことは気軽に相談可能です!
【安定した業界】
建物や店舗の改装·リニューアルには解体工事が欠かせません。
景気の影響を受けにくく、今後も需要が見込まれる業界のため、
安定して長く働くことができます!
※8〜10月頃をめどに本社移転の予定があり、選考場所が変更と
なる可能性があります。",79,90,090-03,,,神奈川県横浜市保土ケ谷区,,,2858,,,,,,,,,,,,,2026年08月17日 13:54,2026年08月17日 13:54,バーコードスキャン,求人番号_14150-419269.pdf,建設・土木・電気工事の職業,建設躯体工事の職業,解体工,建設/建築/土木に関わる,建設,,,,,,0,652,とび職,,
2026,13040-2779569,品川公共職業安定所,1304-643553-6,可,カブシキガイシャ ニホンアクア,株式会社 日本アクア,108-0075,東京都港区港南2-16-2 太陽生命品川ビル20階,JR線·京急線 品川駅 から 徒歩5分,代表取締役 中村 文隆,4020000000000,https://www.n-aqua.jp,710,30,平成16年,19億300万円,"水の力で発泡する断熱材「アクアフォーム」の開発·施工·販売。
住宅省エネルギー関連部材の開発·製造·販売。","当社主力製品「アクアフォーム」は、優れた性能をもちながら、人
や環境にも優しい製品です。2022年4月から東証プライム市場
へ変更となり、順調な成長を遂げています。",正社員,ウレタン施工技術者/全国,"水の力で発泡する吹付ウレタン断熱材「アクアフォーム」の現場施工をしてい
ただきます。
最初は先輩がサポートしますので、未経験から安心して始められます。
作業は2名体制で主な業務は施工前の養生、吹付用機械の操作及び施工、現場
の整理などです。施工現場は住宅、ビル、マンションをはじめ学校や病院、裁
判所など公共施設も手掛けています。
施工の仕事はカタチに残り、完成のたびに達成感ややりがいを味わえます。
※変更範囲:会社が定める業務",000-0000,"札幌、青森、秋田、盛岡、仙台、埼玉、神奈川、栃木、新潟、松本
、金沢、名古屋、大阪、岡山、広島、鳥栖、熊本、宮崎、鹿児島
*全国の事業所:担当宛にお問合せ下さい。HP参照",,0,0,10,"必須
入社前までに準中型免許取得
*入社までに取得が難しい方はご相談ください。",なし,可,あり,なし,260940,339300,あり,あり,20,,土日 その他,08:00-17:15,,,107,不可,,可,補足事項欄参照,人事総務部 マネージャー,山本 直晃,ヤマモト ナオアキ,03-5463-1117,03-5463-1118,saiyo@n-aqua.com,"●令和4年4月1日付で東京証券取引所プライム市場上場。
●戸建て住宅では日本シェア第一位。
●会社設立後、売り上げ前年度割れ無し。
●売上 336億 (2025年12月実績) 
●会社の業績により決算賞与あり。 (最大年3回) 
●住宅補助あり (条件あり) 
·単身用入居可能住宅は拠点により異なります。
担当宛にお問合せ下さい。寮費15,000円〜。
·借上げ社宅の場合は賃料1万円〜で水道光熱費は個人負担。
·就業場所の従業員数は弊社埼玉営業所を記載しております。","●応募前の職場見学については事前にご相談ください。
●選考プロセス:面接→結果通知
●現場への移動の際は社用車を使用します。
●退職金制度の代わりに確定拠出年金制度あり
※企業が掛け金を拠出し、社員が運用していく年金制度です。
●首都圏手当50,000円:関東、名古屋、大阪
※固定残業代92,040円40時間分、超過分別途支給
●準首都圏手当30,000円
静岡、広島、札幌、長野、福岡、仙台、金沢、新潟、岡山
※固定残業代86,800円40時間分、超過分別途支給",531,91,091-07,,,神奈川県厚木市,大阪府大阪市住之江区,熊本県熊本市東区,2854,,,,,,,,,,,,,2026年08月17日 13:54,2026年08月17日 13:54,バーコードスキャン,求人番号_13040-2779569.pdf,建設・土木・電気工事の職業,建設の職業（建設躯体工事の職業を除く）,内装工,建設/建築/土木に関わる,建築,,,,,,0,669,その他の建設従事者,,
2026,46010-555969,鹿児島公共職業安定所,4601-920383-7,可,ダイイチシコウカブシキガイシャ カゴシマトウカイコウジョウ,"ダイイチシコウ株式会社
鹿児島東開工場",891-0115,"鹿児島県鹿児島市東開町3-99
ダイイチシコウ株式会社 鹿児島東開工場",市電 谷山駅 から 徒歩15分,代表取締役 小清水 伸悟,1010900000000,,220,48,昭和47年,"1,000万円","スマートフォン、インクジェットプリンターなどに使われる高精度
の精密部品や様々な金属加工品を県内外の有名メーカーに供給して
います。","順調に売り上げを伸ばしています。
鹿児島県内4ヶ所 (鹿児島市東開町·七ツ島·喜入一倉町、姶良市
平松) に工場があります。",正社員,製造スタッフ[鹿児島姶良工場],"〇最先端技術を支えている電子部品の製造業務です。
高い製品加工技術で車載用や5G通信用機器の電子部品を作っています。
〇入社後は先輩社員が丁寧に教育訓練を行います。
経験に合わせて、先輩社員が丁寧に教えますので安心して働けます。
周囲のフォローで、しっかり休みも取りやすい環境です。
〇製品の品質改善や働きやすい環境づくりを心がけています。
ものづくりが好き、コツコツ作業をするのが好きな方に向いています。
*工場見学も可能ですのでご連絡ください。
《変更範囲:なし》",899-5652,"鹿児島県姶良市平松3850-1
ダイイチシコウ株式会社 鹿児島姶良工場",JR重富駅 から 車10分,5,0,0,"あれば尚可
普通自動車運転免許 (AT限定可) または原付免許
【通勤用·入社後取得可】
*公共機関を利用した通勤は不便ですので、
マイカー通勤をお勧めします。",なし,可,なし,なし,185000,185000,あり,あり,15,変形労働時間制 (1年単位),日 その他,08:30-17:30,13:00-22:00,17:30-02:30,103,可,令和8年10月1日以降,可,随時,鹿児島工場 総務部,園田 誠,ソノダ マコト,099-345-1333,099-343-5001,sonoda@daiichishiko.com,"〇応募前職場見学を希望の際は、事前に担当者まで
お問い合わせください。
○選考日については、別途、ご連絡いたします。
○履歴書:手書き·パソコン作成どちらも可","○電子部品を作るための部品を作っていただくお仕事です。
部品の製造というより“ものづくり”という感じです。
○先輩社員が習熟度に合わせて丁寧に指導します。
コツコツもくもくものづくりが好きな方、歓迎します。
○働きやすい環境づくりとみなさんのスキルアップを
心がけておりますので、会社と共に成長していただける方の
ご応募をお待ちしております。",282,71,071-12,74,074-09,鹿児島県姶良市,,,2853,,,,,,,,,,,,,2026年08月17日 13:54,2026年08月17日 13:54,バーコードスキャン,求人番号_46010-555969.pdf,製造・修理・塗装・製図等の職業,製品製造・加工処理工（金属製品）,金属製器具・建具・金型等製造工,生産/製造に関わる,製造/加工(金属),製造・修理・塗装・製図等の職業,機械組立工,電子機器部品組立工,生産/製造に関わる,組立,0,529,その他の製品製造・加工処理従事者（金属製品）,542,電気機械器具組立従事者
2026,23030-923169,名古屋南公共職業安定所,2303-622530-4,可,カブシキガイシャ ジェイトップ,株式会社 ジェイトップ,458-0831,愛知県名古屋市緑区鳴海町向田134-2,名鉄名古屋本線:鳴海駅 から 徒歩3分,代表取締役 安達 憲治,5180000000000,,13,13,平成29年,300万円,"大手企業内での現場を中心に、ビルメンテナンス等にて商業施設
やオフィスビル等様々な建物の定期清掃など幅広い業務を行って
おります。建物全般の衛生環境維持に貢献しております。","30代〜50代と幅広い年代の方が活躍中です。明るく健康的に活
躍出来る職場環境を目指しており、風通しの良い相談や質問がしや
すい雰囲気の職場です。",正社員,"ビル·施設の清掃メンテナンススタッフ
【選考開始日から複数応募可】","★施設をピカピカにする!ビルメンテナンスのお仕事です!★
【お仕事内容はこちら】
·床やカーペットの清掃 ·ガラスやエアコンのクリーニング
·清掃機械や道具を使った作業
大手メーカー施設や大型ショッピングモールなどで、
施設をキレイに保つ仕事です!チームで協力しながら作業を進めるため、
未経験でも安心してスタートできます◎
皆さんのご応募お待ちしております!
【変更範囲:会社の定める業務】",458-0831,"愛知県名古屋市緑区鳴海町向田134-2
■事業所所在地と同じ",名鉄名古屋本線 鳴海駅 から 徒歩3分,2,0,0,不問,なし,可,なし,なし,205200,210200,あり,あり,10,変形労働時間制 (1ヶ月単位),その他,08:00-16:30,23:00-07:00,,105,可,令和8年9月16日以降,可,随時,専務取締役,安達 まさみ,アダチ マサミ,052-627-3917,052-627-3918,,"◆働きやすい環境
残業はほとんどなく、早帰りできる日もあります♪
希望休も取りやすく、プライベートも大切にできます!
◆福利厚生について
制服は無料貸与です!安心して仕事をスタートできます◎
年末年始は5日以上の連休あり!しっかりリフレッシュできます♪
福利厚生も整っており、働きやすい環境を大切にしています!
毎月の賃金額は、今年度の新規高卒採用者の賃金額を記載
前年度新規学卒採用者なしのため昇給·賞与実績がないが規定有
新規高卒者の昇給予定日:翌年4月1日","◆通勤·住まいにつて
一人暮らしを始める方には賃貸物件の紹介や住宅手当 (月5,00
0円) もあります♪
◆仕事のやりがい
汚れていた場所がピカピカになった時の達成感が魅力!
感謝の言葉をいただけることもあります♪
◆チームワーク·会社について
チームで協力しながら作業を進めるため、コミュニケーションを
大切にしている職場です!社員一人一人を大切にしており、
分からないことも相談しやすい環境作りを心掛けています♪",929,96,096-01,,,愛知県名古屋市緑区,,,2855,,,,,,,,,,,,,2026年08月17日 13:54,2026年08月17日 13:54,バーコードスキャン,求人番号_23030-923169.pdf,運搬・清掃・包装・選別等の職業,清掃・洗浄作業員,ビル・建物清掃員,接客/サービスに関わる,清掃,,,,,,0,711,ビル・建物清掃員,,
2026,23030-925969,名古屋南公共職業安定所,2303-622530-4,可,カブシキガイシャ ジェイトップ,株式会社 ジェイトップ,458-0831,愛知県名古屋市緑区鳴海町向田134-2,名鉄名古屋本線:鳴海駅 から 徒歩3分,代表取締役 安達 憲治,5180000000000,,13,13,平成29年,300万円,"大手企業内での現場を中心に、ビルメンテナンス等にて商業施設
やオフィスビル等様々な建物の定期清掃など幅広い業務を行って
おります。建物全般の衛生環境維持に貢献しております。","30代〜50代と幅広い年代の方が活躍中です。明るく健康的に活
躍出来る職場環境を目指しており、風通しの良い相談や質問がしや
すい雰囲気の職場です。",正社員,"施設清掃·産業廃棄物処理スタッフ
【選考開始日から複数応募可】","街や施設のキレイを支える!産業廃棄物処理のお仕事です!
【お仕事内容はこちら】
·排水管や排水槽の清掃 ·汚泥や油の吸引作業
·飲食店や工場などの清掃作業
·専用トラックを使った運搬作業
専用車両や機械を使い、施設を安全·清潔に保つ社会に欠かせない仕事です!
未経験からでも、先輩社員が丁寧にサポートします♪
皆さんのご応募お待ちしております!
【変更範囲:会社の定める業務】",458-0831,"愛知県名古屋市緑区鳴海町向田134-2
■事業所所在地と同じ",名鉄名古屋本線 鳴海駅 から 徒歩3分,2,0,0,不問,なし,可,なし,なし,205200,210200,あり,あり,10,変形労働時間制 (1ヶ月単位),その他,08:00-16:30,23:00-07:00,,105,可,令和8年9月16日以降,可,随時,専務取締役,安達 まさみ,アダチ マサミ,052-627-3917,052-627-3918,,"◆働きやすい環境
残業はほとんどなく、早帰りできる日もあります♪
希望休も取りやすく、プライベートも大切にできます!
◆福利厚生について
制服は無料貸与です!安心して仕事をスタートできます◎
年末年始は5日以上の連休あり!しっかりリフレッシュできます♪
福利厚生も整っており、働きやすい環境を大切にしています!
毎月の賃金額は、今年度の新規高卒採用者の賃金額を記載
前年度新規学卒者採用なしのため昇給·賞与がないが規定有
新規高卒者の昇給予定日:翌年4月1日","◆通勤·住まいについて
一人暮らしを始める方には賃貸物件の紹介や住宅手当 (月5,00
0円) もあります♪
◆仕事のやりがい
汚れていた場所がピカピカになった時の達成感が魅力!
感謝の言葉を頂けることもあります♪
◆チームワーク·会社について
チームで協力しながら作業を進めるため、コミュニケーションを
大切にしている職場です!社員一人一人を大切にしており、
分からないことも相談しやすい環境作りを心掛けています♪",929,96,096-99,,,愛知県名古屋市緑区,,,2856,,,,,,,,,,,,,2026年08月17日 13:54,2026年08月17日 13:54,バーコードスキャン,求人番号_23030-925969.pdf,運搬・清掃・包装・選別等の職業,清掃・洗浄作業員,その他の清掃・洗浄作業員,接客/サービスに関わる,清掃,,,,,,0,719,その他の清掃従事者,,
2026,14120-128169,横浜南公共職業安定所,1412-101257-2,不可,トウヨウデンキセイゾウカブシキガイシャ ヨコハマセイサクショ,東洋電機製造 株式会社 横浜製作所,236-0004,神奈川県横浜市金沢区福浦3-8 シーサイドライン,市大医学部駅 から 徒歩8分,"常務執行役員横浜製作所長
中西 俊人",7010000000000,https://www.toyodenki.co.jp,787,545,大正7年,"49億9,839万円",交通·産業の2事業を展開し、交通では鉄道車両用電機品 (モータ ーやインバーター、パンタグラフなど) と駅務機器、産業では自動 車用試験機などを開発·製造しています。,東証スタンダード市場上場、鉄道車両用電機品の国産化を目的に設 立、創立108年目、JR、私鉄各社へ鉄道車両用電機品、駅務機 器等を多数納入しております。,正社員,技能職(機械),電車を動かすために欠かせないパンタグラフや駆動装置等をつくる電機品メー カーです。当社製品は国内外の鉄道に搭載されており、電車の安全運行に貢献 しています。製作所内には新入社員研修を行うための育成訓練棟があり、入社 後11か月間、社内指導員による研修 (学科教育及び実技訓練) を行い、知識 ·技能を基礎からしっかり教えます。その後、本人の希望や適性等により部署 に配属となります。【配属予定部署と仕事内容】調達部:購入した部材の検査 /製造部:部材加工や製品組立/品質保証部:製品出荷前の試験や新造車の試 運転添乗にて納入機器の確認業務 ※変更範囲:会社の定める範囲,236-0004,神奈川県横浜市金沢区福浦3-8,シーサイドライン 市大医学部駅 から 徒歩8分,0,0,3,"不問
受付",あり,可,あり,なし,220000,220000,あり,あり,23,フレックスタイム制,土日祝 その他,08:45-17:15,,,126,可,令和8年10月1日以降,可,補足事項欄参照,横浜製作所管理部長,森岡 功,モリオカ イサオ,045-785-3301,045-785-0410,y_saiyo@toyodenki.co.jp,"·職場見学:8月7日 ※他の日程をご希望の場合は随時実施可能 · 男女ともに独身察有 (横浜市内)  家賃15,000円。洋室個室、家具エアコン備え付け、食堂有 オートロック、トイレ浴室は男性は共同/女性は個室内に完備。 ·従業員持株会、共済会、ベネフィット (福利厚生) 利用資格あり ·有給休暇は入社時10日、8月に11日、翌年8月に22日付与 ·その他休暇制度 (年休積立、リフレッシュ:勤続5年毎に5日間 、ヘルスケア:毎年2日間、慶弔) あり·
·労働組合あり (電機連合加盟)  ·2026年健康経営優良法人認定、くるみんマーク取得","·従業員数:期間社員·パート社員·非常勤を含めた人数 · 可能性のある転勤範囲:東京都…本社·滋賀県…滋賀竜王製作所 ·入社後 1年間は公共交通機関にて通勤。 入社翌年6月よりマイカー通勤申請可能 (無料駐車場あり)  ·2026年度ベースアップ額:15,000円 ·フレックスタイム制あり (部署により実施可否あり)  フレキシブルタイム7~19時、コアタイム10~15時 ·テレワーク制度あり (実施可否は所属上長が判断)  ·試用期間:3ヶ月 (同条件) ",291,74,074-02,79,079-02,神奈川県横浜市金沢区,,,318,,,,,,,,,,,,,2026年07月07日 12:41,2026年08月17日 12:51,PDFアップロード,20260707121628-3.pdf,製造・修理・塗装・製図等の職業,機械組立工,電気機械組立工,生産/製造に関わる,組立,製造・修理・塗装・製図等の職業,機械検査工,電気機械器具検査工,生産/製造に関わる,機械検査,0,542,電気機械器具組立従事者,582,電気機械器具検査従事者
2026,43011-22169,熊本公共職業安定所 上益城出張所,4301-6649-3,可,カブシキガイシャイセキ ジャパン キュウシュウカンパニー,株式会社ISEKI Japan 九州カンパニー,861-2212,"熊本県上益城郡益城町平田2550番地
株式会社ISEKI Japan 九州カンパニー 本社",,カンパニー社長 中谷 清,4180300000000,https://www.iseki-japan.co.jp/kyusyu/,462,461,昭和38年,"8,100万円",農業機械販売·修理、農業資材販売、コイン精米事業,"井関農機グループの販売会社として九州全域に拠点を展開し、農家
の皆様に喜んでいただける商品とサービスを提供することにより、
九州農業の発展に貢献して参ります。",正社員,総合職(営業の仕事·整備の仕事),"総合職 (営業·整備) 
【営業】お客様宅へ機械の調子うかがいを行い、軽微な修理等も行います。ま
た農業機械や資材等の販売も行います。
【整備】整備場にて農業機械 (トラクター·田植機·コンバイン·他) の修理
·点検·整備を行います。お客様宅へ出張修理や機械の引き取りに出向くこと
もあります。
※入社後5ヶ月間は研修期間となり、先輩社員がマンツーマンで指導します。
◆3ヶ所の支社を中心に、九州内に60ヶ所以上の拠点があります。
変更範囲:会社の定める業務",861-2212,"熊本県上益城郡益城町平田2550番地 (九州カンパニー本社) 、
福岡·佐賀·長崎·熊本·大分·宮崎·鹿児島の
各営業所·整備センター (九州内の拠点)",,10,0,0,"必須
◆普通自動車免許取得可能者 (AT限定不可) 
※誕生日の関係で入社日までに普通自動車免許の取得が
間に合わない方については考慮します。",あり,可,なし,なし,190000,190000,あり,あり,10,変形労働時間制 (1年単位),日祝 その他,08:30-17:00,,,112,可,令和8年10月16日以降,可,補足事項欄参照,管理部総務グループ,水野·村上,ミズノ·ムラカミ,096-286-0303,096-286-0309,d-murakami8033@isekikyusyu.co.jp,"◆グループ会社の井関農機 (株) で2週間の基礎研修 (茨城県) 、
九州カンパニー本社 (熊本県) にて、より実践的な研修を受けた
後に配属となります (研修期間中の宿舎は用意します) 
◆配属先は九州内に配属となります
転勤範囲:会社の定める場所
◆業務関連の資格取得制度あり (取得費用は全額会社負担) 
例:農業機械整備士、アーク溶接、ガス溶接、
フォークリフト運転技能、クレーン運転···等
◆応募前職場見学については、学校からの要請後日程調整します
※応募前職場見学を応募や採用の条件にすることはありません","◆試用期間5ヶ月 (条件変更なし) 
欠勤があった場合は、以下計算式にて、賃金より控除します
基本給÷平均労働日数21.0日×欠勤日数
◆社宅制度あり
配属先が通勤圏外または県外となる場合は、
会社で社宅を手配します。
※社宅費用の一部は本人負担となります
◆面接回数:1回
◆履歴書:手書き記入·パソコン入力どちらでも可
*賃金変更 (R8.8.5) ",604,48,048-04,75,075-01,熊本県上益城郡益城町,佐賀県佐賀市,福岡県朝倉郡筑前町,754,,,,,,あり,,,,,,,2026年07月13日 09:34,2026年08月17日 09:56,バーコードスキャン,求人番号_43011-22169.pdf,販売・営業の職業,営業の職業,機械器具営業員,営業に関わる,営業,製造・修理・塗装・製図等の職業,機械整備・修理工,はん用・生産用・業務用機械器具整備・修理工,生産/製造に関わる,整備/修理,0,344,機械器具営業職業従事者（通信機械器具を除く）,551,はん用・生産用・業務用機械器具整備・修理従事者
2026,14030-115569,戸塚公共職業安定所,1403-102847-5,可,カブシキガイシャ エビナケンセツ,株式会社 蛯名建設,245-0016,神奈川県横浜市泉区和泉町710-1,横浜市営地下鉄線 下飯田駅 から 徒歩15分,代表取締役 蛯名 竜一,8020000000000,https://www.ebinakensetsu.com,24,17,昭和63年,500万円,"神奈川県横浜市を拠点に型枠工事を行っております。
建築·土木工事の型枠工事一式を行っております。","昭和63年に創立以来、高い技術力と質の良いサービスをご提供し
続け厚い信頼と実績を積み重ねてきました。また取引先が大手ゼネ
コンということもあり業績の安定した会社です。",正社員,"【型枠大工】建物の土台づくり!!
木材加工·組み立てモノづくりスタッフ","〜100年後にも残り続ける建造物を手掛けます〜
当社は建物の土台【枠】をつくっております。
大まかな作業手順はこんな感じです!
1.加工図に基づいて使用する【木材】を加工していきます
2.加工した【木材】を施工場所に運び、設置する箇所に組立てていきます
モノづくりの楽しさと完成した時の達成感も得られる“やりがい”のある仕事
なので、ぜひ、一緒に仕事をしましょう!
変更範囲:施工管理",245-0016,"神奈川県横浜市泉区上飯田町2447-1
上飯田町資材センター および各現場",相鉄いずみ野線 いずみ中央駅 から 徒歩20分,0,0,2,不問,なし,可,あり,なし,260000,260000,あり,あり,20,,土日 その他,08:00-17:00,,,120,可,令和8年10月1日以降,可,随時,管理部 次長,福田 悦子,フクダ エツコ,045-800-0022,045-800-0023,,"◎社内イベント
当社では年間を通して様々なイベントを行っております。
例えば、1月には安全祈願祭や新年会、3月には社員旅行に行った
りします。
他にも安全大会·BBQ·忘年会や年に2回ゴルフコンペや釣りを
したりと、イベントが盛りだくさんです!!
また、景品の出るイベントもございます。
■基本的にマイカー通勤可ですが、現場の状況によります","◎地方出身者大歓迎!!
面接に必要な選考旅費や、引っ越しに必要な赴任旅費は全額負担い
たします!
また当社は社員寮をご用意しています。
生活に必要な家具や寝具、冷蔵庫。洗濯機などの電化製品もご用意
いたしますので、お気軽にご相談ください。
■社員寮:自己負担額3〜5万円 (光熱費別) ",71,7,007-99,91,091-99,神奈川県横浜市泉区,,,2844,,,,,,,,,,,,,2026年08月17日 08:59,2026年08月17日 08:59,バーコードスキャン,求人番号_14030-115569.pdf,研究・技術の職業,製造技術者,その他の製造技術者,生産/製造に関わる,その他(生産/製造に関わる),建設・土木・電気工事の職業,建設の職業（建設躯体工事の職業を除く）,その他の建設の職業,建設/建築/土木に関わる,建築,0,89,その他の製造技術者（開発を除く）,669,その他の建設従事者
2026,46080-124869,大隅公共職業安定所,4608-7863-1,可,カブシキガイシャ アリカワグミ,株式会社 有川組,899-8603,鹿児島県曽於市末吉町新町1-5-5,,代表取締役 有川 裕幸,9340000000000,,18,18,昭和28年,"2,000万円",建設業 (土木·建築·舗装·とび土工·解体工事業) ,"土木·舗装·建築工事を主体とし、主に県·市発注工事を元請とし
て受注しています。 【ユースエール認定企業】",正社員,"·土木技術者·建設ディレクター
·重機オペレーター","○土木及び建築施工管理技士業務全般
·道路、河川、砂防等の工事現場での施工管理
·発注者、取引先との打合せ
·パソコンを使用しての書類作成
·その他付随する業務
○重機オペレーター
·土木現場 (公共工事·民間工事) での重機車両の運転
·バックホー、ブルドーザー、グレーダー、ローラーなどの重機の運転操作
《業務の変更範囲:なし》",899-8603,鹿児島県曽於市末吉町新町1-5-5,,0,0,1,"必須
○普通自動車免許 (AT限定不可、入社後取得可) ",なし,可,あり,あり,180000,190000,あり,あり,2,変形労働時間制 (1年単位),土日 その他,08:00-17:30,,,118,可,令和8年10月1日以降,可,随時,総務部,有川 奈穂子,アリカワ ナホコ,0986-76-5500,0986-76-1303,arikawagumi@helen.ocn.ne.jp,"○家族手当…配偶者 10,000円
子 (1人につき)  10,000円
○資格手当…1級土木施工技士 15,000円
1級建築施工技士 15,000円
1級舗装施工技士 15,000円
2級土木施工技士 5,000円
2級建設機械施工技士 5,000円
○重機手当…オペレーター 10,000円
○賞与·昇給:昨年度は新規学卒者の採用がなかったため実績なし
ですが会社規定により支給。","○【鹿児島県第5号ユースエール認定企業】【PRシートあり】
·ユースエール認定企業とは、若者の採用·育成に積極的で、雇用
管理の優良な中小企業として、若者雇用促進法に基づき厚生労働大
臣から認定された企業のことです。認定を受けるためには、有給休
暇の取得実績、残業時間、育児休業の取得実績など、多くの条件に
適合する必要があります。
○試用期間:3か月 (固定残業手当なし) 
○履歴書:手書き·パソコン作成どちらも可
○既卒者·中退者の応募にはハローワークの紹介状が必要です",61,8,008-05,8,008-02,鹿児島県曽於市,,,2848,,,,,,,,,,,,,2026年08月17日 08:59,2026年08月17日 08:59,バーコードスキャン,求人番号_46080-124869.pdf,研究・技術の職業,建築・土木・測量技術者,土木施工管理技術者,建設/建築/土木に関わる,その他(建設/建築/土木に関わる),研究・技術の職業,建築・土木・測量技術者,建築施工管理技術者,建設/建築/土木に関わる,その他(建設/建築/土木に関わる),0,92,土木技術者,91,建築技術者
2026,27070-458569,布施公共職業安定所,2707-620841-2,可,ムネイシサカンユウゲンガイシャ,宗石左官有限会社,578-0901,大阪府東大阪市加納3丁目2-32,近鉄けいはんな線 吉田駅 から 徒歩20分,代表取締役 宗石 忠久,9122000000000,https://muneishisakan.com,6,6,昭和63年,300万円,"近畿一円で新築マンションやアパートなどの左官工事を行っていま
す。左官工事は、仕上がりが建物の美観になる重要な作業のため、
隅々まで目を通しながら、最高の仕上がりを目指しています。","●35年以上の歴史があり、お客様からの信頼も抜群。仕事量も安
定しています。●大手建設会社の講習会にも参加することができ、
資格取得も会社でサポートしています。",正社員,"〈伝統技術×先進技術〉
ウォールデザイナー(左官工事)","\壁がキャンパス!空間をつくるアーティスト/◎高卒新卒活躍!
建物の壁や床·階段を「コテ」という片手サイズの道具を使い仕上げていく仕
事です。下地作業で均等にムラがないように材料を塗り、綺麗な平面にしてい
いきます。また、波の模様を描いたりと「オシャレ」なこともします。
〈具体的にはこんな仕事!〉
▼コンクリートの壁などを、コテを使って塗る
▼コテによる仕上げやテクスチャー対応 …など
★最初は材料を練ったり、運んだりとサポートから!まずは慣れることから始
めましょう! *変更範囲:会社の定める業務",578-0901,大阪府東大阪市加納3丁目2-32,近鉄けいはんな線 吉田駅 から 徒歩20分,0,0,2,不問,なし,可,あり,あり,185250,221250,あり,あり,20,変形労働時間制 (1年単位),土日 その他,08:00-17:30,,,118,可,令和8年9月16日以降,可,随時,採用担当,星野 由美子,ホシノ ユミコ,090-6249-0708,072-963-4107,muneishisakan@mub.biglobe.ne.jp,"★ものづくりが好き!体を動かすのが好き!それだけで十分!★
「道具の使い方や塗るコツを覚える」「建物に合わせた材料の違い
がわかる」「デザイン性の高い建物施工を手掛けられる」…など段
階を踏んでしっかり手に職をつけていけるのが、左官という仕事の
魅力です。
★なにも知らなくて大丈夫!★ 「まずはやってみる!」作業を
やりながらイチからお教えします!入社後は、業界知識や作業の進
め方など、簡単な研修からスタート。その後は先輩と一緒に現場に
入り、サポート業務から学んでいきます。","採用担当:宗石 忠久 (090-3860-9583) 
★家賃補助制度あり!
遠方からの就業は、会社による部屋の借上げが可能です!
例:本人負担3.5万円/月 (+水道光熱費) 
※家賃補助は10万円以下に限り1.5万補助します。
·赴任旅費:全額 ·マイカー通勤可 (無料駐車場あり) 
·試用期間6か月 (同条件) 
·通勤手当:交通機関を利用する場合のみ1か月定期代相当額支給
·賞与の支給は会社の業績による。
【公開求人】",75,91,091-04,,,大阪府東大阪市,,,2847,,,,,,,,,,,,,2026年08月17日 08:59,2026年08月17日 08:59,バーコードスキャン,求人番号_27070-458569.pdf,建設・土木・電気工事の職業,建設の職業（建設躯体工事の職業を除く）,左官,建設/建築/土木に関わる,建築,,,,,,0,664,左官,,
2026,14100-151069,厚木公共職業安定所,1410-618394-6,可,カブシキガイシャサカモトコウギョウ,株式会社坂本工業,252-0001,神奈川県座間市相模が丘2丁目46-9,小田急電鉄 小田急相模原駅 から 徒歩15分,代表取締役 坂本 洋,5021000000000,https://sakamoto-kougyou0224.com,9,7,昭和60年,"1,000万円","私たちは、座間市に拠点を置き、左官工事を行っております。
マンション·商業施設·学校などで、安心して過ごせる建物を作る
仕事です。","昭和61年に設立し左官技術を継承してきました。左官でしか表現
できない仕事や私達にしかできない現場などにチャレンジして行く
ことで、建物を左官と言う技術で綺麗に守り続けていきます。",正社員,"コテを使って建物の壁や床を綺麗に魅せる
伝統左官工事","〜左官でしか表現できない匠の技術〜
東京·神奈川のマンション·商業施設·学校などで左官工事を行なっておりま
す。
建物の内壁·外壁·床をコテを使って均一に平らに塗り上げていきます。
綺麗な平面や模様は左官にしか表現できない深みのあるデザインです。
◎私たちの仕事は、見た目を美しく見せるだけではなく、壁や床の耐久性を高
める効果があります。
変更範囲:変更なし",252-0001,神奈川県座間市相模が丘2丁目46-9,小田急電鉄 小田急相模原駅 から 徒歩15分,0,0,2,不問,なし,可,あり,なし,240000,260000,あり,なし,,,土日祝 その他,08:00-17:00,,,126,可,令和8年10月1日以降,可,随時,代表取締役,坂本 洋,サカモトヒロシ,090-8984-7136,046-257-9930,,"◯頑張りはしっかり評価していきます。
できなかったことができるようになれば、年齢関係なく給与やボー
ナスに反映していきます。充実したお休みで、お仕事もプライベー
トもどちらも楽しみましょう!
◯未経験で大丈夫です。
お仕事に慣れるまで先輩がしっかりフォローを行なっていきます。
具体的にアドバイスしながら、やさしく成長をサポートします。
左官についても、入社時の研修でしっかりレクチャーするので、知
識ゼロで大丈夫です!","◯1人暮らしを応援しています。
借上社宅をご準備させていただきます。実際に地方出身の方も利用
しているので、お気軽にご相談ください。
·遠方の方はZOOMなどで部屋を決めることもできます。
また交通費を負担するので実際に部屋を選びに来ることもサポート
していきます。
◯選考旅費:全額負担
◯赴任旅費:住宅初期費用·交通費·引越し費用",78,91,091-04,,,神奈川県座間市,,,2845,,,,,,,,,,,,,2026年08月17日 08:59,2026年08月17日 08:59,バーコードスキャン,求人番号_14100-151069.pdf,建設・土木・電気工事の職業,建設の職業（建設躯体工事の職業を除く）,左官,建設/建築/土木に関わる,建築,,,,,,0,664,左官,,
2026,23100-79869,津島公共職業安定所,2310-619284-7,可,ユウシンデンキカブシキガイシャ,祐伸電気 株式会社,497-0011,愛知県あま市七宝町安松上屋敷2032,名鉄バス 安松バス停駅 から 徒歩5分,代表取締役 福田 禎久,5180000000000,,2,2,令和5年,8万円,"工場や商業施設、オフィスビルなど、多岐にわたる施設で電気工事
を手掛けており、人々の生活の基盤を支えています。","設立2年目ですが、コミュニケーションを大切にし、社員同士が信
頼し合える環境を築いています。様々な意見を交換して働きやすい
会社づくりもしていきませんか?",正社員,"日本のライフラインを支える
電気工事スタッフ","〜電気の力でオフィス街を明るくしていきませんか〜
〇主に照明や空調機器、コンセントの取り付けや配線などを行っております。
電気工事は、建物の安全と快適を支える重要な仕事です。様々な現場を通して
、お客様から色々な事を学んでいき一人前の電気工事士として成長していきま
しょう!
〇慣れるまで先輩社員と一緒に現場に入り、道具の使い方や名称などから学ん
でいただきますので、未経験の方でも安心して勤務できます。
※変更範囲:会社の定める業務",497-0011,愛知県あま市七宝町安松上屋敷2032,名鉄バス 安松バス停駅 から 徒歩5分,2,0,0,不問,なし,可,なし,なし,220000,220000,あり,あり,1,変形労働時間制 (1年単位),祝 その他,08:00-17:00,,,87,可,令和8年11月1日以降,可,随時,代表取締役,福田 禎久,フクダヨシヒサ,090-3388-4075,052-526-8756,,"〇充実した福利厚生
社員の働きやすさを第一に考えており、「平日希望休制度」や「腰
道具全支給制度」などの他社にはない革新的な制度が多々あります
。
設立して間もないので、あなたの意見で様々な制度を作ることがで
きます!仕事だけでなく会社作りも一緒に楽しんでいきませんか?
〇業務に必要な資格はすべて会社の負担で取得していただけます!
もちろん、資格によって業務の幅が広がると給与や賞与などに反映
させていただきます!
○令和8年4月に新卒者の採用実績あり (1名) ","〇シビレるようなやりがいがあります!
施工をして作業スピードが上がり現場を早く終わらせられた時や照
明がつくときなど自分の手で電気を通わせたんだという達成感は他
の業種では味わうことはできません!
〇賃金支払日:翌月末日
〇前年度新規高卒者採用実績なしのため昇給·賞与実績ないが、昇
給·賞与規定あり
〇昇給予定日:翌年4月1日",81,7,007-03,,,愛知県あま市,,,2846,,,,,,,,,,,,,2026年08月17日 08:59,2026年08月17日 08:59,バーコードスキャン,求人番号_23100-79869.pdf,研究・技術の職業,製造技術者,電気工事技術者,生産/製造に関わる,技術/開発,,,,,,0,82,電気・電子・電気通信技術者（通信ネットワーク技術者を除く）（開発を除く）,,
2026,46080-44869,大隅公共職業安定所,4608-614600-7,可,ゴウドウガイシャ プラットホーム,合同会社Plathome,899-7603,鹿児島県志布志市松山町尾野見365,,代表社員 小野友揮,7340000000000,,2,0,令和2年,,"営業代行及び販売促進支援業務
マーケティング支援及びコンサル業務
アプリ及びソフトウェアの企画開発販売","営業代行を中心とした事業支援
企業の売上向上を目的とした営業活動
アプリ制作などIT分野にも対応",正社員,営業,"◎営業代行業務を中心に、企業の商品 (主に携帯通信関係) やサービスの販売
促進を支援する仕事です。
各クライアント指定場所にて料金プランや各種サービスの説明等
◎クライアント企業の営業活動のサポート、顧客対応、販売促進に関する業務
を行い、売上向上や事業拡大に貢献します。
また、Webサービスやアプリケーションの企画·制作に関する業務にも携
わり、IT分野を活用した業務支援にも対応し企業の課題解決をサポートし
ます。
【業務の変更範囲:会社の定める業務】",000-0000,九州管内 (主に福岡県内),,0,0,3,不問,なし,可,なし,なし,240000,240000,あり,なし,,,その他,10:00-18:00,,,96,可,令和8年10月1日以降,可,随時,代表社員,小野,オノ,090-9407-2906,,,"○就業場所について:主に福岡県内のクライアント指定場所になり
ます。 (量販店やショッピングモール中心) 
九州管内 (沖縄県含) への出張もあります。
旅費·ホテル確保等は会社負担","○賞与·昇給:昨年度は新規学卒者の採用がなかったため実績なし
ですが会社規定により支給。
○履歴書:手書き·パソコン作成どちらも可",729,48,048-06,,,福岡県福岡市中央区,,,2849,,,,,,,,,,,,,2026年08月17日 08:59,2026年08月17日 08:59,バーコードスキャン,求人番号_46080-44869.pdf,販売・営業の職業,営業の職業,通信・情報システム営業員,営業に関わる,営業,,,,,,0,345,通信・システム営業職業従事者,,
2026,13110-406669,足立公共職業安定所,1311-618256-6,可,カブシキガイシャ スリーアイ,株式会社 スリーアイ,116-0013,東京都荒川区西日暮里2丁目31-5,常磐線、山手線、京成線、日暮里舎人ライナー/日暮里駅駅 から 徒歩4分,代表取締役 森田 一好,8011500000000,https://www.sreee-i.com,12,12,平成24年,"2,000万円","空調設備·電気設備·給排水衛生設備·太陽光発電設備の施工、
設計、メンテナンス及び付帯工事","荒川区を中心に空調設備、電気設備工事を行っています。少人数で
すが、品質を重視し、丁寧な工事を心掛けています。資格取得支援
に力を入れ、社員のスキルアップを応援しています。",正社員,空調·電気設備の施工技術スタッフ,"·空調設備 (冷暖房、換気) 
·電気設備 (大型照明機器等) 
·給排水衛生設備 (トイレ等水回り) 
·太陽光発電設備
上記設備の施工及び書類作成など
材料、道具の準備〜作業〜片付け、書類作成まで工事に関わる一連の流れを行
っていただきます。
チームごとに社用車で現場に移動します。先輩社員が丁寧に指導いたします。
※業務変更の範囲:なし",116-0013,東京都荒川区西日暮里2丁目31-5,常磐線、山手線、京成線、日暮里舎人ライナー/日暮里駅駅 から 徒歩4分,2,0,0,"必須
<必須>
普通運転免許 (AT限定可) 
*入社後取得も可
<あれば尚可>
第二種電気工事士",なし,不可,なし,なし,202000,213000,あり,あり,20,変形労働時間制 (1ヶ月単位),その他,08:00-17:30,,,120,可,令和8年10月1日以降,可,随時,採用担当,森田 純子,モリタ ジュンコ,090-3667-7694,03-6240-8511,recruit@sreee-i.com,"·欠勤·遅刻·早退は賃金控除があります
*毎月21日から翌20日までの1か月シフト制
 (基本は土日が休み) 
希望休は毎月3日まで申請可能
*応募前見学大歓迎! (事前連絡をお願いします。) 
*資格支援制度あり!完全バックアップ
資格取得すると「祝金」や毎月資格手当の支給があります
*作業服年2回支給、社用スマートフォン、社用PC貸与","<各種手当>
資格手当 当社の定める資格に対し毎月支給
 (例:普通運転免許500円、1級管工事施工管理技士1万円) 
運転手当 現場までの運転1回につき100円 (月平均2千円) 
家族手当 扶養家族に対し1人5,000円
<各種お祝金>
資格取得祝金 当社の定める資格の取得した時
 (例:第二種電気工事士1万円、1級管工事施工管理技士5万円) 
結婚、出産祝い金など
*年末年始休暇、健康診断、インフルエンザ予防接種など",83,91,091-06,94,094-05,東京都荒川区,,,2850,,,,,,,,,,,,,2026年08月17日 08:59,2026年08月17日 08:59,バーコードスキャン,求人番号_13110-406669.pdf,建設・土木・電気工事の職業,建設の職業（建設躯体工事の職業を除く）,配管工,建設/建築/土木に関わる,建築,建設・土木・電気工事の職業,電気・通信工事の職業,電気工事作業員,建設/建築/土木に関わる,電気工事,0,666,配管従事者,679,その他の電気工事従事者
