求人年度,求人番号,受付安定所,事業所番号,インターネットへの公開,事業所名 カナ,事業所名,郵便番号（所在地）,住所（所在地）,アクセス（所在地）,代表者名,法人番号,ホームページ,従業員数（企業全体）,従業員数（就業場所）,設立,資本金,事業内容,会社の特長,雇用形態,職種,仕事の内容,郵便番号（就業場所）,住所（就業場所）,アクセス（就業場所）,求人数（通勤）,求人数（住込）,求人数（不問）,必要な知識・技能等,転勤の可能性,マイカー通勤の可否,入居可能住宅（単身用）,入居可能住宅（世帯用）,基本給,月給（基本給+手当+残業代）,賞与有無（新卒）,時間外労働の有無,時間外労働の月平均時間数,変形労働時間制の種類,休日等,就業時間1,就業時間2,就業時間3,年間休日数,複数応募の受け入れ,複数応募開始の日程,職場見学の受け入れ,職場見学の日程,課係名・役職名（担当者）,氏名（担当者）,氏名カナ（担当者）,電話番号（担当者）,FAX（担当者）,Eメール（担当者）,補足事項,特記事項,産業分類,職業分類（3桁）,職業分類（5桁）,職業分類2（3桁）,職業分類2（5桁）,就業場所住所（市区町村）,就業場所住所2（市区町村）,就業場所住所3（市区町村）,管理番号,対象学科,エリア,卒業生の入社実績,その他の分類,募集人数,来校の有無,二次募集の有無,職場見学人数,応募人数,入社人数,備考,申送り事項,公開日時,最終更新日時,登録方法,元ファイル名,職業分類（ハローワーク）大分類,職業分類（ハローワーク）中分類,職業分類（ハローワーク）小分類,職業分類（handy）大分類,職業分類（handy）中分類,職業分類2（ハローワーク）大分類,職業分類2（ハローワーク）中分類,職業分類2（ハローワーク）小分類,職業分類2（handy）大分類,職業分類2（handy）中分類,お気に入り登録数,職業分類コード（日本標準職業分類への変換）,職業分類（日本標準職業分類への変換）,職業分類2コード（日本標準職業分類への変換）,職業分類2（日本標準職業分類への変換）
2025,46040-298869,国分公共職業安定所,4604-15580-7,可,シャカイフクシホウジンメイトクカイ マキノハラムツミエン,社会福祉法人 明徳会 牧之原むつみ園,899-4503,鹿児島県霧島市福山町福沢4611,,施設長 束田 悟,2340005002518,http://www.mutumi-en.com/,90,88,昭和48年,,"社会福祉施設として利用者の生活全般に係る事業 入浴、食事、レ
クリエーション、おむつ交換、機能訓練、その他全般、訪問介護
【静止画像あり】","特別養護老人ホームの他にデイサービスセンター、介護支援センタ
ーがあり、地域に密着した介護老人福祉施設である。",正社員,介護職員,"○ユニット型特別養護老人ホームでの介護業務全般に従事します。
·食事介助
·オムツ交換
·レクリエーション
·入浴介助
·その他介護にかかる業務全般
*従事すべき業務の変更範囲:会社の定める業務",899-4503,"鹿児島県霧島市福山町福沢4611
「特別養護老人ホーム 牧之原むつみ園」",,2,0,0,"必須
普通自動車運転免許 (AT限定可) 
【入社後取得可】",なし,可,なし,なし,169600,216600,あり,あり,5,変形労働時間制 (1年単位),その他,07:30-16:30,10:00-19:00,13:30-22:30,119,可,令和8年10月1日以降,可,随時,施設長,束田 悟,ツカダ サトル,0995-56-2234,0995-56-1018,,"*試用期間:3ヶ月 条件変更無し
*応募前職場見学可
 (感染対策等条件がありますので日程についてはご連絡ください) 
また、就業についてご不明な点は担当までご連絡下さい。
*福祉の知識がなくても大丈夫です。
採用後に介護方法を習得して頂きます。
*介護職員実務者研修、介護福祉士資格取得等支援します。
*マイカー通勤可:駐車場敷地内/自己負担なし","就業時間: (4) 22:30〜7:30
 (1) 〜 (4) のシフト勤務 (4) 夜勤は月3回程度
·夜勤手当:4000円/回
·住居手当:上限25000円
·資格手当は初任者·実務者研修終了者5000円
介護福祉士10000円のいずれか
·採用後、3ヶ月〜半年は夜勤はありません。
ご利用者や仕事内容の把握状況によって夜勤を開始します。
*過去実績:賞与 (2.00ヶ月分) 、昇給 (1200円) ",854,050,050-01,,,鹿児島県霧島市,,,2931,,,,,,,,,,,,,2025年08月31日 08:27,2025年08月31日 08:27,バーコードスキャン,求人番号_46040-298869.pdf,福祉・介護の職業,施設介護の職業,高齢者入所型施設介護員,医療/福祉に関わる,介護,,,,,,0,361,介護職員（医療・福祉施設等）,,
2025,46030-79869,鹿屋公共職業安定所,4603-1826-2,可,カブシキガイシャセトヤマグミ,株式会社瀬戸山組,893-2601,鹿児島県肝属郡南大隅町佐多伊座敷3316,,代表取締役 福谷 正隆,3340001013971,,35,4,昭和8年,"2,000万円",総合建設業,"創業以来順調に業績を伸ばし、職員一同安全第一に心掛け業務に精
一杯頑張っています。",正社員,一般事務·建設ディレクター,"【一般事務】
○請求書·見積書·契約書類などの作成
○来客·電話対応
○労務管理
○現場監督のサポート業務
【建設ディレクター】
○現場の書類作成
○測量の補助
○変更の範囲:変更なし",893-0064,鹿児島県鹿屋市西原1丁目12-27,,2,0,0,"あれば尚可
○普通自動車運転免許 (AT限定可) 
※入社後の取得可",なし,可,なし,なし,220000,220000,あり,あり,5,,日 その他,08:00-17:00,,,104,可,令和8年10月1日以降,可,随時,代表取締役,福谷 正隆,フクタニ セイリュウ,0994-26-0545,0994-26-0546,setoyamagumi@helen.ocn.ne.jp,"○応募前見学可能です。見学希望の際はお問い合わせ下さい。
○面接は、鹿屋営業所または本社にて行います。どちらでも選択し
てください。
○一般事務は本社と営業所での勤務となります。
○建設ディレクターは主に稼働している現場と営業所での勤務とな
ります。
○履歴書:手書き、パソコン作成どちらも可
○選考旅費、赴任旅費については、交通費及び宿泊費は全額負担し
ます。","○各資格取得について、全面的にバックアップします。
◆令和8年6月19日「公正な採用選考のために」にて説明済み",061,034,034-01,039,039-01,鹿児島県鹿屋市,,,2915,,,,,,,,,,,,,2025年08月24日 15:01,2025年08月24日 15:01,バーコードスキャン,求人番号_46030-79869.pdf,事務的職業,一般事務・秘書・受付の職業,一般事務員,事務に関わる,一般事務,事務的職業,生産関連事務の職業,生産現場事務員,事務に関わる,生産事務,1,257,総合事務員,271,生産現場事務員
2025,46010-1015769,鹿児島公共職業安定所,4601-20464-1,可,カブシキガイシャ ミスミケンセツ,株式会社 三純建設,890-0063,鹿児島県鹿児島市鴨池1丁目25-1 三純ビル2階,(鹿児島市電:中郡電停から徒歩5分),代表取締役 三谷 貴夫,3340001004161,www.misumi-kensetsu.jp,20,18,昭和50年,"2,000万円","土木工事業·建築工事業·一般貨物自動車運送事業·一般廃棄物収
集運搬·産業廃棄物収集運搬·産業廃棄物処分·リサイクル事業·
工事監理","昭和50年創業、今年で51年を迎え、業績は安定推移している。
公共工事を主に土木工事業、産業廃棄物の処理、リサイクル事業が
主軸で現在ISOの取得、優良産廃処理業者にも認定された。",正社員,土木施工管理見習い,"○公共工事や民間工事の土木工事現場において、工事管理者の補助業務を担当
していただきます。
·主な仕事内容は、現場での安全管理、作業進捗の確認、写真撮影および記録
測量補助、資材や機械の管理、協力会社との連絡調整などです。
·入社後は先輩社員が基礎から丁寧に指導いたしますので、専門知識や資格が
なくても安心して始められます。仕事を通じて知識や技術を身につけ、将来
的には施工管理技士などの資格取得を目指し、現場全体を管理する技術者と
して活躍して頂きます。
一緒に私たちと鹿児島の発展のために頑張りましょう。 《変更範囲:なし》",890-0063,鹿児島県鹿児島市鴨池1丁目25-1 三純ビル2階,(鹿児島市電:中郡電停から徒歩5分),3,0,0,"あれば尚可
○普通自動車運転免許 (マニュアル免許)  (入社後取得可) 
○準中型自動車免許 (マニュアル免許)  (入社後取得可) ",なし,可,あり,なし,170000,200521,あり,あり,5,変形労働時間制 (1年単位),土日 その他,08:00-17:00,,,110,可,令和8年10月1日以降,可,随時,代表取締役 三谷貴夫,採用担当者,,099-257-1881,099-257-2446,takao-m5@joy.ocn.ne.jp,"○応募前職場見学については、8月3日以降実施予定です。
応募前職場見学への参加の有無によって採否を決定するものでは
ありません。
○選考旅費:10,000円 (上限あり) 
○履歴書:手書き·パソコン作成どちらも可
○入居可能住宅は、空室があれば入居可能。
 (自己負担:25,000円/月) ","○特別に支払われる手当について
資格手当:当社の定めによる資格を保有している場合
皆勤手当:欠勤が無かった場合
○ISO9001·ISO14001·ISO45001認証取得
優良産廃処理業者認定
○かごしまSDGS推進パートナー登録",062,008,008-05,,,鹿児島県鹿児島市,,,2863,,,,,,,,,,,,,2025年08月18日 08:44,2025年08月18日 08:44,バーコードスキャン,求人番号_46010-1015769.pdf,研究・技術の職業,建築・土木・測量技術者,土木施工管理技術者,建設/建築/土木に関わる,その他(建設/建築/土木に関わる),,,,,,0,092,土木技術者,,
2025,38040-48069,宇和島公共職業安定所,3804-614086-8,可,カブシキガイシャ ニシニホンヨウマン,株式会社西日本養鰻,798-0005,"愛媛県宇和島市築地町2丁目318-235 (本社オフィス)
鹿児島県曽於市末吉町岩崎1329-3 (第一事業所)
鹿児島県鹿屋市串良町細山田3937  (第二事業所)",住吉町バス停駅 から 徒歩5分,代表取締役社長 笠岡 繁樹,4500001017138,https://nishinihonyouman.com/,29,29,平成24年,"5,000万円",うなぎ養殖事業,"鮮魚·餌飼料販売、真鯛種苗の生産販売などを手掛ける株式会社ヨ
ンキュウ (東証スタンダード上場) の、うなぎ養殖のための子会社
として設立。先進技術のもと完全無投薬でうなぎを育てています。",正社員,うなぎ養殖スタッフ,"○うなぎの養殖作業 変更の範囲:変更なし
従事する主な作業です。日々の給餌から選別、出荷までを担当します。
【給餌】1日2回水槽内のうなぎに給餌
【出荷】色·サイズ別に選別
【清掃】水槽内のポンプ排水溝の目詰まりの清掃
【管理】水温、酸素濃度、ポンプ等の管理
【梱包】袋詰めして発送
※水産学科でなくても大丈夫。仕事をしながら一から学べるので安心です!
※フォークリフト運転免許など仕事に必要な資格取得費用は全額会社負担!",899-8601,"鹿児島県曽於市末吉町岩崎1329-3 第一事業所 または、
鹿児島県鹿屋市串良町細山田3937 第二事業所·第三事業所
(〒893-1601·第二と第三は同住所)",都城駅 から 車30分,0,0,4,不問,あり,可,あり,あり,195000,225000,あり,あり,1,,その他,05:00-16:00,,,79,可,令和8年10月1日以降,可,随時,常務取締役兼第二事業所 所長,江川 公浩,エガワ キミヒロ,0994-62-3250,0994-62-3251,k-egawa@yonkyu.co.jp,"※無料駐車場あり
※引越費用会社負担
※制服·合羽·長靴他用具は会社支給 (貸与) 
※健康診断年1回、インフルエンザ予防接種は全額会社負担
※勤務先
鹿児島県曽於市末吉町岩崎1329-3 第一事業所 または
鹿児島県鹿屋市串良町細山田3937 第二·第三事業所
 (第二と第三は同住所) ","○試用期間:3ヶ月
○毎月の賃金 (225,000円) から
·所得税 (4,050円) 
·社会保険料 (31,361円) 
·雇用保険料 (1,350円) 
等が控除され、手取り額は188,239円程度となります。
※時間外手当、家族手当、通勤手当は含まず
※応募書類記入方法:手書き·PC入力どちらでも可
※労働基準法「労働時間、休憩及び休日に関する規定」
適用除外求人 (労働基準法第41条/養殖業) ",042,066,066-04,,,愛媛県宇和島市,鹿児島県曽於市,鹿児島県鹿屋市,2698,,,,,,,,,,,,,2025年07月31日 13:46,2025年07月31日 13:46,バーコードスキャン,求人番号_38040-48069.pdf,農林漁業の職業,漁業の職業,水産養殖作業員,農林水産業に関わる,水産業,,,,,,0,484,水産養殖従事者,,
2025,46030-7469,鹿屋公共職業安定所,4603-614328-0,可,カブシキガイシャ シオジ,株式会社 潮路,893-1401,鹿児島県肝属郡肝付町北方2338番地,,代表取締役 西園 博文,3340001016561,,20,15,平成25年,100万円,定置漁業、花卉生産販売,"当社の定置漁場は 内之浦漁港から約20分、日本でも有数の実績
を持っています。又、えびね蘭の生産もしております。",正社員,漁労作業員,"漁師
·沿岸漁業である定置網漁の漁師で、通常、船で沖にいる時間は2時間程度
·定置網の網起し、水揚げ作業、網の補修等が主な業務です。
·網の入替や補修で沖にでることもあります。
外洋のため、一定の揺れがあります。
*就業時間について
 (1) 5:00〜14:00は夏季、 (2) 6:30〜15:30は冬季の
時間となりますが、日照時間等によって変動あります。
*変更範囲:変更なし",893-1401,鹿児島県肝属郡肝付町北方2338番地,,2,0,0,"必須
普通自動車免許 (AT限定可) 
※入社後取得可",なし,可,なし,なし,210000,210000,あり,なし,,,日 その他,05:00-14:00,06:30-15:30,,65,可,令和8年10月1日以降,可,随時,採用担当,西園,ニシゾノ,0994-67-4141,0994-31-6100,shioji@po5.synapse.ne.jp,"·試用期間:3ヶ月 (労働条件の変更無) 
·通勤手当:町外からの通勤者に限り支給
·昇 給:5,000円〜10,000円 (勤務態度により) 
·賞 与:漁獲高によって変動有
·就業時間:季節·天候により始業時間の変動有
·選考旅費:5,000円
·履歴書 :手書き·パソコン作成どちらも可
*既卒者 (概ね3年以内) 、中退者の応募は随時受け付けています
*基本給 (a) の計算根拠
日給 (8,400円) ×月平均労働日数 (25.0) で表示","*労基法41条1号該当 (水産) 事業所のため、労働時間·休憩及
び休日に関する労働時間規制の適用除外
*応募前見学可能です。見学希望の場合はお問い合わせ下さい。
【事業所からのメッセージ】
·お魚好きな方、海が好きな方、初めての方も体験から始められま
すので、是非ご応募下さい。当社の定置漁場は、内之浦漁港から
漁船で約20分、日本でも有数の実績を持っています。また、え
びね蘭の生産販売もしております。
◆令和8年6月8日「公正な採用·選考のために」等にて説明済",031,066,066-01,,,鹿児島県肝属郡肝付町,,,2248,,,,,,,,,,,,,2025年07月30日 09:24,2025年07月30日 09:24,バーコードスキャン,求人番号_46030-7469.pdf,農林漁業の職業,漁業の職業,漁労作業員,農林水産業に関わる,水産業,,,,,,0,481,漁労従事者,,
2025,46010-264769,鹿児島公共職業安定所,4601-2461-8,可,ヨネモリケンセツカブシキガイシャ,米盛建設 株式会社,890-0014,鹿児島県鹿児島市草牟田二丁目2番7号,中草牟田バス停 から 徒歩1分,取締役社長 米盛 庄一郎,3340001004558,http://www.yoneg-net.co.jp/index.htm,155,94,大正10年,"8,000万円","総合建設業·土木·建築請負業·アスファルト合材製造業·生コン
クリート製造業·宅地開発·不動産管理業","当社は、大正10年創業の県内でも老舗の建設会社であり,港湾及
び陸上土木工事を主力に確実な施工で信用を築いて来ました。会社
の技術力,信用力をアップし職員のスキルアップを図ります。",正社員,技術職,"○土木工事及び建築工事全般の業務に従事していただきます。
*国や県からの受注した公共工事の施工管理業務 (港湾·土木工事等) 
*民間企業から受注した工事の施工管理業務 (建築工事等) 
*他、舗装工事等。
*現場管理業務の補助業務や工程スケジュール管理業務。
下請会社との打ち合わせ、他、現場舗装作業等。
◆入社後、各現場の先輩社員からの指導があります。
《変更範囲:なし》",891-0115,"鹿児島県鹿児島市東開町4-48
《米盛建設株式会社 東開事業所》",,3,0,0,"必須
普通自動車免許 (AT限定不可)  (入社後取得可) ",あり,可,あり,あり,211000,211000,あり,あり,15,変形労働時間制 (1年単位),日祝 その他,08:00-17:00,,,114,可,令和8年10月1日以降,可,随時,総務部次長,水元 秀一,ミズモト シュウイチ,099-298-1234,099-263-5333,,"○応募前職場見学は随時受付けています。事前にご連絡ください。
○選考日については、別途通知します。
○選考に伴う旅費は実費支給します。
○履歴書:手書き·パソコン作成どちらも可
○鹿児島労働局HPで企業PR動画 掲載中","○勤務エリアは、鹿児島県内一円です。
○通勤手当:実費分の支給となります。
○入居可能住宅:個室/約7畳/収納有/勤務先まで15分",061,008,008-05,,,鹿児島県鹿児島市,,,2124,,,,,,,,,,,,,2025年07月30日 09:03,2025年07月30日 09:03,バーコードスキャン,求人番号_46010-264769.pdf,研究・技術の職業,建築・土木・測量技術者,土木施工管理技術者,建設/建築/土木に関わる,その他(建設/建築/土木に関わる),,,,,,0,092,土木技術者,,
2025,46010-265169,鹿児島公共職業安定所,4601-2461-8,可,ヨネモリケンセツカブシキガイシャ,米盛建設 株式会社,890-0014,鹿児島県鹿児島市草牟田二丁目2番7号,中草牟田バス停 から 徒歩1分,取締役社長 米盛 庄一郎,3340001004558,http://www.yoneg-net.co.jp/index.htm,155,94,大正10年,"8,000万円","総合建設業·土木·建築請負業·アスファルト合材製造業·生コン
クリート製造業·宅地開発·不動産管理業","当社は、大正10年創業の県内でも老舗の建設会社であり,港湾及
び陸上土木工事を主力に確実な施工で信用を築いて来ました。会社
の技術力,信用力をアップし職員のスキルアップを図ります。",正社員,重機オペレーター,"○土木工事全般の業務に従事していただきます。
*土工·舗装工における重機オペレーター
*職長として下請会社との打ち合わせ他、現場舗装作業等
◆入社後、各現場の先輩社員からの指導があります。
《変更範囲:なし》",891-0115,"鹿児島県鹿児島市東開町4-48
《米盛建設株式会社 東開事業所》",,3,0,0,"必須
普通自動車免許 (AT限定不可)  (入社後取得可) ",なし,可,あり,あり,201900,201900,あり,あり,10,変形労働時間制 (1年単位),日祝 その他,08:00-17:00,,,114,可,令和8年10月1日以降,可,随時,総務部次長,水元 秀一,ミズモト シュウイチ,099-298-1234,099-263-5333,,"○応募前職場見学は随時受付けています。事前にご連絡ください。
○選考日については、別途通知します。
○選考に伴う旅費は実費支給します。
〇履歴書:手書き·パソコン作成どちらも可
〇鹿児島労働局HPで企業PR動画 掲載中","○勤務エリアは、鹿児島県内一円です。
○通勤手当:実費分の支給となります。
○入居可能住宅:個室/約7畳/収納有/勤務先まで15分",061,089,089-05,,,鹿児島県鹿児島市,,,2123,,,,,,,,,,,,,2025年07月30日 09:03,2025年07月30日 09:03,バーコードスキャン,求人番号_46010-265169.pdf,配送・輸送・機械運転の職業,施設機械設備操作・建設機械運転の職業,建設機械運転工,運輸/物流に関わる,機械運転,,,,,,0,645,建設・さく井機械運転従事者,,
2025,46020-177469,川内公共職業安定所,4602-101519-7,可,ユウゲンガイシヤノウギヨウセイサンホウジンノザキ,有限会社 農業生産法人 のざき,895-0061,鹿児島県薩摩川内市御陵下町7-47,,代表取締役 野崎 喜久雄,2340002016958,http://nozaki-farm.jp/,28,28,平成元年,"2,300万円","肉用牛の肥育「中村町、さつま町 (平川) 」
肉用牛の繁殖「中村町」","当牧場では、自社ブランド牛の生産をしています。最高級黒毛和牛
を牧場から各地へ届ける為に最良のコンディションに育てあげてい
く、とてもやりがいのある職場です。",正社員,飼育管理係,"○黒毛和牛飼育5,000頭 (中村町3,000頭·さつま町2,000頭) 
の繁殖·肥育管理を行っています。
○主に<餌やり/餌準備·場内清掃·牛さんの管理等>
※場内でのローダー·フォークリフトの運転あり
 (入社後に、講習·資格取得が必要な事もあります) 
※中村町、さつま町平川の2か所どちらかの農場に従事していただきます。
※新入職員には、指導員係を配置し丁寧に指導致します。
*従事すべき業務の変更範囲:事業所の定める業務",895-0003,"鹿児島県薩摩川内市中村町字大島1212
その他の勤務先:鹿児島県薩摩郡さつま町平川4463",,2,0,0,不問,なし,可,なし,なし,180000,205000,あり,なし,,,その他,07:00-17:00,,,84,可,令和8年10月1日以降,可,随時,総務課,川畑,カワバタ,0996-29-2723,0996-29-2722,,"○昇給·賞与は業績により支給します
○応募前職場見学可 要事前連絡
*履歴書:手書き、パソコン作成どちらも可","《就業場所について》
応募者の住所等によっては、平川農場で勤務をお願いすることもあ
ります。 (薩摩郡さつま町平川4463) 
《労働基準法41条 別表第1第7号》
労働時間、休憩及び休日に関する規定は適用除外。",012,064,064-03,,,鹿児島県薩摩川内市,鹿児島県薩摩郡さつま町,,2068,,,,,,,,,,,,,2025年07月27日 14:08,2025年07月27日 14:08,バーコードスキャン,求人番号_46020-177469.pdf,農林漁業の職業,農業の職業（養畜・動物飼育・植木・造園を含む）,家畜・家きん飼育作業員,農林水産業に関わる,農業,,,,,,0,462,養畜従事者,,
2025,46010-77269,鹿児島公共職業安定所,4601-3382-5,可,カブシキガイシャ ヨシマルグミ,株式会社 吉丸組,890-0012,鹿児島県鹿児島市玉里町20-40,,代表取締役 吉丸 貴明,5340001004548,https://www.yoshimarugumi.co.jp/,57,46,昭和34年,"3,500万円","建築、土木、解体、舗装工事及び中間処理業 (がれき類) を行って
います。県内各地の公共工事はもちろん、民間工事も多く施工して
おります。わたしたちの暮らしに欠かせない大切な仕事です。","126日と業界においてもトップクラスの年間休日数です。
令和6年にかごしま「働き方改革」推進事業として認定され、社員
にとって働きやすい職場です。",正社員,建設技術者(建築·土木·解体),"まずは現場の雰囲気を知るところからスタート。
入社後、数年程度は先輩社員と一緒に現場を回り基礎から丁寧に指導します。
工事現場で、施工管理や工程管理など「現場をまとめる仕事」に少しずつ関わ
っていただきます。
《変更範囲:事業所の定める業務》
【ユースエール認定企業】【PRシートあり】
若者の採用·育成に積極的で雇用管理の優良な中小企業を厚生労働大臣が
認定した制度です。",890-0023,"鹿児島県鹿児島市永吉2丁目24-11
及び各工事現場",JR九州 鹿児島本線 鹿児島中央駅 から 車8分,2,0,0,"必須
*普通自動車運転免許 (AT限定不可) 入社後取得可",なし,可,なし,なし,190000,200000,あり,あり,11,,土日祝,08:00-17:00,,,126,可,令和8年10月1日以降,可,随時,管理部,森山 隆昭,モリヤマ タカアキ,099-226-7150,099-223-1602,moriyama@yoshimarugumi.co.jp,"■有給休暇は取得しやすく、工事の合間を調整して連続休暇の
取得も可能です。
■育児休業制度、介護休業制度を整備しており、制度の利用に
ついては、本人の状況を考慮し個別に相談に応じています。
■資格取得費用助成制度があり、施工管理技士などの国家資格
取得を会社がサポートします。会社が認めた国家資格は
資格手当を毎月支給します。
■「長く安心して働ける技術者集団」を目指し、人材育成と
働きやすい環境づくりに力を入れています。","■選考日については別途連絡いたします。
■履歴書:手書き·パソコン作成どちらも可
■賃貸住居初期費用支援/家具·家電購入費用支援があります。",061,008,008-02,008,008-05,鹿児島県鹿児島市,,,2052,,,,,,,,,,,,,2025年07月27日 14:08,2025年07月27日 14:08,バーコードスキャン,求人番号_46010-77269.pdf,研究・技術の職業,建築・土木・測量技術者,建築施工管理技術者,建設/建築/土木に関わる,その他(建設/建築/土木に関わる),研究・技術の職業,建築・土木・測量技術者,土木施工管理技術者,建設/建築/土木に関わる,その他(建設/建築/土木に関わる),0,091,建築技術者,092,土木技術者
2025,46040-50469,国分公共職業安定所,4604-615840-3,可,カブシキガイシャイッシン ユウキユウノヤド イッシン,株式会社一心 (きりしま悠久の宿 一心) ,899-6603,鹿児島県霧島市牧園町高千穂3590-34,JR霧島神宮駅 から 車20分,代表取締役 清川 剛久,6340001028091,http://www.isshin-kirishima.jp,30,26,令和8年,,旅館業,客室8部屋のはなれ旅館,正社員,旅館フロント業務·接客業務,"·旅館のフロント業務、チェックイン、チェックアウトの接客
·食事処での朝·夕の食事の配膳サービス
·宿泊予約事務、電話応対
·上記に付随する業務
*従事すべき業務の変更範囲:変更なし",899-6603,鹿児島県霧島市牧園町高千穂3590-34,JR霧島神宮駅 から 車20分,1,0,0,"あれば尚可
普通自動車1種運転免許
 (AT限定可·入社後取得可) ",なし,可,あり,なし,178000,222000,あり,あり,29,変形労働時間制 (1ヶ月単位),その他,,,,88,可,令和8年10月1日以降,可,随時,取締役統括部長,有馬 慎,アリマ マコト,0995-64-4100,0995-78-8522,arima@plus-s.biz,"*赴任旅費はご相談に応じます。
*通勤手当は月額上限を10000円として通勤に要する実費相当
額を支給する。片道2キロ未満の者に対しては、支給しない。
*履歴書は手書き、パソコン作成どちらも可。","*変形労働時間制について (シフト表にて決定する) 
8:00〜11:30·17:00〜21:30 (休憩330分) 
8:00〜10:30·15:00〜20:00 (休憩270分) 
8:00〜16:30 (休憩60分) 
13:15〜21:30 (休憩45分) ",751,056,056-04,056,056-05,鹿児島県霧島市,,,2051,,,,,,,,,,,,,2025年07月27日 14:08,2025年07月27日 14:08,バーコードスキャン,求人番号_46040-50469.pdf,サービスの職業,接客・給仕の職業,旅館・ホテルフロント係,接客/サービスに関わる,接客,サービスの職業,接客・給仕の職業,旅館・ホテル接客係,接客/サービスに関わる,接客,0,404,身の回り世話従事者,404,身の回り世話従事者
2025,46010-501569,鹿児島公共職業安定所,4601-105844-0,可,オオヒラコウギョウ カブシキガイシャ,大平工業 株式会社,890-0021,鹿児島県鹿児島市小野2丁目8-12,(下伊敷バス停から徒歩10分),代表取締役 大平 隆洋,5340001000720,http://www.flat-m.com,28,28,昭和33年,"1,195万円",左官工事 ビルや住宅の壁や床を鏝塗りつけて仕上げていきます,"昭和33年設立。鹿島建設·鴻池組等を取引先としビル等の左官工
事を得意先としています",正社員,建設作業員(左官工),"○左官工事業  (塗壁 壁 床をこてを使って仕上げます) 
九州一円 (主に県内) のマンション·病院·住宅·店舗等の建設
○住宅のリフォーム ○什器 家具の製作
※職業訓練校
仕事をしながら週1日2年間の研修期間を設けており、卒業ととも
に各種資格取得も可能です。
又、従業員の中には7名の指導員資格を有したものがおり、適切な
教育ができる環境下です。
《変更範囲:なし》",890-0021,鹿児島県鹿児島市小野2丁目8-12,(下伊敷バス停から徒歩10分),0,0,3,"あれば尚可
*普通自動車運転免許 (AT限定可) 入社後取得可",なし,可,あり,なし,200000,200000,あり,あり,6,変形労働時間制 (1年単位),日 その他,08:00-17:00,,,85,可,令和8年10月1日以降,可,補足事項欄参照,代表取締役,大平 隆洋,オオヒラ タカヒロ,099-220-5716,099-220-3927,,"○入居可能住宅:光熱水費は自己負担
詳細は担当者へお問い合わせください。
○資格手当:会社規定により支給
○昇給·賞与:会社の業績により支給
 (一般労働者前年度実績あり) 
○履歴書:手書き·パソコン作成どちらも可","○応募前職場見学歓迎。希望の際は事前に担当者まで
電話にてご連絡ください。日時等調整後実施いたします。
○入社から2年間は毎週火曜日、鹿児島高等技術専門校
 (草牟田) へ通っていただきます。
授業料等は会社負担、賃金等はそのままで支給します。
○離島からの応募者のみ旅費は実費で支給します。
○男女ともに活躍できる仕事です。",075,091,091-04,,,鹿児島県鹿児島市,,,2030,,,,,,,,,,,,,2025年07月27日 13:30,2025年07月27日 13:30,バーコードスキャン,求人番号_46010-501569.pdf,建設・土木・電気工事の職業,建設の職業（建設躯体工事の職業を除く）,左官,建設/建築/土木に関わる,建築,,,,,,0,664,左官,,
2025,46010-275669,鹿児島公共職業安定所,4601-2605-2,可,サンシュウサンギョウ カブシキガイシャ,三州産業 株式会社,891-0189,鹿児島県鹿児島市南栄4丁目11番地2,,代表取締役社長 竹之内 浩樹,1340001001994,https://www.sanshu.co.jp,50,5,昭和23年,"8,000万円","葉たばこ乾燥機の製造及び関連資材の販売。園芸用のハウス暖房機
や食品乾燥機などの製造メーカー。蒸熱処理装置で海外輸出も行う
。経営理念は「情·熱燃やし、笑顔を創る」","培ってきた高い「熱管理技術」で国内外の様々な農水加工品や
農業の現場を支えるメーカーです。皆様に信頼される製品づくり
を目指して日夜技術を磨いています。",正社員,営業【熊本】,"○自社で製造した製品などを農家さん、農業法人、官公庁などへ紹介します。
·お客様の要望に合わせて製品を選び、お見積もりや設置まで担当。
·導入していただいた設備の点検や修理、メンテナンスを行います。
·営業先は既にお付き合いのあるお客様が中心!
·会社としての目標はありますが、個人のノルマはありません。
《変更範囲:本人の適性に応じ相談の上、
事務職·製造工員等への変更可能性あり》",861-8045,熊本県熊本市東区小山2丁目1番1号,,1,0,0,"必須
普通自動車運転免許 (AT限定不可) 入社後取得可",なし,可,なし,なし,174600,200600,あり,あり,20,変形労働時間制 (1年単位),日祝 その他,08:30-17:30,,,115,不可,,可,補足事項欄参照,管理部 人事·採用担当,浜田,ハマダ,099-269-1821,099-269-1862,,"○応募前職場見学について希望の際は、事前に担当者まで
お問い合わせください。
○試用期間:6ヶ月 (労働条件:試用期間中は営業手当なし) 
※仕事の習熟状況に応じ短縮·延長の場合あり
○選考方法の一般常識は専門的な知識を問うものではありません。
○選考旅費や赴任費用は地域や条件により一部負担します。
○履歴書:手書き·パソコン作成どちらも可","■5月から8月までの葉たばこ乾燥の期間中に、設備トラブルが
発生した場合は休日·夜間の対応が必要になることがあります。
対応に備え行動範囲に一定の制限が生じる場合があります。
○手当については規定により支給します。
通勤手当:4,100円〜11,300円
扶養手当:配偶者11,000円
その他3,300円/人 (2人まで) 
資格手当:3,000円〜
住宅手当:6,000円〜15,000円
出張手当:日帰り·宿泊 など",261,048,048-99,048,048-04,熊本県熊本市東区,,,2028,,,,,,,,,,,,,2025年07月27日 13:30,2025年07月27日 13:30,バーコードスキャン,求人番号_46010-275669.pdf,販売・営業の職業,営業の職業,その他の営業の職業,営業に関わる,営業,販売・営業の職業,営業の職業,機械器具営業員,営業に関わる,営業,0,349,その他の営業職業従事者,344,機械器具営業職業従事者（通信機械器具を除く）
2025,46010-56169,鹿児島公共職業安定所,4601-2605-2,可,サンシュウサンギョウ カブシキガイシャ,三州産業 株式会社,891-0189,鹿児島県鹿児島市南栄4丁目11番地2,,代表取締役社長 竹之内 浩樹,1340001001994,https://www.sanshu.co.jp,50,42,昭和23年,"8,000万円","葉たばこ乾燥機の製造及び関連資材の販売。園芸用のハウス暖房機
や食品乾燥機などの製造メーカー。蒸熱処理装置で海外輸出も行う
。経営理念は「情·熱燃やし、笑顔を創る」","培ってきた高い「熱管理技術」で国内外の様々な農水加工品や
農業の現場を支えるメーカーです。皆様に信頼される製品づくり
を目指して日夜技術を磨いています。",正社員,営業,"○自社で製造した製品などを農家さん、農業法人、官公庁などへ紹介します。
·お客様の要望に合わせて製品を選び、お見積もりや設置まで担当。
·導入していただいた設備の点検や修理、メンテナンスを行います。
·営業先は既にお付き合いのあるお客様が中心!
·会社としての目標はありますが、個人のノルマはありません。
《変更範囲:本人の適性に応じ相談の上、
事務職·製造工員等への変更可能性あり》",891-0189,鹿児島県鹿児島市南栄4丁目11番地2,,1,0,0,"必須
普通自動車運転免許 (AT限定不可) 入社後取得可",なし,可,なし,なし,174600,200600,あり,あり,20,変形労働時間制 (1年単位),日祝 その他,08:30-17:30,,,115,不可,,可,補足事項欄参照,管理部 人事·採用担当,浜田,ハマダ,099-269-1821,099-269-1862,,"○応募前職場見学について希望の際は、事前に担当者まで
お問い合わせください。
○試用期間:6ヶ月 (労働条件:試用期間中は営業手当なし) 
※仕事の習熟状況に応じ短縮·延長の場合あり
○選考方法の一般常識は専門的な知識を問うものではありません。
○選考旅費や赴任費用は地域や条件により一部負担します。
○履歴書:手書き·パソコン作成どちらも可","■5月から8月までの葉たばこ乾燥の期間中に、設備トラブルが
発生した場合は休日·夜間の対応が必要になることがあります。
対応に備え行動範囲に一定の制限が生じる場合があります。
○手当については規定により支給します。
通勤手当:4,100円〜11,300円
扶養手当:配偶者11,000円
その他3,300円/人 (2人まで) 
資格手当:3,000円〜
住宅手当:6,000円〜15,000円
出張手当:日帰り·宿泊 など",261,048,048-99,048,048-04,鹿児島県鹿児島市,,,2027,,,,,,,,,,,,,2025年07月27日 13:30,2025年07月27日 13:30,バーコードスキャン,求人番号_46010-56169.pdf,販売・営業の職業,営業の職業,その他の営業の職業,営業に関わる,営業,販売・営業の職業,営業の職業,機械器具営業員,営業に関わる,営業,0,349,その他の営業職業従事者,344,機械器具営業職業従事者（通信機械器具を除く）
2025,46120-30369,指宿公共職業安定所,4612-52-3,可,ヤマガワゾウセン テッコウ カブシキガイシャ,山川造船鉄工 株式会社,891-0511,鹿児島県指宿市山川福元5763,JR山川駅 から 徒歩20分,代表取締役 篠原 秀嗣,4340001009424,https://yamakawasb.co.jp/,41,41,昭和17年,"5,500万円","創業95年以上!指宿市山川港に拠点を構える県内トップクラスの
船舶修理会社です。高い技術力と厳しい品質管理、そして安全第一
をモットーに船の安全はもちろん、海の安全に貢献しています。","2025年過去最高売上達成!ここには豊かな海と長い歴史に支え
られた安定基盤、そして若い世代が活躍できるフィールドがありま
す。薩摩半島に身を置き、新しい人生の一歩を踏み出しませんか?",正社員,電気工(船舶メンテナンス),"■業務内容
·船内の照明や電気設備の点検·修理 ·電気配線の取付や交換作業
·制御盤や発電機などの電気機器の点検·整備
·軽トラック、ユニック車 (免許保持者のみ) 等の運転業務
などの作業を行い、船舶を長く安全に使用できるよう保護します。
■入社後の活躍
先輩社員の補助作業から始め、電気設備の知識や技術を身につけます。
経験を積み、将来的には船舶修理を支える中心的な電気工を目指します。
<業務の変更範囲:会社の定める業務>",891-0511,鹿児島県指宿市山川福元5763,JR山川駅 から 徒歩20分,0,0,1,"あれば尚可
普通自動車免許 (AT限定不可) ※入社後取得可",なし,可,あり,なし,216000,216000,あり,あり,22,変形労働時間制 (1ヶ月単位),日祝 その他,08:00-17:10,,,110,可,令和8年10月1日以降,可,随時,総務部,大関 賢斗,オオゼキ ケント,0993-34-1131,0993-35-3162,ozeki@yamakawasb.co.jp,"·応募前職場見学歓迎!見学希望の方は事前にお問合せ下さい。
·社員寮完備 (男性のみ入居可能) :2022年10月に完成し、
光熱費·水道·WiFi·駐車場込みの月2万円で入居できま
す。 (家具家電も共用スペースに完備あり) 
·3ヶ月程度は各部署の業務を経験して、希望と適性を踏まえて
正式配属部署を決定します。
·配属部署を決めるにあたり、面接当日に簡易的な性格分析シー
トに回答いただきます。 (選考対象外/回答項目15問) 
·必要な資格取得にかかる費用 (交通費含) は全て会社負担です。
·履歴書:手書き·パソコン作成どちらでも可","·試用期間3ヶ月/月給21.6万円 (手取り18万円程度) 
·時間外手当あり (残業代は全額支給いたします) 
·モデル月収及び年収 ※残業、賞与込
 (例) 入社3年目:月収約25万円 年収約380万円
入社5年目:月収約28万円 年収約410万円
·社員41名の平均年齢は43歳ですが、20〜30代が70%を
占めており、若年層が中心となって活躍している職場です。
·既卒者の応募には、ハローワークの紹介状が必要です。
★船を直す「船の総合病院」!スケールの大きな現場で、技術と
情熱をカタチにしませんか?",313,094,094-05,075,075-04,鹿児島県指宿市,,,2025,,,,,,,,,,,,,2025年07月27日 13:30,2025年07月27日 13:30,バーコードスキャン,求人番号_46120-30369.pdf,建設・土木・電気工事の職業,電気・通信工事の職業,電気工事作業員,建設/建築/土木に関わる,電気工事,製造・修理・塗装・製図等の職業,機械整備・修理工,輸送用機械器具整備・修理工（自動車を除く）,生産/製造に関わる,整備/修理,0,679,その他の電気工事従事者,554,輸送機械整備・修理従事者（自動車を除く）
2025,46120-29969,指宿公共職業安定所,4612-52-3,可,ヤマガワゾウセン テッコウ カブシキガイシャ,山川造船鉄工 株式会社,891-0511,鹿児島県指宿市山川福元5763,JR山川駅 から 徒歩20分,代表取締役 篠原 秀嗣,4340001009424,https://yamakawasb.co.jp/,41,41,昭和17年,"5,500万円","創業95年以上!指宿市山川港に拠点を構える県内トップクラスの
船舶修理会社です。高い技術力と厳しい品質管理、そして安全第一
をモットーに船の安全はもちろん、海の安全に貢献しています。","2025年過去最高売上達成!ここには豊かな海と長い歴史に支え
られた安定基盤、そして若い世代が活躍できるフィールドがありま
す。薩摩半島に身を置き、新しい人生の一歩を踏み出しませんか?",正社員,エンジン整備士(船舶メンテナンス),"■業務内容
·エンジンの分解、整備や検査
·舵 (かじ) やプロペラ、船底に取り付けられた弁 (バルブ) 等の取外し作業
·ポンプ等の機械の点検や整備 ·資材運搬等の軽トラック運転業務
などの作業を行い、船舶を長く安全に使用できるよう保護します。
■入社後の活躍
先輩社員の補助作業から始め、船舶機関の整備技術を習得します。
将来的には、船舶修理を支える整備士を目指します。
<業務の変更範囲:会社の定める業務>",891-0511,鹿児島県指宿市山川福元5763,JR山川駅 から 徒歩20分,0,0,2,"あれば尚可
普通自動車免許 (AT限定不可) ※入社後取得可",なし,可,あり,なし,216000,216000,あり,あり,22,変形労働時間制 (1ヶ月単位),日祝 その他,08:00-17:10,,,110,可,令和8年10月1日以降,可,随時,総務部,大関 賢斗,オオゼキ ケント,0993-34-1131,0993-35-3162,ozeki@yamakawasb.co.jp,"·応募前職場見学歓迎!見学希望の方は事前にお問合せ下さい。
·社員寮完備 (男性のみ入居可能) :2022年10月に完成し、
光熱費·水道·WiFi·駐車場込みの月2万円で入居できま
す。 (家具家電も共用スペースに完備あり) 
·3ヶ月程度は各部署の業務を経験して、希望と適性を踏まえて
正式配属部署を決定します。
·配属部署を決めるにあたり、面接当日に簡易的な性格分析シー
トに回答いただきます。 (選考対象外/回答項目15問) 
·必要な資格取得にかかる費用 (交通費含) は全て会社負担です。
·履歴書:手書き·パソコン作成どちらでも可","·試用期間3ヶ月/月給21.6万円 (手取り18万円程度) 
·時間外手当あり (残業代は全額支給いたします) 
·モデル月収及び年収 ※残業、賞与込
 (例) 入社3年目:月収約25万円 年収約380万円
入社5年目:月収約28万円 年収約410万円
·社員41名の平均年齢は43歳ですが、20〜30代が70%を
占めており、若年層が中心となって活躍している職場です。
·既卒者の応募には、ハローワークの紹介状が必要です。
★船を直す「船の総合病院」!スケールの大きな現場で、技術と
情熱をカタチにしませんか?",313,075,075-04,075,075-01,鹿児島県指宿市,,,2024,,,,,,,,,,,,,2025年07月27日 13:30,2025年07月27日 13:30,バーコードスキャン,求人番号_46120-29969.pdf,製造・修理・塗装・製図等の職業,機械整備・修理工,輸送用機械器具整備・修理工（自動車を除く）,生産/製造に関わる,整備/修理,製造・修理・塗装・製図等の職業,機械整備・修理工,はん用・生産用・業務用機械器具整備・修理工,生産/製造に関わる,整備/修理,0,554,輸送機械整備・修理従事者（自動車を除く）,551,はん用・生産用・業務用機械器具整備・修理従事者
2025,46120-31269,指宿公共職業安定所,4612-52-3,可,ヤマガワゾウセン テッコウ カブシキガイシャ,山川造船鉄工 株式会社,891-0511,鹿児島県指宿市山川福元5763,JR山川駅 から 徒歩20分,代表取締役 篠原 秀嗣,4340001009424,https://yamakawasb.co.jp/,41,41,昭和17年,"5,500万円","創業95年以上!指宿市山川港に拠点を構える県内トップクラスの
船舶修理会社です。高い技術力と厳しい品質管理、そして安全第一
をモットーに船の安全はもちろん、海の安全に貢献しています。","2025年過去最高売上達成!ここには豊かな海と長い歴史に支え
られた安定基盤、そして若い世代が活躍できるフィールドがありま
す。薩摩半島に身を置き、新しい人生の一歩を踏み出しませんか?",正社員,溶接工(船舶メンテナンス),"船舶部品の溶接や組立作業に従事します。
■業務内容
·鉄板や配管の加工·鋼材の切断や組立·マストやクレーンの取替えや溶接
·軽トラックやユニック車 (免許保持者のみ) 等の運転業務
などの作業を行い、船舶を長く安全に使用できるよう保護します。
■入社後の活躍
先輩社員の補助作業から始め、溶接技術や船舶修理の知識を習得します。
将来的には溶接工として船舶修理の中核を担う人材を目指します。
〈業務の変更範囲:会社の定める業務〉",891-0511,鹿児島県指宿市山川福元5763,JR山川駅 から 徒歩20分,0,0,2,"あれば尚可
普通自動車免許 (AT限定不可) ※入社後取得可",なし,可,あり,なし,216000,216000,あり,あり,22,変形労働時間制 (1ヶ月単位),日祝 その他,08:00-17:10,,,110,可,令和8年10月1日以降,可,随時,総務部,大関 賢斗,オオゼキ ケント,0993-34-1131,0993-35-3162,ozeki@yamakawasb.co.jp,"·応募前職場見学歓迎!見学希望の方は事前にお問合せ下さい。
·社員寮完備 (男性のみ入居可能) :2022年10月に完成し、
光熱費·水道·WiFi·駐車場込みの月2万円で入居できま
す。 (家具家電も共用スペースに完備あり) 
·3ヶ月程度は各部署の業務を経験して、希望と適性を踏まえて
正式配属部署を決定します。
·配属部署を決めるにあたり、面接当日に簡易的な性格分析シー
トに回答いただきます。 (選考対象外/回答項目15問) 
·必要な資格取得にかかる費用 (交通費含) は全て会社負担です。
·履歴書:手書き·パソコン作成どちらでも可","·試用期間3ヶ月/月給21.6万円 (手取り18万円程度) 
·時間外手当あり (残業代は全額支給いたします) 
·モデル月収及び年収 ※残業、賞与込
 (例) 入社3年目:月収約25万円 年収約380万円
入社5年目:月収約28万円 年収約410万円
·社員41名の平均年齢は43歳ですが、20〜30代が70%を
占めており、若年層が中心となって活躍している職場です。
·既卒者の応募には、ハローワークの紹介状が必要です。
★船を直す「船の総合病院」!スケールの大きな現場で、技術と
情熱をカタチにしませんか?",313,075,075-04,071,071-13,鹿児島県指宿市,,,2023,,,,,,,,,,,,,2025年07月27日 13:30,2025年07月27日 13:30,バーコードスキャン,求人番号_46120-31269.pdf,製造・修理・塗装・製図等の職業,機械整備・修理工,輸送用機械器具整備・修理工（自動車を除く）,生産/製造に関わる,整備/修理,製造・修理・塗装・製図等の職業,製品製造・加工処理工（金属製品）,金属溶接・溶断工,生産/製造に関わる,製造/加工(金属),0,554,輸送機械整備・修理従事者（自動車を除く）,528,金属溶接・溶断従事者
2025,46120-28669,指宿公共職業安定所,4612-52-3,可,ヤマガワゾウセン テッコウ カブシキガイシャ,山川造船鉄工 株式会社,891-0511,鹿児島県指宿市山川福元5763,JR山川駅 から 徒歩20分,代表取締役 篠原 秀嗣,4340001009424,https://yamakawasb.co.jp/,41,41,昭和17年,"5,500万円","創業95年以上!指宿市山川港に拠点を構える県内トップクラスの
船舶修理会社です。高い技術力と厳しい品質管理、そして安全第一
をモットーに船の安全はもちろん、海の安全に貢献しています。","2025年過去最高売上達成!ここには豊かな海と長い歴史に支え
られた安定基盤、そして若い世代が活躍できるフィールドがありま
す。薩摩半島に身を置き、新しい人生の一歩を踏み出しませんか?",正社員,塗装工(船舶メンテナンス),"大型設備「浮ドック」に入った船舶の塗装作業を担当します。
■業務内容
·船の上下架 (ドック出入れ)  ·船体の清水洗い ·タンクなどの錆落し
·塗装 ·亜鉛板の取替え ·船底に付着したカキや苔などの落し
などの作業を行い、船舶を長く安全に使用できるよう保護します。
■入社後の活躍
先輩社員の補助作業からスタートし、船舶塗装の技術を一から学べます。
作業はチーム (部署) で行い、工具の使い方や安全作業について指導します。
<業務の変更範囲:会社の定める業務>",891-0511,鹿児島県指宿市山川福元5763,JR山川駅 から 徒歩20分,0,0,2,"あれば尚可
普通自動車免許 (AT限定不可) ※入社後取得可",なし,可,あり,なし,216000,216000,あり,あり,22,変形労働時間制 (1ヶ月単位),日祝 その他,08:00-17:10,,,110,可,令和8年10月1日以降,可,随時,総務部,大関 賢斗,オオゼキ ケント,0993-34-1131,0993-35-3162,ozeki@yamakawasb.co.jp,"·応募前職場見学歓迎!見学希望の方は事前にお問合せ下さい。
·社員寮完備 (男性のみ入居可能) :2022年10月に完成し、
光熱費·水道·WiFi·駐車場込みの月2万円で入居できま
す。 (家具家電も共用スペースに完備あり) 
·3ヶ月程度は各部署の業務を経験して、希望と適性を踏まえて
正式配属部署を決定します。
·部署配属を決めるにあたり、面接当日に簡易的な性格分析シー
トに回答いただきます。 (選考対象外/回答項目15問) 
·必要な資格取得にかかる費用 (交通費含) は全て会社負担です。
·履歴書:手書き·パソコン作成どちらでも可","·試用期間3ヶ月/月給:21.6万円 (手取り18万円程度) 
·時間外手当あり (残業代は全額支給いたします) 
·モデル月収及び年収 ※残業、賞与込
 (例) 入社3年目:月収約25万円 年収約380万円
入社5年目:月収約28万円 年収約410万円
·社員41名の平均年齢は43歳ですが、20〜30代が70%を
占めており、若年層が中心となって活躍している職場です。
·既卒者の応募には、ハローワークの紹介状が必要です。
★船を直す「船の総合病院」!スケールの大きな現場で、技術と
情熱をカタチにしませんか?",313,080,080-02,075,075-04,鹿児島県指宿市,,,2022,,,,,,,,,,,,,2025年07月27日 13:30,2025年07月27日 13:30,バーコードスキャン,求人番号_46120-28669.pdf,製造・修理・塗装・製図等の職業,生産関連の職業（塗装・製図を含む）,塗装工（建物を除く）,生産/製造に関わる,塗装/製図,製造・修理・塗装・製図等の職業,機械整備・修理工,輸送用機械器具整備・修理工（自動車を除く）,生産/製造に関わる,整備/修理,0,591,生産関連作業従事者,554,輸送機械整備・修理従事者（自動車を除く）
2025,46010-880969,鹿児島公共職業安定所,4601-113255-0,可,ヤクシマクウコウターミナルビルカブシキガイシャ,屋久島空港ターミナルビル株式会社,891-4207,鹿児島県熊毛郡屋久島町小瀬田城之平310-1,(空港前バス停から徒歩1分),代表取締役 岩崎 芳太郎,3340001004376,http://www.iwasaki-corp.com,18,18,昭和38年,"2,000万円",航空代理店業,"屋久島の空の玄関口である屋久島空港ターミナルの運営と航空機の
搭乗案内業務などを行っている会社です。",正社員,屋久島空港ターミナルビルでの接客·事務,"○航空機にご搭乗されるお客様に向けて搭乗手続き、カウンター業務を
行っていただきます。
○また、案内カウンター等での予約対応等も行っていただきます。
○航空機にお客様の荷物を搭載するお仕事を行っていただきます。
※入社後は空港での業務について研修した後、正式配属となります。
《変更の範囲:なし》",891-4207,鹿児島県熊毛郡屋久島町小瀬田城之平310-1,(空港前バス停から徒歩1分),0,0,2,不問,なし,可,あり,あり,195000,203000,あり,あり,26,変形労働時間制 (1年単位),その他,07:30-16:00,08:30-17:00,10:30-19:00,102,可,令和8年10月1日以降,可,補足事項欄参照,総務部,加治木、植村,カジキ ウエムラ,099-259-2888,099-252-7680,corp.saiyou@iwasaki-corp.com,"○選考日について:選考日は日程が確定次第連絡します。
〇応募前職場見学ができますので、事前に上記担当者へご連絡を
お願いいたします。
○所定の労働日·休日·始業終業時刻 (交代制) は勤務表により
決定し週平均の労働時間を法定時間以内に設定します。
○履歴書:手書き·パソコン作成どちらも可","○屋久島町安房地区に単身寮·社宅があります。
※「マンツーマンリーダー制」という新入社員1名に
先輩社員1名をつけて入社後から新入社員をサポートする
制度を実施しています。",483,034,034-01,042,042-01,鹿児島県熊毛郡屋久島町,,,2017,,,,,,,,,,,,,2025年07月27日 13:30,2025年07月27日 13:30,バーコードスキャン,求人番号_46010-880969.pdf,事務的職業,一般事務・秘書・受付の職業,一般事務員,事務に関わる,一般事務,事務的職業,運輸・郵便事務の職業,旅客・貨物係事務員,事務に関わる,物流事務,0,257,総合事務員,301,旅客・貨物係事務員
2025,46010-878469,鹿児島公共職業安定所,4601-109768-1,可,ニッポンカーメンテナンス カブシキガイシャ,日本カーメンテナンス 株式会社,890-0064,鹿児島県鹿児島市鴨池新町12番12号,(農協会館前バス停から徒歩3分),代表取締役 岩崎 芳太郎,4340001004086,http://www.iwasaki-corp.com,26,25,平成11年,"3,000万円","自動車 (バス·乗用車·トラック) 整備
鹿児島市谷山港に2ヶ所、大隅半島 (肝付町) に整備工場あり","当社は、いわさきグループが所有するバスや一般のお客様の乗用車
·トラック等の整備·点検を行っている会社です。",正社員,自動車整備,"街中を走っている鹿児島交通のバスや、一般のお客様の乗用車など、
様々な種類の車両整備を行っていただきます。作業例は以下の通りです。
○自動車 (軽·普通乗用車、トラック、バス等) の整備·点検·修理
○分解修理 (エンジンオーバーホール等) 
○冷暖房修理
○電装品、ワンマン機器 (バス) の修理
○板金·塗装 (主にバス) 
※入社後は、自動車整備について本社または鹿児島市内工場にて研修をし、そ
の後正式配属となります。 《変更の範囲:なし》",891-0131,"鹿児島県鹿児島市谷山港3丁目1ー40【第一工場】
鹿児島県鹿児島市谷山港2丁目5-2【第二工場】
肝属郡肝付町冨山904-2【第三工場】のいずれかで勤務",,0,0,7,不問,あり,可,あり,あり,195000,203000,あり,あり,13,変形労働時間制 (1年単位),日祝 その他,08:30-17:10,,,105,可,令和8年10月1日以降,可,補足事項欄参照,総務部,加治木、植村,カジキ ウエムラ,099-259-2888,099-252-7680,corp.saiyou@iwasaki-corp.com,"○選考日について:選考日は日程が確定次第、連絡します。
○職場見学ができますので、事前に上記担当者へご連絡を
お願いいたします。
○所定の労働日·休日·始業終業時刻は勤務表により決定し、
週平均の労働時間を法定時間以内に設定します。
○履歴書:手書き·パソコン作成どちらも可","○賃金等について:諸手当を別途支給します。
○鹿児島市内に単身寮·社宅があります。
○バス運転士職をご希望の方は、所定の研修終了後に
運転士養成コースに編入いただけます。
※「マンツーマンリーダー制度」という新入社員1名に
先輩社員1名をつけて入社後から新入社員をサポートする
制度を実施しています。",891,075,075-03,,,鹿児島県鹿児島市,鹿児島県肝属郡肝付町,,2016,,,,,,,,,,,,,2025年07月27日 13:30,2025年07月27日 13:30,バーコードスキャン,求人番号_46010-878469.pdf,製造・修理・塗装・製図等の職業,機械整備・修理工,自動車整備・修理工,生産/製造に関わる,整備/修理,,,,,,0,553,自動車整備・修理従事者,,
2025,46010-883369,鹿児島公共職業安定所,4601-112465-0,可,イワサキコーポレーション カブシキガイシャ,いわさきコーポレーション 株式会社,890-0064,鹿児島県鹿児島市鴨池新町12番12号,,代表取締役 岩崎 芳太郎,8340001000809,http://www.iwasaki-corp.com,127,18,昭和18年,"8,000万円","運輸業 (陸·海·空の公共交通機関) 、観光事業、高速道路サービ
スエリア事業","当社は、陸上交通事業 (バス) 、海上交通事業 (高速船·フェリー
) 、航空事業 (ドクターヘリ) を通じて、総合的な公共交通ネット
ワーク事業を展開しているグループ会社です。",正社員,フェリー工務,"○フェリー部品·消耗品手配、不具合時の業者手配
○年ごとの定期点検·修繕作業準備
○整備点検スケジュール管理
※入社後は船舶管理部に配属され、その後正式配属となります。
《変更の範囲:なし》",892-0814,鹿児島県鹿児島市本港新町5【トッピーメンテナンス事務所】,,0,0,2,不問,なし,可,あり,あり,195000,203000,あり,あり,5,変形労働時間制 (1年単位),その他,09:00-17:40,,,105,可,令和8年10月1日以降,可,補足事項欄参照,総務部,加治木、植村,カジキ ウエムラ,099-259-2888,099-252-7680,corp.saiyou@iwasaki-corp.com,"○選考日について:選考日は日程が確定次第、連絡します。
〇職場見学ができますので、事前に上記担当者へご連絡を
お願いいたします。
○所定の労働日·休日·始業終業時刻は勤務表により決定し
週平均の労働時間を法定時間以内に設定します。
*履歴書:手書き·パソコン作成どちらも可","○鹿児島市内に単身寮·社宅があります。
※「マンツーマンリーダー制」という新入社員1名に
先輩社員1名をつけて入社後から新入社員をサポートする
制度を実施しています。",431,075,075-04,,,鹿児島県鹿児島市,,,2011,,,,,,,,,,,,,2025年07月27日 13:30,2025年07月27日 13:30,バーコードスキャン,求人番号_46010-883369.pdf,製造・修理・塗装・製図等の職業,機械整備・修理工,輸送用機械器具整備・修理工（自動車を除く）,生産/製造に関わる,整備/修理,,,,,,0,554,輸送機械整備・修理従事者（自動車を除く）,,
2025,46010-882069,鹿児島公共職業安定所,4601-112465-0,可,イワサキコーポレーション カブシキガイシャ,いわさきコーポレーション 株式会社,890-0064,鹿児島県鹿児島市鴨池新町12番12号,,代表取締役 岩崎 芳太郎,8340001000809,http://www.iwasaki-corp.com,127,18,昭和18年,"8,000万円","運輸業 (陸·海·空の公共交通機関) 、観光事業、高速道路サービ
スエリア事業","当社は、陸上交通事業 (バス) 、海上交通事業 (高速船·フェリー
) 、航空事業 (ドクターヘリ) を通じて、総合的な公共交通ネット
ワーク事業を展開しているグループ会社です。",正社員,高速船整備,"○毎日の船舶 (高速船:3隻) の保守·点検及び不具合箇所の修理
○年ごとの定期点検·修繕作業 (ドック作業) 
○機械全般の開放修理及び管理 (電機、油圧機器等) 
※入社後は高速船整備に研修し、その後正式配属となります。
《変更の範囲:なし》",892-0814,鹿児島県鹿児島市本港新町5【トッピーメンテナンス事務所】,,0,0,4,不問,なし,可,あり,あり,195000,203000,あり,あり,5,変形労働時間制 (1年単位),その他,08:30-17:30,11:30-20:30,13:00-22:00,105,可,令和8年10月1日以降,可,補足事項欄参照,総務部,加治木、植村,カジキ ウエムラ,099-259-2888,099-252-7680,corp.saiyou@iwasaki-corp.com,"○選考日について:選考日は日程が確定次第、連絡します。
〇職場見学ができますので、事前に上記担当者へご連絡を
お願いいたします。
○所定の労働日·休日·始業終業時刻 (交代制) は勤務表により
決定し週平均の労働時間を法定時間以内に設定します。
*履歴書:手書き·パソコン作成どちらも可","○鹿児島市内に単身寮·社宅があります。
※「マンツーマンリーダー制」という新入社員1名に
先輩社員1名をつけて入社後から新入社員をサポートする
制度を実施しています。",431,075,075-04,,,鹿児島県鹿児島市,,,2010,,,,,,,,,,,,,2025年07月27日 13:30,2025年07月27日 13:30,バーコードスキャン,求人番号_46010-882069.pdf,製造・修理・塗装・製図等の職業,機械整備・修理工,輸送用機械器具整備・修理工（自動車を除く）,生産/製造に関わる,整備/修理,,,,,,0,554,輸送機械整備・修理従事者（自動車を除く）,,
2025,46010-881869,鹿児島公共職業安定所,4601-112465-0,可,イワサキコーポレーション カブシキガイシャ,いわさきコーポレーション 株式会社,890-0064,鹿児島県鹿児島市鴨池新町12番12号,,代表取締役 岩崎 芳太郎,8340001000809,http://www.iwasaki-corp.com,127,76,昭和18年,"8,000万円","運輸業 (陸·海·空の公共交通機関) 、観光事業、高速道路サービ
スエリア事業","当社は、陸上交通事業 (バス) 、海上交通事業 (高速船·フェリー
) 、航空事業 (ドクターヘリ) を通じて、総合的な公共交通ネット
ワーク事業を展開しているグループ会社です。",正社員,桜島サービスエリアでの接客·事務,"○鹿児島の玄関口として多くのお客様が利用されている桜島サービスエリア
 (上り線·下り線) 内のレストラン·売店において接客·商品補充·精算
業務等を通じお客様に満足していただけるようなサービスを提供する仕事
です。
※入社後はサービスの基本、接客に関する基本のほか、サービスエリア
について研修した後、正式配属となります。
《変更の範囲:当社業務全般》",899-5431,鹿児島県姶良市西餅田2414【桜島サービスエリア (上り線) 】,"鹿児島県姶良市西餅田2356【桜島サービスエリア (下り線) 】
「姶良市役所前」バス停から徒歩30分",0,0,2,不問,なし,可,あり,あり,195000,203000,あり,あり,5,変形労働時間制 (1年単位),その他,06:30-15:10,09:00-17:40,13:20-22:00,105,可,令和8年10月1日以降,可,補足事項欄参照,総務部,加治木、植村,カジキ ウエムラ,099-259-2888,099-252-7680,corp.saiyou@iwasaki-corp.com,"○選考日について:選考日は日程が確定次第連絡します。
○職場見学ができますので、事前に上記担当者へご連絡を
お願いいたします。
○所定の労働日·休日·始業終業時刻 (交代制) は勤務表により
決定し、週平均の労働時間を法定時間以内に設定します。
○履歴書:手書き·パソコン作成どちらも可","○鹿児島市内に単身寮·社宅があります。
※「マンツーマンリーダー制」という新入社員1名に
先輩社員1名をつけて入社後から新入社員をサポートする
制度を実施しています。",431,045,045-06,034,034-01,鹿児島県姶良市,,,2009,,,,,,,,,,,,,2025年07月27日 13:30,2025年07月27日 13:30,バーコードスキャン,求人番号_46010-881869.pdf,販売・営業の職業,販売員,飲食料品販売店員,販売に関わる,販売,事務的職業,一般事務・秘書・受付の職業,一般事務員,事務に関わる,一般事務,0,323,販売店員,257,総合事務員
2025,46040-253169,国分公共職業安定所,4604-103679-3,可,キリシマカンコウホテル カブシキガイシャ,霧島観光ホテル株式会社,899-6603,鹿児島県霧島市牧園町高千穂3885,JR日豊本線霧島神宮駅 から 車15分,代表取締役 岡川 秀毅,9340001008314,http://www.kirikan.jp/,78,75,昭和34年,"2,000万円","霧島温泉郷にて「AUBEGIO霧島観光ホテル」と愛犬と泊まる
宿「D+KIRISHIMA」を運営。宿泊サービスを中心に、天
然温泉、レストラン、宴会·団体等のサービスを提供しています。","四季折々の緑に囲まれた自然豊かな地で、全国各地および海外から
多くのお客様をお迎えしています。スタッフ同士の協力を大切にし
ながら、お客様の心に残る旅の思い出作りをお手伝いしています。",正社員,調理職,"◆旅館で提供する朝食、昼食、夕食の調理業務全般を行っていただきます。
·調理の下準備·調理補助
·調理場の清掃等
※調理師免許の有無は問いません。
【シフト制】6:00〜21:30の間で7時間20分程度の勤務を予定。
【業務の変更の範囲】変更なし
【入社後の流れ】
まずは先輩につき、各業務の進め方や基本的なルールなどを覚えます。
イチから丁寧に指導しますので安心してスタートできます。",899-6603,鹿児島県霧島市牧園町高千穂3885,JR日豊本線霧島神宮駅 から 車15分,3,1,0,"あれば尚可
調理師免許",なし,可,あり,なし,187000,220000,あり,あり,15,変形労働時間制 (1ヶ月単位),その他,06:00-21:30,,,84,不可,,可,随時,人事,佐藤 健一,サトウ ケンイチ,0995-78-2531,0995-78-2474,saiyou@kirikan.jp,"当館は、「料理を楽しむ宿」としてご好評をいただいているオーベ
ルジュスタイルのホテルです。鹿児島の豊かな自然が育む新鮮な食
材をふんだんに使い、季節ごとの特別な一皿や、大切な記念日にふ
さわしい料理をご提供しています。
そんな当館で、調理職として一緒に働いていただける新卒の方を募
集しています。基礎から丁寧に指導いたしますので、経験がなくて
もご安心ください。食を通してお客様に喜びを届けたい方、人を笑
顔にする仕事がしたい方のご応募を、心よりお待ちしております。
応募前の職場見学も可能です。ぜひお気軽にお問い合わせ下さい。","○シフト制6:00〜21:30の間で7時間20分程度勤務。
○表記の休憩時間は最大時間。その日の勤務シフトにより変動。
○寮は男性寮1部屋のみ入居可能。 (2025年7月現在) 
○社員食堂あり。
○昇給·賞与制度あり
 (R7年新卒者の実績がなかったため空欄になっています) 
○試用期間3ヶ月 条件変更なし
○マイカー通勤可:駐車場敷地内·敷地外 自己負担なし
○履歴書:手書き·パソコン作成どちらでも可",751,055,055-01,055,055-99,鹿児島県霧島市,,,1972,,,,,,,,,,,,,2025年07月27日 09:16,2025年07月27日 09:16,バーコードスキャン,求人番号_46040-253169.pdf,サービスの職業,飲食物調理の職業,日本料理調理人,接客/サービスに関わる,飲食,サービスの職業,飲食物調理の職業,その他の飲食物調理の職業,接客/サービスに関わる,飲食,1,391,調理人,391,調理人
2025,46040-252769,国分公共職業安定所,4604-103679-3,可,キリシマカンコウホテル カブシキガイシャ,霧島観光ホテル株式会社,899-6603,鹿児島県霧島市牧園町高千穂3885,JR日豊本線霧島神宮駅 から 車15分,代表取締役 岡川 秀毅,9340001008314,http://www.kirikan.jp/,78,75,昭和34年,"2,000万円","霧島温泉郷にて「AUBEGIO霧島観光ホテル」と愛犬と泊まる
宿「D+KIRISHIMA」を運営。宿泊サービスを中心に、天
然温泉、レストラン、宴会·団体等のサービスを提供しています。","四季折々の緑に囲まれた自然豊かな地で、全国各地および海外から
多くのお客様をお迎えしています。スタッフ同士の協力を大切にし
ながら、お客様の心に残る旅の思い出作りをお手伝いしています。",正社員,ホテルスタッフ,"·玄関·フロントでのお客様のお迎え、お見送り、お部屋案内
·全般的なお客様対応
·チェックイン·チェックアウト業務
·備品補充 (フロント周辺·客室、お客様にお届けなど) 
·レストラン業務 (お客様案内、配膳等) 
·業務の変更の範囲:変更なし
【入社後の流れ】
まずは先輩につき、各業務の進め方や基本的なルールなどを覚えます。
いちから丁寧に育てていくので安心してスタートできます。",899-6603,鹿児島県霧島市牧園町高千穂3885,JR日豊本線霧島神宮駅 から 車15分,3,1,0,不問,なし,可,あり,なし,187000,220000,あり,あり,15,変形労働時間制 (1ヶ月単位),その他,06:00-21:30,,,84,不可,,可,随時,人事,佐藤 健一,サトウ ケンイチ,0995-78-2531,0995-78-2474,saiyou@kirikan.jp,"マナー、言葉づかい、気配り、チームワークなど、ホテルでの仕事
には、将来どんな道に進んでも役立つ“実践的な学び”がたくさん
あり、社会人の基礎を、楽しみながら身につけられます。
また日本各地、そして世界から訪れるお客様と出会え、接客を通じ
て、人と心を通わせる力、自分の言葉で思いを伝える力がみがかれ
ます。
「人と関わることが好き」「おもてなしの仕事がしたい」そんな気
持ちがあれば、ここがあなたの第一歩になります。
■事前にご連絡頂ければ応募前の見学もできます。","○シフト制 6:00〜21:30の間で7時間20分程度勤務。
○表記の休憩時間は最大時間。その日の勤務シフトにより変動。
○寮は男性寮1部屋のみ入居可能。 (2025年7月現在) 
○社員食堂あり。
○昇給·賞与制度あり
 (R7年新卒者の実績がなかったため空欄になっています) 
○試用期間3ヶ月 条件変更なし
○マイカー通勤可:駐車場敷地内·敷地外 自己負担なし
○履歴書:手書き·パソコン作成どちらでも可",751,056,056-04,056,056-03,鹿児島県霧島市,,,1971,,,,,,,,,,,,,2025年07月27日 09:16,2025年07月27日 09:16,バーコードスキャン,求人番号_46040-252769.pdf,サービスの職業,接客・給仕の職業,旅館・ホテルフロント係,接客/サービスに関わる,接客,サービスの職業,接客・給仕の職業,ウエイター・ウエイトレス（飲食店ホール係） 、配ぜん人,接客/サービスに関わる,接客,2,404,身の回り世話従事者,403,飲食物給仕従事者
2025,46080-34669,大隅公共職業安定所,4608-100215-5,可,サクラデンキサンギヨウ カブシキガイシャ,さくら電機産業 株式会社,899-7102,鹿児島県志布志市志布志町帖3673-1,,代表取締役社長 米良 充由,8340001014981,http://sakura-denki.co.jp/,162,27,昭和58年,"1,050万円","電設資材総合卸売業
省エネ、安全、安心、快適への提案営業","当社は企業グループ7社の中の一社で電設資材卸売業界の中では中
心的役割で、他に鹿屋、国分、鹿児島市内に営業所があり毎年順調
に売上の実績を伸ばし、今後も大きく発展する企業です。",正社員,"総合職【ルート営業
(契約店の顧客中心)·土日祝休み】","<宮崎の米良企業グループ内の鹿児島エリアの会社です>
·お客様からの商品や価格の問い合わせ対応
·発注や見積書作成などの事務処理
·商品のお渡し、配達業務、それに付随する業務
【導入教育】まずはお客様や商品を覚え、半年〜1年をかけ慣れてきたら
担当のお客様の見積もり〜注文、商品配達等をして頂きます。
1年間先輩社員と一緒に仕事を行うため、サポート体制が整っています。
 (飛込営業なし、ノルマなし、資格不要) 
【業務の変更範囲:変更無し】",000-0000,"·志布志営業所·鹿屋営業所·国分営業所·鹿児島支店又は
米良企業グループの本社 (宮崎県宮崎市別府町4-33) の
いずれか。 (補足事項参照)",,2,0,0,"必須
普通自動車免許 (AT限定可 入社後取得でも可) ",あり,可,なし,なし,147000,200000,あり,あり,20,,土日祝 その他,08:00-17:00,,,124,可,令和8年10月1日以降,可,随時,業務部 総務部長,三上 博幸,ミカミ ヒロユキ,0985-24-6855,0985-25-6615,saiyou@mera-denki.co.jp,"〇勤務先はさくら電機産業の4営業所、もしくは希望者のみ宮崎市
の本社勤務。本人と希望を確認し相談の上決定します。
〇営業所等住所
·志布志営業所 (志布志市志布志町帖3673-1) 
·鹿屋営業所 (鹿屋市札元2丁目3694) 
·国分営業所 (霧島市国分松木1287-2) 
·鹿児島支店 (鹿児島市東開町字東開5-32) 
·本社 (宮崎市別府町4-33) 
○試用期間:6ヶ月","〇各種資格手当、扶養、単身手当等対象者へ支給
〇新卒入社日:令和9年3月23日 (火) 予定
○履歴書:手書き作成でお願いします。 (必須) 
〇筆記試験【必須】:一般常識、国語、数学
【選択】:英語、簿記、電気より一教科
〇役員面接 (グループ面接) 
〇会社見学受付中:当社は電設資材の卸売業で宮崎の本社は今年で
74年目になります。会社のことや仕事内容等詳しく知ってもら
えるように最寄りの営業所にて実施いたします。
○既卒者の応募にはハローワークの紹介状が必要です。",543,048,048-99,,,鹿児島県志布志市,鹿児島県鹿屋市,鹿児島県鹿児島市,1967,,,,,,,,,,,,,2025年07月27日 09:16,2025年07月27日 09:16,バーコードスキャン,求人番号_46080-34669.pdf,販売・営業の職業,営業の職業,その他の営業の職業,営業に関わる,営業,,,,,,0,349,その他の営業職業従事者,,
2025,46120-26769,指宿公共職業安定所,4612-100643-7,可,サンコウキカイ カブシキガイシャ カゴシマコウジヨウ,三光機械株式会社 鹿児島工場,891-0516,鹿児島県指宿市山川成川5770,指宿枕崎線 山川駅 から 車8分,代表取締役社長 矢口 正一,6021001012290,https://www.sanko-kikai.co.jp,154,50,昭和45年,"5,000万円","自動包装機、設計開発 製造販売
『画像情報有り』","省力化関連を中心に主に自動包装機を開発 製造販売し、国内はも
とより世界20数ヶ国に輸出しており、タイに合弁会社をもってい
る。",正社員,技術総合職,"組立図面を基に、自動充填包装機械の組立·電気配線等を行う
○入社後研修を経たのち、しばらくは主に機械の各装置の組立作業に
従事していただきます。
○習得状況に応じて、自動充填包装機の電気配線、本体の組立に従事して
いただきます。
〈業務の変更範囲:会社の定める業務〉",891-0516,鹿児島県指宿市山川成川5770,指宿枕崎線 山川駅 から 車8分,0,0,3,"あれば尚可
物造りの好きな方、手先の器用な方",なし,可,あり,なし,180000,208125,あり,あり,10,,土日祝 その他,08:40-17:30,,,125,可,令和8年10月1日以降,可,随時,総務部,小口 忠男,コグチ タダオ,042-772-1521,042-774-4104,koguchi@sanko-kikai.co.jp,"○試用期間は、固定残業制となります。 (試用期間:6ヶ月間) 
○固定残業代:28,125円 合計208,125円となります
○試用期間中は、時間外労働の有無にかかわらず固定残業代として
20時間分を支給し、20時間を超えた分については、別途支給
します。試用期間終了後は、実働時間外の労働分を支給します。
○履歴書:手書き·パソコン作成どちらも可","○入社後、鹿児島工場で研修があります。
○入社後は鹿児島工場 (鹿児島県指宿市) での勤務になります。
将来的には本人の希望も鑑み、部署異動の可能性もあり。
○社員寮があります。寮費は15,000円です。
 (水道光熱費は会社負担です。) 
○応募前職場見学予定日 (事前に電話にて予約をお願いします) 
7月:16〜31日
8月:平日のみ対応
※鹿児島工場での職場見学になります。",259,007,007-04,,,鹿児島県指宿市,,,1963,,,,,,,,,,,,,2025年07月27日 09:16,2025年07月27日 09:16,バーコードスキャン,求人番号_46120-26769.pdf,研究・技術の職業,製造技術者,機械製造技術者,生産/製造に関わる,技術/開発,,,,,,0,083,機械技術者（開発を除く）,,
2025,46080-96069,大隅公共職業安定所,4608-10194-5,可,カブシキガイシャ カワハラダコウムテン,株式会社 川原田工務店,899-8102,鹿児島県曽於市大隅町岩川6072-1,,代表取締役 谷口 伸一郎,6340001014851,http://www.kawaharada-k.com/index.html,23,23,昭和38年,"2,000万円",総合建設業,"創業38年以来、土木·建築の総合建設業を営み、技術と信用をモ
ットーに地域に密着した建設業を目指している。",正社員,現場管理の補助(建築·土木),"·各種書類作成 (パソコン作業) 、現場の管理 (安全·品質·原価·工程) 
を段階的に覚えてもらいます。
·将来的には、資格取得をしてもらい現場での施工管理を行い建築·土木の
作品を残せる仕事をして頂きます。
*土木·建築物を施工する技術を身につけることができます。
*仕事に必要な資格 (施工管理技士·各種技能資格) を取得する事ができます
*現場は、曽於市内及び周辺市町です。
【業務の変更範囲:なし】",899-8102,鹿児島県曽於市大隅町岩川6072-1,,2,0,0,不問,なし,可,なし,なし,205000,205000,あり,あり,7,変形労働時間制 (1ヶ月単位),日祝 その他,08:00-17:00,,,95,可,令和8年10月1日以降,可,随時,総務部長,川原田 美和子,カワハラダ ミワコ,099-482-0365,099-482-3716,,"○通勤手当は上限がありますが、ご相談ください。
○試用期間:3ヶ月
○変形労働時間制 (3ヶ月単位) 
○履歴書 手書き·パソコン作成どちらも可","○賞与·昇給:昨年度は新規学卒者採用がなかったため実績はなし
ですが会社規定により支給あり
○既卒者の応募にはハローワークの紹介状が必要です
○新卒者の入社日:令和9年4月1日",061,008,008-01,008,008-05,鹿児島県曽於市,,,1960,,,,,,,,,,,,,2025年07月27日 09:16,2025年07月27日 09:16,バーコードスキャン,求人番号_46080-96069.pdf,研究・技術の職業,建築・土木・測量技術者,建築設計技術者,建設/建築/土木に関わる,その他(建設/建築/土木に関わる),研究・技術の職業,建築・土木・測量技術者,土木施工管理技術者,建設/建築/土木に関わる,その他(建設/建築/土木に関わる),0,091,建築技術者,092,土木技術者
2025,46010-72669,鹿児島公共職業安定所,4601-105259-0,可,コウナンコウギョウ カブシキガイシャ,興南工業 株式会社,890-0055,鹿児島県鹿児島市上荒田町29一22,JR鹿児島中央駅 から 徒歩15分,代表取締役 寿浦 数馬,4340001001629,https://kounankougyou.com,60,60,昭和49年,"5,000万円","空港拡張や港の整備などにおける地盤改良工事。
地震に対しての液状化対策の基礎工事。","人と人とのふれあいを大事に快適な環境とゆとりある生活を築くた
め、社員に対して色々な教育制度、昇格制度、厚生施設を備えてい
ます。",正社員,作業船技術員,"○地盤改良船で海底に杭を作る仕事です。
·作業船での仕事は基本的に機械操作が多く、メインはブリッジでの
杭打ちオペレーターです。
·勤務地は全国各地になります。
羽田空港·関西国際空港·中部国際空港·神戸空港や
海外の香港国際空港·ベトナム港湾·インドネシア港湾の工事
にも携わりました。
《変更範囲:事業所の定める業務》",890-0055,"鹿児島県鹿児島市上荒田町29一22
※現場は全国各地になります※",JR鹿児島中央駅 から 徒歩15分,0,0,14,"必須
普通自動車運転免許 (AT限定可)  ※入社後取得可",なし,不可,あり,なし,150000,210000,あり,あり,30,変形労働時間制 (1年単位),土日祝 その他,08:00-17:00,,,124,可,令和8年10月1日以降,不可,,工事部長,田中 祐樹,タナカ ユウキ,099-252-3234,099-254-7317,y_tanaka@kounan.kouji.biz,"○赴任旅費あり:実費支給
○選考旅費あり:実費支給
○履歴書:手書き·パソコン作成どちらも可
○入居可能住宅 (単身用) についてはご相談ください。
家賃:15,000円程度 (1DK) ","○定額的に支払われる手当について
乗船手当:1日1,000円×30日で計算しています。
現場手当:1日1,500円×20日 (月平均労働日数) 
で計算しています。
○当直について
勤務時間 8:00〜17:00 (休憩60分) 
お盆、正月の期間は交替で休日出勤があります。
当直手当を支給します。",062,092,092-01,,,鹿児島県鹿児島市,,,1948,,,,,,,,,,,,,2025年07月27日 09:16,2025年07月27日 09:16,バーコードスキャン,求人番号_46010-72669.pdf,建設・土木・電気工事の職業,土木の職業,建設・土木作業員,建設/建築/土木に関わる,土木工事,,,,,,0,681,土木従事者,,
2025,46010-348069,鹿児島公共職業安定所,4601-109081-6,可,テクノレイネツカブシキガイシャ,テクノ冷熱 株式会社,891-0122,鹿児島県鹿児島市南栄5丁目10-10,,代表取締役 中津野 忠文,4340001002858,http://www.techno-reinetsu.co.jp/,60,44,平成9年,"4,000万円","空気調和·給排水衛生·電気設備·温泉設備·風力発電設備·太陽
光発電·コージェネレーション·防災消火設備企画設計施工","社員の資格取得や技術向上に力を入れており、主に県内を拠点に県
外へ幅広く事業展開しております。県内でも上位クラスの施工実績
があり県外技術習得者が多数在籍中。鹿児島市環境管理認定事業所",正社員,電気設備工,"○建築現場での電気設備配管·配線業務に従事していただきます。
·現場は九州管内です。
·社用車使用 (AT·MT車) 
《変更範囲》経験·能力等により、設計·積算·施工管理などへの
変更可能性があります。",891-0122,鹿児島県鹿児島市南栄5丁目10-10,,2,0,0,"あれば尚可
*電気系課程を修了見込で、基礎的な知識を有していること
必須
*普通自動車運転免許 (AT限定不可·入社後取得可) ",なし,可,なし,なし,195000,215000,あり,あり,20,,土日祝 その他,08:00-17:00,,,126,可,令和8年10月1日以降,可,随時,総務管理部,採用担当者,,099-263-1666,099-263-1668,tekurei@tsm.bbiq.jp,"〇試用期間:3ヶ月 (労働条件:基本給192,000円) 
〇賃金等について
会社が指定する住居に入居する場合のみ、家賃の50%を
負担します (独身者に限る) 。それ以外の借家に居住している
場合は、住宅手当 (6,000円/月) を別途支給します。
〇決算賞与あり
○休暇:慶弔休暇·育児休暇·介護休暇あり
〇応募前職場見学を随時行っていますので、希望する場合は
事前に担当者までお問い合わせください。","〇選考日については、別途通知します。
○選考旅費:会社規定により交通費負担
〇学科試験について
時事·常識系の高校卒業程度の問題です (マークシート方式) 
○履歴書:手書き·パソコン作成どちらも可",083,094,094-05,,,鹿児島県鹿児島市,,,1942,,,,,,,,,,,,,2025年07月27日 09:16,2025年07月27日 09:16,バーコードスキャン,求人番号_46010-348069.pdf,建設・土木・電気工事の職業,電気・通信工事の職業,電気工事作業員,建設/建築/土木に関わる,電気工事,,,,,,0,679,その他の電気工事従事者,,
2025,46010-347869,鹿児島公共職業安定所,4601-109081-6,可,テクノレイネツカブシキガイシャ,テクノ冷熱 株式会社,891-0122,鹿児島県鹿児島市南栄5丁目10-10,,代表取締役 中津野 忠文,4340001002858,http://www.techno-reinetsu.co.jp/,60,5,平成9年,"4,000万円","空気調和·給排水衛生·電気設備·温泉設備·風力発電設備·太陽
光発電·コージェネレーション·防災消火設備企画設計施工","社員の資格取得や技術向上に力を入れており、主に県内を拠点に県
外へ幅広く事業展開しております。県内でも上位クラスの施工実績
があり県外技術習得者が多数在籍中。鹿児島市環境管理認定事業所",正社員,空調配管工【中種子町】,"○建築現場での空調設備配管·溶接業務に従事していただきます。
·現場は九州管内です。
·社用車使用 (AT·MT車) 
《変更範囲》経験·能力等により、設計·積算·施工管理などへの
変更可能性があります。",891-3604,"鹿児島県熊毛郡中種子町野間5067-26
テクノ冷熱 株式会社 種子島営業所",,2,0,0,"あれば尚可
*機械·電気設備系課程を修了見込で、溶接·設備配管工の
基礎的な知識を有していること
必須
*普通自動車運転免許 (AT限定不可·入社後取得可) ",なし,可,なし,なし,195000,215000,あり,あり,20,,土日祝 その他,08:00-17:00,,,126,可,令和8年10月1日以降,可,随時,総務管理部,採用担当者,,099-263-1666,099-263-1668,tekurei@tsm.bbiq.jp,"〇試用期間:3ヶ月 (労働条件:基本給192,000円) 
〇賃金等について
会社が指定する住居に入居する場合のみ、家賃の50%を
負担します (独身者に限る) 。それ以外の借家に居住している
場合は、住宅手当 (6,000円/月) を別途支給します。
〇決算賞与あり
○休暇:慶弔休暇·育児休暇·介護休暇あり
〇応募前職場見学を随時行っていますので、希望する場合は
事前に担当者までお問い合わせください。","〇選考日については、別途通知します。
○選考旅費:会社規定により交通費負担
〇学科試験について
時事·常識系の高校卒業程度の問題です (マークシート方式) 
○履歴書:手書き·パソコン作成どちらも可",083,091,091-06,,,鹿児島県熊毛郡中種子町,,,1941,,,,,,,,,,,,,2025年07月27日 09:16,2025年07月27日 09:16,バーコードスキャン,求人番号_46010-347869.pdf,建設・土木・電気工事の職業,建設の職業（建設躯体工事の職業を除く）,配管工,建設/建築/土木に関わる,建築,,,,,,0,666,配管従事者,,
2025,46010-346969,鹿児島公共職業安定所,4601-109081-6,可,テクノレイネツカブシキガイシャ,テクノ冷熱 株式会社,891-0122,鹿児島県鹿児島市南栄5丁目10-10,,代表取締役 中津野 忠文,4340001002858,http://www.techno-reinetsu.co.jp/,60,4,平成9年,"4,000万円","空気調和·給排水衛生·電気設備·温泉設備·風力発電設備·太陽
光発電·コージェネレーション·防災消火設備企画設計施工","社員の資格取得や技術向上に力を入れており、主に県内を拠点に県
外へ幅広く事業展開しております。県内でも上位クラスの施工実績
があり県外技術習得者が多数在籍中。鹿児島市環境管理認定事業所",正社員,空調配管工【薩摩川内市】,"○建築現場での空調設備配管·溶接業務に従事していただきます。
·現場は九州管内です。
·社用車使用 (AT·MT車) 
《変更範囲》経験·能力等により、設計·積算·施工管理などへの
変更可能性があります。",895-0035,"鹿児島県薩摩川内市尾白江町2656-1
「テクノ冷熱株式会社 薩摩川内営業所」",,1,0,0,"あれば尚可
*機械·電気設備系課程を修了見込で、溶接·設備配管工の
基礎的な知識を有していること
必須
*普通自動車運転免許 (AT限定不可·入社後取得可) ",なし,可,なし,なし,195000,215000,あり,あり,20,,土日祝 その他,08:00-17:00,,,126,可,令和8年10月1日以降,可,随時,総務管理部,採用担当者,,099-263-1666,099-263-1668,tekurei@tsm.bbiq.jp,"〇試用期間:3ヶ月 (労働条件:基本給192,000円) 
〇賃金等について
会社が指定する住居に入居する場合のみ、家賃の50%を
負担します (独身者に限る) 。それ以外の借家に居住している
場合は、住宅手当 (6,000円/月) を別途支給します。
〇決算賞与あり
○休暇:慶弔休暇·育児休暇·介護休暇あり
〇応募前職場見学を随時行っていますので、希望する場合は
事前に担当者までお問い合わせください。","〇選考日については、別途通知します。
○選考旅費:会社規定により交通費負担
〇学科試験について
時事·常識系の高校卒業程度の問題です (マークシート方式) 
○履歴書:手書き·パソコン作成どちらも可",083,091,091-06,,,鹿児島県薩摩川内市,,,1940,,,,,,,,,,,,,2025年07月27日 09:16,2025年07月27日 09:16,バーコードスキャン,求人番号_46010-346969.pdf,建設・土木・電気工事の職業,建設の職業（建設躯体工事の職業を除く）,配管工,建設/建築/土木に関わる,建築,,,,,,0,666,配管従事者,,
2025,46010-345669,鹿児島公共職業安定所,4601-109081-6,可,テクノレイネツカブシキガイシャ,テクノ冷熱 株式会社,891-0122,鹿児島県鹿児島市南栄5丁目10-10,,代表取締役 中津野 忠文,4340001002858,http://www.techno-reinetsu.co.jp/,60,44,平成9年,"4,000万円","空気調和·給排水衛生·電気設備·温泉設備·風力発電設備·太陽
光発電·コージェネレーション·防災消火設備企画設計施工","社員の資格取得や技術向上に力を入れており、主に県内を拠点に県
外へ幅広く事業展開しております。県内でも上位クラスの施工実績
があり県外技術習得者が多数在籍中。鹿児島市環境管理認定事業所",正社員,空調配管工【鹿児島市】,"○建築現場での空調設備配管·溶接業務に従事していただきます。
·現場は九州管内です。
·社用車使用 (AT·MT車) 
《変更範囲》経験·能力等により、設計·積算·施工管理などへの
変更可能性があります。",891-0122,鹿児島県鹿児島市南栄5丁目10-10,,2,0,0,"あれば尚可
*機械·電気設備系課程を修了見込で、溶接·設備配管工の
基礎的な知識を有していること
必須
*普通自動車運転免許 (AT限定不可·入社後取得可) ",なし,可,なし,なし,195000,215000,あり,あり,20,,土日祝 その他,08:00-17:00,,,126,可,令和8年10月1日以降,可,随時,総務管理部,採用担当者,,099-263-1666,099-263-1668,tekurei@tsm.bbiq.jp,"〇試用期間:3ヶ月 (労働条件:基本給192,000円) 
〇賃金等について
会社が指定する住居に入居する場合のみ、家賃の50%を
負担します (独身者に限る) 。それ以外の借家に居住している
場合は、住宅手当 (6,000円/月) を別途支給します。
〇決算賞与あり
○休暇:慶弔休暇·育児休暇·介護休暇あり
〇応募前職場見学を随時行っていますので、希望する場合は
事前に担当者までお問い合わせください。","〇選考日については、別途通知します。
○選考旅費:会社規定により交通費負担
〇学科試験について
時事·常識系の高校卒業程度の問題です (マークシート方式) 
○履歴書:手書き·パソコン作成どちらも可",083,091,091-06,,,鹿児島県鹿児島市,,,1939,,,,,,,,,,,,,2025年07月27日 09:16,2025年07月27日 09:16,バーコードスキャン,求人番号_46010-345669.pdf,建設・土木・電気工事の職業,建設の職業（建設躯体工事の職業を除く）,配管工,建設/建築/土木に関わる,建築,,,,,,0,666,配管従事者,,
2025,46010-400869,鹿児島公共職業安定所,4601-14462-9,可,カブシキガイシャ ナンコウ,株式会社 南光,891-0132,鹿児島県鹿児島市七ツ島二丁目1番地,,代表取締役社長 上田平 勝一,7340001003044,http://www.nanko.co.jp/,237,11,昭和46年,1億円,金属二次加工,"近代技術をもつ南九州最大の工場である。川内·都城等にも工場を
有する。",正社員,技能職(志布志工場),"○設計技能者
·2次元·3次元のCADを用いての金型設計
○機械技能者
·NC工作機械 (マシニングセンター) を用いた金型部品の製作
○仕上げ組み付け技能者
·金型の組み付け及び仕上げと調整
※入社後、教育·研修を行います。
《変更範囲:なし》",899-7104,"鹿児島県志布志市志布志町安楽6142-3
株式会社 南光 志布志工場",,2,0,0,"必須
*普通自動車一種免許 (AT限定可) 入社後取得可",なし,可,なし,なし,187000,201200,あり,あり,6,変形労働時間制 (1年単位),土日 その他,08:00-17:20,,,110,可,令和8年10月1日以降,可,補足事項欄参照,総務課長,黒田 政司,クロダ マサシ,099-263-0890,099-262-3551,info@nanko.co.jp,"○賃金等について:借家に居住している場合住宅手当を別途支給
○決算手当 (賞与) について:年度業績に応じて支給
○年次有給休暇を計画的に利用できます。
リフレッシュ休暇/アニバーサリー休暇/一斉付与休暇 計5日
○所定の労働日·休日·始業終業時刻は勤務シフト表により決定し
週平均の労働時間を法定労働時間に設定します。
※https://e-jinzai.net/nanko/
も是非ご覧ください。","○応募前職場見学を希望の際は事前に担当者までご連絡ください。
○モノづくりに興味があれば、学科は問いません。
○9月17日以降の選考日については、別途通知します。
○選考旅費:一律1,000円支給
○履歴書:手書き·パソコン作成どちらも可
◆先輩社員から一言◆
入社5年目を迎えました。非常に楽しく福利厚生が充実した職場
環境です。自動車関連や金属加工に興味のある方一緒に仕事しま
せんか。金型というのは奥が深くて楽しいですよ。",259,080,080-05,071,071-06,鹿児島県志布志市,,,1933,,,,,,,,,,,,,2025年07月27日 09:16,2025年07月27日 09:16,バーコードスキャン,求人番号_46010-400869.pdf,製造・修理・塗装・製図等の職業,生産関連の職業（塗装・製図を含む）,製図工（建物・土木施設を除く）,生産/製造に関わる,塗装/製図,製造・修理・塗装・製図等の職業,製品製造・加工処理工（金属製品）,数値制御金属工作機械工,生産/製造に関わる,製造/加工(金属),0,591,生産関連作業従事者,523,金属工作機械作業従事者
2025,46040-248969,国分公共職業安定所,4604-102767-9,可,マイクロカットカブシキガイシャ,マイクロカット株式会社,899-4317,鹿児島県霧島市国分上野原テクノパーク12-2,,代表取締役 高木 治邦,4340001007460,https://www.microcut.jp/,324,297,平成15年,"7,400万円",金属切削加工業,"光通信部品、医療部品、半導体部品の精密な作業を最先進設備で独
自のノウハウで難削材の加工、金属微細加工を行い高度化、低コス
ト、省力化を目的とした新規成長分野事業である。",正社員,品質管理,"○実体顕微鏡·測定器を使用し、製品の出荷前検査に従事していただきます
*従事すべき業務の変更範囲:会社の定める業務
*業務で社用車 (AT車) を使用する場合があります",899-4317,鹿児島県霧島市国分上野原テクノパーク12-2,,2,0,0,不問,なし,可,なし,なし,200000,200000,あり,あり,13,,土日 その他,07:50-17:00,,,119,不可,,可,随時,管理本部 本部長,松元,マツモト,0995-48-5611,0995-48-5615,matsumoto-s@microcut.jp,"·社内検定 (マイスター) 制度導入
·福利厚生施設あり (温泉保養施設、トレーニングルーム) 
·平均年齢が若く、活気のある職場です
*履歴書:手書き·パソコン作成どちらでも可
*本求人の他に「機械オペレーター」「検査·仕上げ」についても
同時募集中
*入社後、適性などを考慮し配属先を決定いたします
*9月16日以降も随時応募·選考を受け付けています","*皆勤手当:10,000円 (1日欠勤⇒0円) 
*選考旅費:社内規定により支給",259,071,071-99,076,076-02,鹿児島県霧島市,,,1833,,,,,,,,,,,,,2025年07月27日 09:16,2025年07月27日 09:16,バーコードスキャン,求人番号_46040-248969.pdf,製造・修理・塗装・製図等の職業,製品製造・加工処理工（金属製品）,その他の製品製造・加工処理工（金属製品）,生産/製造に関わる,製造/加工(金属),製造・修理・塗装・製図等の職業,製品検査工（金属製品）,金属加工・溶接検査工,生産/製造に関わる,製品検査(金属),0,529,その他の製品製造・加工処理従事者（金属製品）,562,金属加工・溶接・溶断検査従事者
2025,46040-247669,国分公共職業安定所,4604-102767-9,可,マイクロカットカブシキガイシャ,マイクロカット株式会社,899-4317,鹿児島県霧島市国分上野原テクノパーク12-2,,代表取締役 高木 治邦,4340001007460,https://www.microcut.jp/,324,297,平成15年,"7,400万円",金属切削加工業,"光通信部品、医療部品、半導体部品の精密な作業を最先進設備で独
自のノウハウで難削材の加工、金属微細加工を行い高度化、低コス
ト、省力化を目的とした新規成長分野事業である。",正社員,検査·仕上げ,"○実体顕微鏡を使用し、加工後の製品の外観検査、バリ取り
および仕上げ業務に従事していただきます
*従事すべき業務の変更範囲:会社の定める業務
*業務で社用車 (AT車) を使用する場合があります",899-4317,鹿児島県霧島市国分上野原テクノパーク12-2,,3,0,0,不問,なし,可,なし,なし,200000,200000,あり,あり,13,交替制 (シフト制),土日 その他,07:50-17:00,20:00-05:00,,119,不可,,可,随時,管理本部 本部長,松元,マツモト,0995-48-5611,0995-48-5615,matsumoto-s@microcut.jp,"·社内検定 (マイスター) 制度導入
·福利厚生施設あり (温泉保養施設、トレーニングルーム) 
·平均年齢が若く、活気のある職場です
*履歴書:手書き·パソコン作成どちらでも可
*本求人の他に「機械オペレーター」「品質管理」についても
同時募集中
*入社後、適性などを考慮し配属先を決定いたします
*9月16日以降も随時応募·選考を受け付けています","*皆勤手当:10,000円 (1日欠勤⇒0円) 
*選考旅費:社内規定により支給
*夜勤勤務あり:2週間交代
月10回程度 (手当1,200円/回) ",259,071,071-99,076,076-02,鹿児島県霧島市,,,1832,,,,,,,,,,,,,2025年07月27日 09:16,2025年07月27日 09:16,バーコードスキャン,求人番号_46040-247669.pdf,製造・修理・塗装・製図等の職業,製品製造・加工処理工（金属製品）,その他の製品製造・加工処理工（金属製品）,生産/製造に関わる,製造/加工(金属),製造・修理・塗装・製図等の職業,製品検査工（金属製品）,金属加工・溶接検査工,生産/製造に関わる,製品検査(金属),0,529,その他の製品製造・加工処理従事者（金属製品）,562,金属加工・溶接・溶断検査従事者
2025,46040-246169,国分公共職業安定所,4604-102767-9,可,マイクロカットカブシキガイシャ,マイクロカット株式会社,899-4317,鹿児島県霧島市国分上野原テクノパーク12-2,,代表取締役 高木 治邦,4340001007460,https://www.microcut.jp/,324,297,平成15年,"7,400万円",金属切削加工業,"光通信部品、医療部品、半導体部品の精密な作業を最先進設備で独
自のノウハウで難削材の加工、金属微細加工を行い高度化、低コス
ト、省力化を目的とした新規成長分野事業である。",正社員,機械オペレーター,"○マシニングセンタ、CNC複合自動旋盤等の機械を使用し、
金属製品の加工業務に従事していただきます
*従事すべき業務の変更範囲:会社の定める業務
*業務で社用車 (AT車) を使用する場合があります",899-4317,鹿児島県霧島市国分上野原テクノパーク12-2,,10,0,0,不問,なし,可,なし,なし,200000,200000,あり,あり,13,交替制 (シフト制),土日 その他,07:50-17:00,20:00-05:00,,119,不可,,可,随時,管理本部 本部長,松元,マツモト,0995-48-5611,0995-48-5615,matsumoto-s@microcut.jp,"·社内検定 (マイスター) 制度導入
·福利厚生施設あり (温泉保養施設、トレーニングルーム) 
·平均年齢が若く、活気のある職場です
*履歴書:手書き·パソコン作成どちらでも可
*本求人の他に「検査·仕上げ」「品質管理」についても
同時募集中
*入社後、適性などを考慮し配属先を決定いたします
*9月16日以降も随時応募·選考を受け付けています","*皆勤手当:10,000円 (1日欠勤⇒0円) 
*選考旅費:社内規定により支給
*夜勤勤務あり:2週間交代
月10回程度 (手当1,200円/回) ",259,071,071-06,,,鹿児島県霧島市,,,1831,,,,,,,,,,,,,2025年07月27日 09:16,2025年07月27日 09:16,バーコードスキャン,求人番号_46040-246169.pdf,製造・修理・塗装・製図等の職業,製品製造・加工処理工（金属製品）,数値制御金属工作機械工,生産/製造に関わる,製造/加工(金属),,,,,,0,523,金属工作機械作業従事者,,
2025,46080-75169,大隅公共職業安定所,4608-101843-7,可,シャカイフクシホウジン ハクジュカイ,社会福祉法人 博寿会,899-8212,"鹿児島県曽於市大隅町月野1045番地
『おおすみ苑』",,理事長 大迫 信博,8340005007296,,143,18,平成15年,,"特別養護老人ホーム·デイサービスセンター·グループホーム
小規模多機能型居宅介護·地域密着型老人ホーム","定員80名 (ショートステイ4床) 全室個室型特別養護老人ホーム
デイサービス40名 (1日)  グループホーム9名
小規模多機能型居宅介護25名 地域密着型老人ホーム29名",正社員,介護職員,"〇グループホーム及び小規模多機能ホームでの入所者の生活に係る介護全般
〇小規模多機能ホーム利用者の在宅訪問
〇グループホーム9名登録、小規模多機能ホーム25名登録
〇食事20食程度の調理:買い出しから調理まで (全体分を2名で調理) 
【業務の変更範囲:変更無し】",899-8604,"鹿児島県曽於市末吉町諏訪方6875番地
『高松みどりの里』",,1,0,0,不問,あり,可,なし,なし,142800,205800,あり,あり,1,変形労働時間制 (1ヶ月単位),その他,07:00-16:00,08:30-17:30,10:00-19:00,107,可,令和8年10月1日以降,可,随時,施設長,土橋 義治,ツチハシ ヨシハル,099-482-3488,099-482-1655,ohsumien@yahoo.co.jp,"〇就業時間
 (4) 17:00〜10:00 (休憩120分 夜勤) 
〇毎月の賃金
 (1) 夜勤手当:6,000円/回 月5回で記載
 (2) 通勤手当:距離で異なります。
〇転勤の可能性あり
グループ内の高松すわの森 (末吉町諏訪方6879-1) 又は、
おおすみ苑 (大隅町月野1045) へ転勤の可能性があります。","○賞与·昇給:昨年度は新規学卒者の採用がなかったため実績なし
ですが会社規定により支給。
〇昇給:考課制度により1,200〜3,600円
○既卒者·中退者の応募にはハローワークの紹介状が必要です
○令和8年6月1日「公正な採用·選考」について説明済
〇履歴書:手書き·パソコン作成どちらも可",854,050,050-01,,,鹿児島県曽於市,,,1766,,,,,,,,,,,,,2025年07月23日 15:48,2025年07月23日 15:48,バーコードスキャン,求人番号_46080-75169.pdf,福祉・介護の職業,施設介護の職業,高齢者入所型施設介護員,医療/福祉に関わる,介護,,,,,,0,361,介護職員（医療・福祉施設等）,,
2025,46080-74769,大隅公共職業安定所,4608-101843-7,可,シャカイフクシホウジン ハクジュカイ,社会福祉法人 博寿会,899-8212,"鹿児島県曽於市大隅町月野1045番地
『おおすみ苑』",,理事長 大迫 信博,8340005007296,,143,30,平成15年,,"特別養護老人ホーム·デイサービスセンター·グループホーム
小規模多機能型居宅介護·地域密着型老人ホーム","定員80名 (ショートステイ4床) 全室個室型特別養護老人ホーム
デイサービス40名 (1日)  グループホーム9名
小規模多機能型居宅介護25名 地域密着型老人ホーム29名",正社員,介護職員,"〇特別養護老人ホームでの入居者の生活に係る介護全般
〇食事介助·入浴介助·排泄介助·見守り等
〇全室ユニット型個室 (29床) 
【業務の変更範囲:変更無し】",899-8604,"鹿児島県曽於市末吉町諏訪方6879-1
『高松すわの森』",,1,0,0,不問,あり,可,なし,なし,142800,205800,あり,あり,1,変形労働時間制 (1ヶ月単位),その他,07:00-16:00,09:30-18:30,10:00-19:00,107,可,令和8年10月1日以降,可,随時,施設長,土橋 義治,ツチハシ ヨシハル,099-482-3488,099-482-1655,ohsumien@yahoo.co.jp,"〇就業時間
 (4) 17:00〜10:00 (休憩120分 夜勤) 2名体制
〇毎月の賃金
 (1) 夜勤手当:6,000円/回 月5回で記載
 (2) 通勤手当:距離で異なります。
〇転勤の可能性あり
グループ内の高松みどりの里 (末吉町諏訪方6875) 又は、
おおすみ苑 (大隅町月野1045) へ転勤の可能性があります。","○賞与·昇給:昨年度は新規学卒者の採用がなかったため実績なし
ですが会社規定により支給。
○昇級:考課制度により1,200〜3,600円
○既卒者·中退者の応募にはハローワークの紹介状が必要です。
○令和8年6月1日「公正な採用·選考」について説明済
〇履歴書:手書き·パソコン作成どちらも可",854,050,050-01,,,鹿児島県曽於市,,,1765,,,,,,,,,,,,,2025年07月23日 15:48,2025年07月23日 15:48,バーコードスキャン,求人番号_46080-74769.pdf,福祉・介護の職業,施設介護の職業,高齢者入所型施設介護員,医療/福祉に関わる,介護,,,,,,0,361,介護職員（医療・福祉施設等）,,
2025,46080-73469,大隅公共職業安定所,4608-101843-7,可,シャカイフクシホウジン ハクジュカイ,社会福祉法人 博寿会,899-8212,"鹿児島県曽於市大隅町月野1045番地
『おおすみ苑』",,理事長 大迫 信博,8340005007296,,143,93,平成15年,,"特別養護老人ホーム·デイサービスセンター·グループホーム
小規模多機能型居宅介護·地域密着型老人ホーム","定員80名 (ショートステイ4床) 全室個室型特別養護老人ホーム
デイサービス40名 (1日)  グループホーム9名
小規模多機能型居宅介護25名 地域密着型老人ホーム29名",正社員,介護職員,"〇特別養護老人ホームでの入居者の生活に係る介護全般
〇食事介助·入浴介助·排泄介助·見守り等
〇全室ユニット型個室 (80床) 
【業務の変更範囲:変更無し】",899-8212,"鹿児島県曽於市大隅町月野1045番地
『おおすみ苑』",,2,0,0,不問,あり,可,なし,なし,142800,205800,あり,あり,1,変形労働時間制 (1ヶ月単位),その他,07:00-16:00,09:00-18:00,10:00-19:00,107,可,令和8年10月1日以降,可,随時,施設長,土橋 義治,ツチハシ ヨシハル,099-482-3488,099-482-1655,ohsumien@yahoo.co.jp,"〇就業時間
 (4) 16:30〜9:30 (休憩120分 夜勤) 
月5回程度 8ユニットを4名体制
〇毎月の賃金
 (1) 夜勤手当:6,000円/回 月5回で記載
 (2) 通勤手当:距離で異なります。
〇転勤の可能性あり
グループ内の高松みどりの里 (末吉町諏訪方6875) 又は、
高松すわの森 (末吉町諏訪方6879-1) へ転勤の可能性が
あります。","○賞与·昇給:昨年度は新規学卒者の採用がなかったため実績なし
ですが会社規定により支給。
〇昇給:考課制度により1,200〜3,600円
○既卒者·中退者の応募にはハローワークの紹介状が必要です
○令和8年6月1日「公正な採用·選考」について説明済
〇履歴書:手書き·パソコン作成どちらも可",854,050,050-01,,,鹿児島県曽於市,,,1764,,,,,,,,,,,,,2025年07月23日 15:48,2025年07月23日 15:48,バーコードスキャン,求人番号_46080-73469.pdf,福祉・介護の職業,施設介護の職業,高齢者入所型施設介護員,医療/福祉に関わる,介護,,,,,,0,361,介護職員（医療・福祉施設等）,,
2025,46010-551469,鹿児島公共職業安定所,4601-20627-4,可,カゴシマツウシンシステム カブシキガイシャ,かごしま通信システム 株式会社,891-0131,鹿児島県鹿児島市谷山港2丁目1番8号,JR指宿枕崎線:坂之上駅 から 徒歩20分,代表取締役 谷口 実,3340001002330,http://kcsys.jp,55,55,昭和47年,"1,000万円","情報通信設備·モバイル通信設備·電話設備 工事全般
通信機器、ネットワーク機器の販売および工事全般
電気工事全般","NTT発注工事を主に請け負っています。
地域社会の情報通信インフラの発展を担っており、『エッセンシャ
ルワーカー』として周囲に誇れるお仕事です。",正社員,通信設備工事技術者,"○会社創業時から綿々と蓄積された技術と信頼を基に、固定電話、
インターネット、携帯電話、防災無線、ネットワーク機器など、
様々な通信設備の設計·施工·保守を請け負っています。
具体的な業務は下記の通りです。
*NTT通信インフラ設備の設計·施工·保守業務
*九州電力、QTnet設備の施工·保守業務
*携帯電話基地局施設の施工·保守業務
*情報通信機器の設置·設定·保守業務 《変更範囲:なし》
〇職場見学を行っていますので、実際の仕事内容を見に来てください!",891-0131,鹿児島県鹿児島市谷山港2丁目1番8号,JR指宿枕崎線:坂之上駅 から 徒歩20分,6,0,0,"必須
*準中型自動車運転免許 (入社後取得可) ",なし,可,なし,なし,184000,200000,あり,あり,20,変形労働時間制 (1年単位),日祝 その他,08:00-17:00,,,105,可,令和8年10月1日以降,可,随時,人事担当,園田 亮輔,ソノダ リョウスケ,099-262-5400,099-262-5401,,"○選考日については、別途周知します。
○作業服、工具等は会社より貸与します。
○必要な資格、免許は入社後取得して頂きます (費用は会社負担) 
○応募前職場見学は随時受け付けていますので事前に
担当者あてにご連絡下さい。
○退職金は定年退職時に支給します。
※業務について
·施工、操作、点検の業務において電線の色や操作ボタンの色に
ついて判別する必要があります。
·一部の業務で、高所での作業があります。","○中型免許、その他の取得についてもサポートします。
準中型免許未取得の場合、会社と相談しながら免許取得を優先
していただきます。
○通勤手当:4,200円〜31,600円の範囲での支給と
なります。 (通勤距離に応じて変動します) 
○家賃補助手当:県外、離島、地方 (鹿児島市内を除く) など、
遠方からの就職者に対して、家賃のサポートをします。
 (家賃の50%もしくは30,000円を上限とします) 
○履歴書:手書き·パソコン作成どちらも可",082,094,094-03,094,094-04,鹿児島県鹿児島市,,,1718,,,,,,,,,,,,,2025年07月23日 13:02,2025年07月23日 13:02,バーコードスキャン,求人番号_46010-551469.pdf,建設・土木・電気工事の職業,電気・通信工事の職業,通信線架線・敷設作業員,建設/建築/土木に関わる,電気工事,建設・土木・電気工事の職業,電気・通信工事の職業,電気通信設備工事作業員,建設/建築/土木に関わる,電気工事,0,673,通信線架線・敷設従事者,674,電気通信設備工事従事者
2025,46010-771769,鹿児島公共職業安定所,4601-621197-7,可,カブシキガイシャ エー·アール·ピー カゴシマジギョウショ,株式会社 A·R·P 鹿児島事業所,890-0056,鹿児島県鹿児島市下荒田1-1-10 ZENビル武之橋I 2F,市電 武之橋電停 ·駅 から 徒歩1分,代表取締役 長尾 孝,2021001023060,https://www.arp-id.co.jp/,169,20,平成17年,"2,000万円","メカトロニクス及びエレクトロニクス製品の設計·開発サービス事
業。専門技術者の派遣事業 (派14-301978) 自社製品開発
·販売事業","企画から製品化まで一貫して対応。機械·電気·ソフトが連携し、
お客様の多様な課題に柔軟かつ迅速に応える開発体制です。",正社員,ハードウェア設計技術者,"○各種電子機器、産業機械の開発設計。
*主に測定機器や通信機器、画像処理装置を中心に高速のデータ送受信に関わ
るデジタル、アナログ機器の開発業務。
《変更範囲:なし》",890-0056,鹿児島県鹿児島市下荒田1-1-10 ZENビル武之橋I 2F,市電 武之橋電停 ·駅 から 徒歩1分,1,0,0,不問,あり,不可,なし,なし,210000,210000,あり,あり,12,,土日祝 その他,08:30-17:30,,,124,可,令和8年10月1日以降,可,随時,鹿児島事業所 所長,吉松 正和,ヨシマツ マサカズ,099-297-4940,099-297-4941,recruit@arp-id.jp,"○開発業務で積上げたノウハウを基に、自社製品開発を実施。
○小型水分センサーは、国産第一号として販売を開始。国内環境関
連企業や大学研究室をはじめ各方面から評価を頂いている。
○ご応募にあたり、事前の会社見学が可能です。見学日は、ご相談
に応じます。本社、テクニカルセンター、厚木開発センター、鹿
児島事業所のいずれも可能です。
○若年者の家賃補助の住宅手当制度あり。","○転勤の可能性:本人の意向を踏まえ、神奈川県秦野市·厚木市へ
の転勤の可能性あり
○入社後、本社研修 (神奈川県) があります。
○履歴書:手書き·パソコン作成どちらも可",743,006,006-02,,,鹿児島県鹿児島市,,,1717,,,,,,,,,,,,,2025年07月23日 13:02,2025年07月23日 13:02,バーコードスキャン,求人番号_46010-771769.pdf,研究・技術の職業,開発技術者,電気・電子・電気通信開発技術者（通信ネットワークを除く）,生産/製造に関わる,技術/開発,,,,,,0,072,電気・電子・電気通信技術者（通信ネットワーク技術者を除く）（開発）,,
2025,46010-770469,鹿児島公共職業安定所,4601-621197-7,可,カブシキガイシャ エー·アール·ピー カゴシマジギョウショ,株式会社 A·R·P 鹿児島事業所,890-0056,鹿児島県鹿児島市下荒田1-1-10 ZENビル武之橋I 2F,市電 武之橋電停 ·駅 から 徒歩1分,代表取締役 長尾 孝,2021001023060,https://www.arp-id.co.jp/,169,20,平成17年,"2,000万円","メカトロニクス及びエレクトロニクス製品の設計·開発サービス事
業。専門技術者の派遣事業 (派14-301978) 自社製品開発
·販売事業","企画から製品化まで一貫して対応。機械·電気·ソフトが連携し、
お客様の多様な課題に柔軟かつ迅速に応える開発体制です。",正社員,ソフトウェア開発技術者,"○電子機器、産業機械のファームウェア開発。
○電子機器、産業機械のPCアプリケーション開発。
○電子機器、産業機械のWebアプリケーション開発。
*主にメカトロニクス分野 (自動機、ロボット等) や計測機器の開発分野での
開発業務。
《変更範囲:なし》",890-0056,鹿児島県鹿児島市下荒田1-1-10 ZENビル武之橋I 2F,市電 武之橋電停 ·駅 から 徒歩1分,1,0,0,不問,あり,不可,なし,なし,210000,210000,あり,あり,12,,土日祝 その他,08:30-17:30,,,124,可,令和8年10月1日以降,可,随時,鹿児島事業所 所長,吉松 正和,ヨシマツ マサカズ,099-297-4940,099-297-4941,recruit@arp-id.co.jp,"·開発業務で積上げたノウハウを基に、自社製品開発を実施。
·小型水分センサーは、国産第一号として販売を開始。国内環境関
連企業や大学研究室をはじめ各方面から評価を頂いている。
·ご応募にあたり、事前の会社見学が可能です。見学日は、ご相談
に応じます。本社、テクニカルセンター、厚木開発センター、鹿
児島事業所のいずれも可能です。
·若年者の家賃補助の住宅手当制度あり。","○入社後、本社研修 (神奈川県) があります。
○履歴書:手書き·パソコン作成どちらも可",743,006,006-02,,,鹿児島県鹿児島市,,,1716,,,,,,,,,,,,,2025年07月23日 13:02,2025年07月23日 13:02,バーコードスキャン,求人番号_46010-770469.pdf,研究・技術の職業,開発技術者,電気・電子・電気通信開発技術者（通信ネットワークを除く）,生産/製造に関わる,技術/開発,,,,,,0,072,電気・電子・電気通信技術者（通信ネットワーク技術者を除く）（開発）,,
2025,46010-769369,鹿児島公共職業安定所,4601-621197-7,可,カブシキガイシャ エー·アール·ピー カゴシマジギョウショ,株式会社 A·R·P 鹿児島事業所,890-0056,鹿児島県鹿児島市下荒田1-1-10 ZENビル武之橋I 2F,市電 武之橋電停 ·駅 から 徒歩1分,代表取締役 長尾 孝,2021001023060,https://www.arp-id.co.jp/,169,20,平成17年,"2,000万円","メカトロニクス及びエレクトロニクス製品の設計·開発サービス事
業。専門技術者の派遣事業 (派14-301978) 自社製品開発
·販売事業","企画から製品化まで一貫して対応。機械·電気·ソフトが連携し、
お客様の多様な課題に柔軟かつ迅速に応える開発体制です。",正社員,機械設計技術者,"○各種電子機器、産業機械の開発設計で
主にメカトロニクス分野 (自動機、食品機械等) 
および構造設計分野 (医療機器、電子機器等) の設計開発業務。
《変更範囲:なし》",890-0056,鹿児島県鹿児島市下荒田1-1-10 ZENビル武之橋I 2F,市電 武之橋電停 ·駅 から 徒歩1分,1,0,0,不問,あり,不可,なし,なし,210000,210000,あり,あり,12,,土日祝 その他,08:30-17:30,,,124,可,令和8年10月1日以降,可,随時,鹿児島事業所 所長,吉松 正和,ヨシマツ マサカズ,099-297-4940,099-297-4941,recruit@arp-id.co.jp,"○開発業務で積上げたノウハウを基に、自社製品開発を実施。
○小型水分センサーは、国産第一号として販売を開始。国内環境関
連企業や大学研究室をはじめ各方面から評価を頂いている。
○ご応募にあたり、事前の会社見学が可能です。見学日は、ご相談
に応じます。本社、テクニカルセンター、厚木開発センター、鹿
児島事業所のいずれも可能です。
○若年者の家賃補助の住宅手当制度あり。","○入社後、本社研修 (神奈川県) があります。
○履歴書:手書き·パソコン作成どちらも可",743,006,006-02,,,鹿児島県鹿児島市,,,1715,,,,,,,,,,,,,2025年07月23日 13:02,2025年07月23日 13:02,バーコードスキャン,求人番号_46010-769369.pdf,研究・技術の職業,開発技術者,電気・電子・電気通信開発技術者（通信ネットワークを除く）,生産/製造に関わる,技術/開発,,,,,,0,072,電気・電子・電気通信技術者（通信ネットワーク技術者を除く）（開発）,,
2025,46010-107369,鹿児島公共職業安定所,4601-2327-4,可,サンヨウコウキカブシキガイシャ,三洋工機 株式会社,891-0122,鹿児島県鹿児島市南栄2丁目7-6,,代表取締役社長 小牧 宗史,2340001001952,https://www.sanyokouki.co.jp/,100,100,昭和22年,"2,000万円",機械器具設置業·管工事業·建築業·電気業·鋼構造物業,"電力·ガス·上下水道など生活の維持向上に不可欠な各種設備の設
置·保守を通し揺るぎなき信頼の確保と社会への貢献を目指してお
ります。",正社員,電気技術者,"○変電設備 (変電所の変圧器や遮断器など) や機械設備 (主に水力発電所
設備) の設置·撤去·保守·点検·修理、ケーブルの布設·端末処理な
どを行います。
○電気的知識を学び、様々な資格を取得しながら幅広い分野で活躍できま
す。
*社用車使用あり (AT車·MT車) 
*出張工事あり (九州管内) 
*作業服支給あり 《変更範囲:なし》",891-0122,鹿児島県鹿児島市南栄2丁目7-6,,5,0,0,"必須
*電気科課程を修了見込みであること
*普通自動車運転免許 (AT限定不可·入社後取得可) ",なし,可,なし,なし,185000,200500,あり,あり,10,変形労働時間制 (1年単位),日祝 その他,08:30-17:15,08:00-17:30,,121,可,令和8年10月1日以降,可,随時,工務部長,吉留 敏和,ヨシドメ トシカズ,099-268-5191,099-268-1882,,"○応募前職場見学を希望の際は、事前に担当者まで
お問い合わせください。
○昇給·賞与について
前年度は採用者がいなかったため空欄になっています。
令和6年度新卒採用者の賞与実績:年3回、2.90ヶ月分
令和6年度新卒採用者の昇給実績:6.60%
○選考日については、別途通知します。
○履歴書:手書き·パソコン作成どちらも可","【特別に支払われる手当について】
·家族手当:社会保険の被扶養者に支給
配偶者5,000円
子ほか5,000円
·技能手当:技能に応じて支給 (1,000円〜) 
·出張手当:1日につき1,000円/日、出張日数分を支給
なお出張中の費用 (食事·宿泊) は全額会社負担
·住宅手当:鹿児島市外の方で鹿児島市内への転居が必要な
場合に支給 (月額30,000円〜/期限あり) 
·管理手当:勤続年数·役職に応じて支給 (1,000円〜) ",089,007,007-03,007,007-04,鹿児島県鹿児島市,,,1714,,,,,,,,,,,,,2025年07月23日 13:02,2025年07月23日 13:02,バーコードスキャン,求人番号_46010-107369.pdf,研究・技術の職業,製造技術者,電気工事技術者,生産/製造に関わる,技術/開発,研究・技術の職業,製造技術者,機械製造技術者,生産/製造に関わる,技術/開発,0,082,電気・電子・電気通信技術者（通信ネットワーク技術者を除く）（開発を除く）,083,機械技術者（開発を除く）
2025,46010-108269,鹿児島公共職業安定所,4601-2327-4,可,サンヨウコウキカブシキガイシャ,三洋工機 株式会社,891-0122,鹿児島県鹿児島市南栄2丁目7-6,,代表取締役社長 小牧 宗史,2340001001952,https://www.sanyokouki.co.jp/,100,100,昭和22年,"2,000万円",機械器具設置業·管工事業·建築業·電気業·鋼構造物業,"電力·ガス·上下水道など生活の維持向上に不可欠な各種設備の設
置·保守を通し揺るぎなき信頼の確保と社会への貢献を目指してお
ります。",正社員,機械技術者,"○機械設備 (主に水力発電所設備) や変電設備 (変電所の変圧器や遮断器
など) の設置·撤去·保守·点検·修理を行います。
○旋盤·フライス盤などを用いた機械加工や、各種配管や構造物の製作及
び各種部品の溶接修理を行うなど、様々な資格を取得しながら幅広い分
野で活躍できます。
*社用車使用あり (AT車·MT車) 
*出張工事あり (九州管内) 
*作業服支給あり 《変更範囲:なし》",891-0122,鹿児島県鹿児島市南栄2丁目7-6,,5,0,0,"必須
*機械科課程を修了見込みであること
*普通自動車免許 (AT限定不可·入社後取得可) ",なし,可,なし,なし,185000,200500,あり,あり,10,変形労働時間制 (1年単位),日祝 その他,08:30-17:15,08:00-17:30,,121,可,令和8年10月1日以降,可,随時,工務部長,吉留 敏和,ヨシドメ トシカズ,099-268-5191,099-268-1882,,"○応募前職場見学を希望の際は、事前に担当者まで
お問い合わせください。
○昇給·賞与について
前年度は採用者がいなかったため空欄になっています。
令和6年度新卒採用者の賞与実績:年3回、2.90ヶ月分
令和6年度新卒採用者の昇給実績:6.60%
○選考日については、別途通知します。
○履歴書:手書き·パソコン作成どちらも可","【特別に支払われる手当について】
·家族手当:社会保険の被扶養者に支給
配偶者5,000円
子ほか5,000円
·技能手当:技能に応じて支給 (1,000円〜) 
·出張手当:1日につき1,000円/日、出張日数分を支給
なお出張中の費用 (食事·宿泊) は全額会社負担
·住宅手当:鹿児島市外の方で鹿児島市内への転居が必要な
場合に支給 (月額30,000円〜/期限あり) 
·管理手当:勤続年数·役職に応じて支給 (1,000円〜) ",089,007,007-04,007,007-03,鹿児島県鹿児島市,,,1713,,,,,,,,,,,,,2025年07月23日 13:02,2025年07月23日 13:02,バーコードスキャン,求人番号_46010-108269.pdf,研究・技術の職業,製造技術者,機械製造技術者,生産/製造に関わる,技術/開発,研究・技術の職業,製造技術者,電気工事技術者,生産/製造に関わる,技術/開発,0,083,機械技術者（開発を除く）,082,電気・電子・電気通信技術者（通信ネットワーク技術者を除く）（開発を除く）
2025,46080-22269,大隅公共職業安定所,4608-101561-8,可,ユウゲンガイシャ タバタコウギョウ,有限会社 田畑工業,899-7306,鹿児島県曽於郡大崎町永吉2287-2,,代表取締役社長 田畑 達也,7340002027868,http://www.tabatakougyou.jp,21,21,平成7年,300万円,左官業全般、建築工事,"2009年第43回全国左官技能競技大会優勝
2010年第48回全国技能五輪競技大会2位
2023年第61回技能五輪全国大会敢闘賞",正社員,左官技能職,"◎商業施設·公共施設·工場·指定重要文化財の修理·住宅等左官工事全般
○デザイン壁塗り等
○珪藻土·漆喰塗り
〇鏡面研磨仕上げ
○床·壁モルタル塗り
○土間コンクリート仕上げ
○仕事内容の詳細については面接時に説明します。
○技能向上を図るため各種競技大会へ参加しています。
○資格取得支援あり 【業務の変更範囲:変更無し】",000-0000,"本社:〒899-7306曽於郡大崎町永吉2287-2
または
鹿児島営業所:〒891-1305鹿児島市宮之浦町187-7",,0,0,5,"必須
普通自動車免許 (MTに限る) 
誕生日等の事情により在学期間中での免許取得が難しい場合は別途
ご相談下さい。",なし,可,あり,なし,220000,220000,あり,あり,3,変形労働時間制 (1年単位),日 その他,08:00-17:00,,,100,可,令和8年10月1日以降,可,随時,代表取締役社長及び人事担当者,田畑,タバタ,099-476-3125,099-476-3144,info@tabatakougyou.jp,"○就業場所:入社時に本人希望を確認し、通勤等も含め総合的に
判断して決定
○無料駐車場あり
○選考方法は面接のほかに面積や体積の計算問題あり
○現場は主に鹿児島県内全域です
〇本社·鹿児島営業所ともに単身寮 (R6年新築 全室個室) 完備
別途会社敷地内にシェアハウスもあり。","○入社時に作業服の支給あり
○賞与:会社規定により年2回 (5月·12月) 支給有り。ただし
入社年度は年1回 (12月) 
○昇給:年1回 (4月) 昇給額は能力に応じて1万〜3万程度
○既卒者·中退者の応募にはハローワークの紹介状が必要です。
○履歴書:手書き·パソコン作成どちらも可",075,091,091-04,,,鹿児島県曽於郡大崎町,鹿児島県鹿児島市,,1704,,,,,,,,,,,,,2025年07月23日 12:54,2025年07月23日 12:54,バーコードスキャン,求人番号_46080-22269.pdf,建設・土木・電気工事の職業,建設の職業（建設躯体工事の職業を除く）,左官,建設/建築/土木に関わる,建築,,,,,,0,664,左官,,
2025,46040-87669,国分公共職業安定所,4604-103310-1,可,オオクチデンシ カブシキガイシャ,大口電子 株式会社,895-2501,鹿児島県伊佐市大口牛尾1755番地2,新水俣駅 から 車40分,代表取締役 齋藤 知之,1340001007447,http://www.ohkuchielectronics.co.jp/,359,359,昭和56年,10億円,半導体材料部品の製造、機能性材料の製造、貴金属の回収·再生,"当社は住友金属鉱山 (株) の100%子会社です。「地球及び社会
との共存を図り、信頼される企業を目指す」をスローガンとし 長
年培われた技術力を背景に高品質な製品を提供します。",正社員,製造業,"【業務内容】無線通信機器に搭載されている精密機器 (結晶材料) や希少価値
の高い貴金属回収·再生事業 (貴金属リサイクル) 、太陽光に含まれる赤外線
を吸収、遮断し抑制する日射遮蔽材料 (インク材料) 、車載向けパワー半導体
基板製造 (SiC材料) などを各種装置を使用し、加工製造を行う内容となり
、装置は半自動操作でとても簡単です。
また、工場内は全室空調管理されており、快適にお仕事ができます。
【製造業の面白み】私たちの生活を豊かにするための商品を他の方と協力、共
同しながら作り上げることがものづくり (製造業) の醍醐味とやりがいです。
*従事すべき業務の変更:会社の事業環境により他部署への変更の可能",895-2501,鹿児島県伊佐市大口牛尾1755番地2,新水俣駅 から 車40分,6,0,0,不問,なし,可,あり,なし,207000,207000,あり,あり,7,変形労働時間制 (1年単位),その他,08:10-17:05,16:45-01:40,20:15-05:10,117,可,令和8年10月1日以降,可,随時,総務部 総務課,古里 勇人,フルサト ハヤト,0995-22-7511,0995-22-8579,hayato.furusato.u7@smm-g.com,"·履歴書:手書き·パソコン作成どちらも可
·学科試験:70分程度",,281,073,073-01,074,074-09,鹿児島県伊佐市,,,1703,,,,,,,,,,,,,2025年07月23日 12:54,2025年07月23日 12:54,バーコードスキャン,求人番号_46040-87669.pdf,製造・修理・塗装・製図等の職業,製品製造・加工処理工（金属製品・食料品等を除く）,化学製品製造工,生産/製造に関わる,製造/加工(その他),製造・修理・塗装・製図等の職業,機械組立工,電子機器部品組立工,生産/製造に関わる,組立,0,531,化学製品製造従事者,542,電気機械器具組立従事者
2025,46010-430469,鹿児島公共職業安定所,4601-18685-1,可,イリョウホウジンショウハクカイツカサヘルスケアホスピタル (フレンドホーム) ,"医療法人 松柏会 つかさヘルスケアホスピタル (フレンドホーム
) ",891-0104,鹿児島県鹿児島市山田町441,,理事長 松下 健司,7340005001168,http://shk.thch.jp,208,170,昭和45年,"6,000万円","精神科·心療内科·神経内科病院 (192床)  老人保健施設 (8
4床、デイケア20) ","人との温かい触れ合いを大切に、静かな環境と細かい心配りを心掛
けた医療をモットーとしています。",正社員,介護スタッフ(フレンドホーム),"〇介護法人保健施設での介護業務を行います。
·食事や入浴、掃除、洗濯、レクリエーションなどの支援
·入居者:84名·夜勤:5名体制
*はじめは簡単な生活支援の業務から行っていただき、ベテラン職員の
指導により介助などの業務を少しずつ覚えていただきます。
≪変更範囲:同敷地内病院の看護助手へ異動する可能性あり≫
【ユースエール認定企業】【PRシートあり】
若者の採用·育成に積極的で雇用管理の優良な中小企業を
厚生労働大臣が認定した制度です。",891-0104,鹿児島県鹿児島市山田町441,,2,0,0,不問,あり,可,あり,なし,141000,226500,あり,あり,3,変形労働時間制 (1ヶ月単位),その他,08:00-17:00,16:30-09:30,,103,可,令和8年10月1日以降,可,随時,法人本部 係長,石川 静香,イシカワ シズカ,099-264-1213,099-275-1309,c-off@thch.jp,"○就業時間について
 (2) 夜勤16:30〜9:30 (※18歳以上のみ) 
*所定の労働日·休日·始業終業時間は勤務表により決定し
週平均労働時間を、法定労働時間内に設定します。
*1ヶ月169時間調整
○転勤可能性:人事状況により同敷地内病院·他介護施設へ
異動する場合もあります。
○履歴書:手書き·パソコン作成どちらも可","○応募前職場見学を希望される場合は、事前に担当者まで
ご連絡ください。
○開業以来毎年、昇給·賞与を予定通り支給しています。
○介護福祉士をお持ちの方は資格手当3000円を支給
〇夜勤手当:6,000円/回
 (例:夜勤を4回担当した月は24,000円支給) 
〇看護学校入学の場合、奨学金 (貸与) も利用可能。
○入社時、社内オリエンテーションを実施、
グループ内の業務について説明を行います。",831,050,050-01,,,鹿児島県鹿児島市,,,1701,,,,,,,,,,,,,2025年07月23日 12:54,2025年07月23日 12:54,バーコードスキャン,求人番号_46010-430469.pdf,福祉・介護の職業,施設介護の職業,高齢者入所型施設介護員,医療/福祉に関わる,介護,,,,,,0,361,介護職員（医療・福祉施設等）,,
2025,46010-45569,鹿児島公共職業安定所,4601-113047-4,可,ナンゴクケンキサービス カブシキガイシャ,南国建機サービス 株式会社,899-2701,鹿児島県鹿児島市石谷町1530番地,,取締役社長 濱田 洋一,4340001000110,http://nangoku-kenki.jp/,42,9,昭和53年,"1,000万円","建設機械·産業機械·林業機械·運搬機械·農業機械·特殊車輛·
公害防止装置·内燃機関·油圧機器等に関連する機械器具の修理販
売。自動車の販売、賃借、修理。電気製品等の販売。","昭和53年10月南国殖産株式会社の建設産業機械販売部門から、
サービス部門のみ分離独立。令和6年度年商10.8億。
南国殖産 (株) と同じ労働組合に加入",正社員,整備士,"○建設機械·産業機械·林業機械·農業機械·特殊車両等の工場内での
分解、組立作業。
○建設現場等における機械器具の点検修理及び巡回サービス等に従事
していただきます。
《変更範囲:なし》",899-2701,"鹿児島県鹿児島市石谷町1530番地 (鹿児島工場)
※その他、特記事項参照",,5,0,0,"必須
※普通自動車第一種運転免許
 (AT限定不可:入社後取得可) ",あり,可,なし,なし,220000,220000,あり,あり,10,変形労働時間制 (1ヶ月単位),土日祝 その他,08:30-17:30,,,125,可,令和8年10月1日以降,可,随時,統括部長,宇田 洋,ウダ ヒロシ,099-278-5960,099-278-5970,h-uda@nangoku-kenki.jp,"○家族手当·資格手当は規定により支給
※資格手当の上限は27,000円
○採用·入社後は各種必要な免許·資格取得に努めてもらいます。
 (自動車整備士·建設機械整備士·アーク溶接 他) 
○福利厚生等について
本人の誕生日·創立記念日に会社よりお祝いがあります。
社員旅行もあります。
○選考日は別途通知 ○選考旅費:あり (規定により支給) ","○応募書類は本社所在地·宇田宛にお送りください。
○就業先、転勤の可能性は以下の5拠点になります。
·鹿児島工場···鹿児島市石谷町1530番地
·川内工場····薩摩川内市宮里町3055番地1号
·大隅工場····曽於郡大崎町永吉5270番地
·霧島工場····霧島市溝辺町有川2087-1
·人吉工場····熊本県人吉市中林町1898番地1
○応募前職場見学については随時行いますので、希望の際は
事前に担当者までお問い合わせください。
○履歴書:手書き·パソコン作成どちらも可",901,075,075-01,,,鹿児島県鹿児島市,,,1698,,,,,,,,,,,,,2025年07月23日 12:54,2025年07月23日 12:54,バーコードスキャン,求人番号_46010-45569.pdf,製造・修理・塗装・製図等の職業,機械整備・修理工,はん用・生産用・業務用機械器具整備・修理工,生産/製造に関わる,整備/修理,,,,,,0,551,はん用・生産用・業務用機械器具整備・修理従事者,,
2025,46060-25069,伊集院公共職業安定所,4606-100534-6,可,コトブキコウギョウカブシキガイシャ,寿工業株式会社,896-0035,鹿児島県いちき串木野市新生町180番地,神村学園、串木野駅 から 徒歩25分,代表取締役 大坪 弘人,7340001008976,https://kotobuki-grp.jp/,70,69,昭和63年,"1,000万円","寿工業 (株) は、5社の関連会社があり、全ての会社を合わせると
約500名が造船の業務についています。船舶建造·船舶修繕·船
体ブロック建造の会社として、確固な地位を築いています。","鹿児島県で唯一ドライドックを完備した造船所です。新船建造、
船舶修繕、船体ブロック建造を柱として、安定した操業を行って
います。",正社員,造船技能工·船舶修理工,"○ 就業場所は鹿児島県県下で唯一のドライドックを完備している
いちき串木野市の「造船所」です。
○ 造船技能工は、鋼製の船体ブロック建造に関わる仕事です。
例えば、NCプラズマ切断機による鋼材切断、ぎょう鉄 (曲げ加工) 、
ブロック組立溶接、玉掛けなどの職種です。
○ 船舶修理工は、新造船の建造に関わる仕事、船舶の修繕や定期検査に
関わる仕事です。
○ 職種は、本人の希望や適性を考慮に決定します。
【変更範囲:変更なし】",896-0035,鹿児島県いちき串木野市新生町180番地,神村学園前·串木野駅 から 車5分,0,0,4,"あれば尚可
普通自動車免許 (入社後の取得可) 
必要な資格は、入社後に取得させます。",なし,可,あり,なし,215000,215000,あり,あり,27,変形労働時間制 (1年単位),日 その他,07:50-17:00,,,105,可,令和8年10月1日以降,可,随時,課長代理,坂下 香織,サカシタ カオリ,0996-32-2171,0996-32-4597,sakashita@kotobuki-grp.jp,"1 入社後、約3ヶ月間、新入社員研修を行います。仕事に必要な
資格 (アーク溶接·ガス溶接·玉掛け·床上操作式クレーンな
ど) の取得、溶接や溶断の基礎的な技能を教えていきます。
2 応募検討されている方、少しでも造船の仕事に興味のある方は
工場見学 (応募前職場見学) にいらして下さい。随時受付けて
います。保護者·先生方も是非いらして下さい。
4 入社1年以降、会社規程による昇給、賞与あり
5 選考旅費:実費支給 (会社規程あり) 
【履歴書:手書き·パソコン作成どちらも可】","1 自宅から通勤が困難な方は、社員寮に入寮が可能です。
 (寮費は1年間無料。2年目より有料個人負担。) 
2 学科、技能、資格は問いません。入社後に先輩が丁寧に仕事の
やり方を教えますのでご安心下さい。
3 造船の仕事は男性のイメージが強いですが、女性に適する職種
があります。関連会社では女性が現場の作業に従事しておりま
す。
4 有給休暇制度は完備しています。 (入社半年後に10日付与) 
5 無料駐車場あり 6 試用期間3ヶ月
●令和8年6月10日「公正な採用·選考」等により指導済",313,007,007-06,075,075-04,鹿児島県いちき串木野市,,,1660,,,,,,,,,,,,,2025年07月23日 12:54,2025年07月23日 12:54,バーコードスキャン,求人番号_46060-25069.pdf,研究・技術の職業,製造技術者,輸送用機器製造技術者（自動車を除く）,生産/製造に関わる,技術/開発,製造・修理・塗装・製図等の職業,機械整備・修理工,輸送用機械器具整備・修理工（自動車を除く）,生産/製造に関わる,整備/修理,0,085,輸送用機器技術者（自動車を除く）（開発を除く）,554,輸送機械整備・修理従事者（自動車を除く）
2025,46010-207769,鹿児島公共職業安定所,4601-18454-6,可,カゴシマクミアイチキンフーズカブシキガイシャ,鹿児島くみあいチキンフーズ 株式会社,890-0064,鹿児島県鹿児島市鴨池新町15 JA鹿児島県会館7F,鹿児島交通 JA会館前駅 から 徒歩1分,代表取締役社長 城元 清巳,5340001000869,https://www.ja-zcf.co.jp/kc/,770,770,昭和49年,"9,000万円","食鳥の生産·加工·販売を通じ、食鳥事業の発展を支えています。
·ひなの生産販売 ·食鳥の生産処理加工販売
·生産農家への技術及び経営指導","全国有数の鶏肉の生産地である鹿児島で、ひなの生産から鶏肉の処
理加工まで一貫して行っています。",正社員,"食鳥加工工場、ふ化場、生産農場の管理·事
業運営業務全般(一般職)","■社員「一般職·地域特定」 (製造) 
現住居から就業地までの距離が概ね30km圏内の
就業地を限定した社員
○食鳥の加工·製造工程の管理、各設備の改善·保守を行う業務
○事業運営に関する業務
《変更範囲:あり (生産) 》
○ふ化場業務の管理全般
○生産農場業務の管理全般",890-0064,就業場所については、補足事項·特記事項を参照ください。,,5,0,0,"必須
普通自動車免許 (AT限定可) :入社後取得可",あり,可,なし,なし,167250,211200,あり,あり,12,変形労働時間制 (1年単位),その他,07:55-16:50,08:00-16:55,07:55-16:55,99,可,令和8年10月1日以降,可,補足事項欄参照,総務課 採用担当,採用担当 竜口,サイヨウタントウ タツグチ,099-258-5640,099-257-1443,saiyoutantou@ja-kcf.co.jp,"○就業場所及び転勤の可能性について
·川内食品工場 (薩摩川内市勝目町上久保田3888) 
·大隅食品工場 (曽於市大隅町中之内4980) 
·加工食品工場 (鹿屋市川西町5270) 
他17事業場あり
*初任地は、上記3工場から採用者の生活拠点から概ね30km
圏内 (1時間程度) のいずれかに配属します。
その後の転勤についても同様とします。
○応募前職場前見学は随時受け付けています。ご連絡ください。
○就業場所の従業員数は、就業場所全体の人数を表記しています。","○就業時間
 (1) 川内食品工場 (2) 大隅食品工場 (3) 加工食品工場
○住宅手当:8,500円〜14,300円 (条件により変動有) 
○赴任旅費:実費支給
○昇給:年度毎の業績による
○試用期間:3ヵ月
 (労働条件:基本給+調整手当+通勤手当+特別勤務手当) 
○他16事業場の特別勤務手当:12,000円
○選考に関する詳細は、別途通知します。
○履歴書:手書き·パソコン作成どちらも可",091,072,072-02,064,064-03,鹿児島県薩摩川内市,鹿児島県曽於市,鹿児島県鹿屋市,1655,,,,,,,,,,,,,2025年07月23日 12:54,2025年07月23日 12:54,バーコードスキャン,求人番号_46010-207769.pdf,製造・修理・塗装・製図等の職業,製品製造・加工処理工（食料品等）,食肉加工工,生産/製造に関わる,製造/加工(食料品),農林漁業の職業,農業の職業（養畜・動物飼育・植木・造園を含む）,家畜・家きん飼育作業員,農林水産業に関わる,農業,0,533,食料品製造従事者,462,養畜従事者
2025,46010-205569,鹿児島公共職業安定所,4601-18454-6,可,カゴシマクミアイチキンフーズカブシキガイシャ,鹿児島くみあいチキンフーズ 株式会社,890-0064,鹿児島県鹿児島市鴨池新町15 JA鹿児島県会館7F,鹿児島交通 JA会館前駅 から 徒歩1分,代表取締役社長 城元 清巳,5340001000869,https://www.ja-zcf.co.jp/kc/,770,770,昭和49年,"9,000万円","食鳥の生産·加工·販売を通じ、食鳥事業の発展を支えています。
·ひなの生産販売 ·食鳥の生産処理加工販売
·生産農家への技術及び経営指導","全国有数の鶏肉の生産地である鹿児島で、ひなの生産から鶏肉の処
理加工まで一貫して行っています。",正社員,"食鳥加工工場、ふ化場、生産農場の管理·事
業運営業務全般(総合職)","■社員「総合職」 (生産) 
県内全域に配属·転勤が可能な就業地を限定しない社員
○ふ化場業務の管理全般
○事業運営に関する業務
○生産農場業務の管理全般
《変更範囲:あり (製造) 》
○食鳥の加工·製造工程の管理、各設備の改善·保守を行う業務",890-0064,就業場所については、補足事項·特記事項を参照ください。,,5,0,0,"必須
普通自動車免許 (AT限定可) :入社後取得可",あり,可,なし,なし,167250,208200,あり,あり,12,変形労働時間制 (1年単位),その他,08:00-17:00,,,85,可,令和8年10月1日以降,可,補足事項欄参照,総務課 採用担当,採用担当者 竜口,サイヨウタントウシャ タツグチ,099-258-5640,099-257-1443,saiyoutantou@ja-kcf.co.jp,"○就業場所及び転勤の可能性について
·加治木ふ化場 (姶良市加治木町小山田4900) 
·小山田種鶏場 (姶良市加治木町小山田4681) 
*他8種鶏場、3モデル農場、3食品工場あり。
*初任地は上記ふ化場、9種鶏場、3モデル農場の
いずれかに配属します。
*採用者の生活拠点に近い事業所に配慮します。
○応募前職場前見学は随時受け付けています。ご連絡ください。
○就業場所の従業員数は、各就業場所によって異なるため、
就業場所全体の人数を表記しています。","○住宅手当:8,500円〜14,300円 (条件により変動有) 
○赴任旅費:実費支給
○昇給:年度毎の業績による
○試用期間:3ヵ月
 (労働条件:基本給+調整手当+通勤手当+特別勤務手当) 
○3食品工場の特別勤務手当:15,000円
○選考に関する詳細は、別途通知します。
○履歴書:手書き·パソコン作成どちらも可",091,072,072-02,064,064-03,鹿児島県鹿屋市,鹿児島県姶良市,,1654,,,,,,,,,,,,,2025年07月23日 12:54,2025年07月23日 12:54,バーコードスキャン,求人番号_46010-205569.pdf,製造・修理・塗装・製図等の職業,製品製造・加工処理工（食料品等）,食肉加工工,生産/製造に関わる,製造/加工(食料品),農林漁業の職業,農業の職業（養畜・動物飼育・植木・造園を含む）,家畜・家きん飼育作業員,農林水産業に関わる,農業,0,533,食料品製造従事者,462,養畜従事者
2025,46010-204269,鹿児島公共職業安定所,4601-18454-6,可,カゴシマクミアイチキンフーズカブシキガイシャ,鹿児島くみあいチキンフーズ 株式会社,890-0064,鹿児島県鹿児島市鴨池新町15 JA鹿児島県会館7F,鹿児島交通 JA会館前駅 から 徒歩1分,代表取締役社長 城元 清巳,5340001000869,https://www.ja-zcf.co.jp/kc/,770,770,昭和49年,"9,000万円","食鳥の生産·加工·販売を通じ、食鳥事業の発展を支えています。
·ひなの生産販売 ·食鳥の生産処理加工販売
·生産農家への技術及び経営指導","全国有数の鶏肉の生産地である鹿児島で、ひなの生産から鶏肉の処
理加工まで一貫して行っています。",正社員,"食鳥加工工場、ふ化場、生産農場の管理·事
業運営業務全般(総合職)","■社員「総合職」 (製造) 
県内全域に配属·転勤が可能な就業地を限定しない社員
○食鳥の加工·製造工程の管理、各設備の改善·保守を行う業務
○事業運営に関する業務
《変更範囲:あり (生産) 》
○ふ化場業務の管理全般
○生産農場業務の管理全般",890-0064,就業場所については、補足事項·特記事項を参照ください。,,5,0,0,"必須
普通自動車免許 (AT限定可) :入社後取得可",あり,可,なし,なし,167250,211200,あり,あり,12,変形労働時間制 (1年単位),その他,07:55-16:50,08:00-16:55,07:55-16:55,99,可,令和8年10月1日以降,可,補足事項欄参照,総務課 採用担当,採用担当者 竜口,サイヨウタントウシャ タツグチ,099-258-5640,099-257-1443,saiyoutantou@ja-kcf.co.jp,"○就業場所及び転勤の可能性について
·川内食品工場 (薩摩川内市勝目町上久保田3888) 
·大隅食品工場 (曽於市大隅町中之内4980) 
·加工食品工場 (鹿屋市川西町5270) 
*上記他17事業場あり
*初任地は上記3工場のいずれかに配属します。
*採用者の生活拠点に近い工場に配慮します。
○応募前職場前見学は随時受け付けています。ご連絡ください。
○就業場所の従業員数は、各就業場所によって異なるため、
就業場所全体の人数を表記しています。","○就業時間
 (1) 川内食品工場 (2) 大隅食品工場 (3) 加工食品工場
○住宅手当:8,500円〜14,300円 (条件により変動有) 
○赴任旅費:実費支給
○昇給:年度毎の業績による
○試用期間:3ヵ月
 (労働条件:基本給+調整手当+通勤手当+特別勤務手当) 
○他16事業場の特別勤務手当:12,000円
○選考に関する詳細は、別途通知します。
○履歴書:手書き·パソコン作成どちらも可",091,072,072-02,064,064-03,鹿児島県薩摩川内市,鹿児島県鹿屋市,鹿児島県曽於市,1653,,,,,,,,,,,,,2025年07月23日 12:54,2025年07月23日 12:54,バーコードスキャン,求人番号_46010-204269.pdf,製造・修理・塗装・製図等の職業,製品製造・加工処理工（食料品等）,食肉加工工,生産/製造に関わる,製造/加工(食料品),農林漁業の職業,農業の職業（養畜・動物飼育・植木・造園を含む）,家畜・家きん飼育作業員,農林水産業に関わる,農業,0,533,食料品製造従事者,462,養畜従事者
2025,46010-206469,鹿児島公共職業安定所,4601-18454-6,可,カゴシマクミアイチキンフーズカブシキガイシャ,鹿児島くみあいチキンフーズ 株式会社,890-0064,鹿児島県鹿児島市鴨池新町15 JA鹿児島県会館7F,鹿児島交通 JA会館前駅 から 徒歩1分,代表取締役社長 城元 清巳,5340001000869,https://www.ja-zcf.co.jp/kc/,770,770,昭和49年,"9,000万円","食鳥の生産·加工·販売を通じ、食鳥事業の発展を支えています。
·ひなの生産販売 ·食鳥の生産処理加工販売
·生産農家への技術及び経営指導","全国有数の鶏肉の生産地である鹿児島で、ひなの生産から鶏肉の処
理加工まで一貫して行っています。",正社員,"食鳥加工工場、ふ化場、生産農場の管理·事
業運営業務全般(一般職)","■社員「一般職·地域特定」 (生産) 
現住居から就業地までの距離が概ね30km圏内の
就業地を限定した社員
○ふ化場業務の管理全般
○事業運営に関する業務
○生産農場業務の管理全般
《変更範囲:あり (製造) 》
○食鳥の加工·製造工程の管理、各設備の改善·保守を行う業務",890-0064,就業場所については、補足事項·特記事項を参照ください。,,5,0,0,"必須
普通自動車免許 (AT限定可) :入社後取得可",あり,可,なし,なし,167250,208200,あり,あり,12,変形労働時間制 (1年単位),その他,08:00-17:00,,,85,可,令和8年10月1日以降,可,補足事項欄参照,総務課 採用担当,採用担当 竜口,サイヨウタントウ タツグチ,099-258-5640,099-257-1443,saiyoutantou@ja-kcf.co.jp,"○就業場所及び転勤の可能性について
·加治木ふ化場 (姶良市加治木町小山田4900) 
·小山田種鶏場 (姶良市加治木町小山田4681) 
*他8種鶏場、3モデル農場、3食品工場あり。
*初任地は上記ふ化場、9種鶏場、3モデル農場の
いずれかに配属します。
採用者の生活拠点から概ね30km圏内 (1時間程度) の
いずれかに配属し、その後の転勤についても同様とします。
○応募前職場前見学は随時受け付けています。ご連絡ください。
○就業場所の従業員数は、就業場所全体の人数を表記しています。","○住宅手当:8,500円〜14,300円 (条件により変動有) 
○赴任旅費:実費支給
○昇給:年度毎の業績による
○試用期間:3ヵ月
 (労働条件:基本給+調整手当+通勤手当+特別勤務手当) 
○3食品工場の特別勤務手当:15,000円
○選考に関する詳細は、別途通知します。
○履歴書:手書き·パソコン作成どちらも可",091,072,072-02,064,064-03,鹿児島県鹿屋市,鹿児島県姶良市,,1652,,,,,,,,,,,,,2025年07月23日 12:54,2025年07月23日 12:54,バーコードスキャン,求人番号_46010-206469.pdf,製造・修理・塗装・製図等の職業,製品製造・加工処理工（食料品等）,食肉加工工,生産/製造に関わる,製造/加工(食料品),農林漁業の職業,農業の職業（養畜・動物飼育・植木・造園を含む）,家畜・家きん飼育作業員,農林水産業に関わる,農業,0,533,食料品製造従事者,462,養畜従事者
2025,46080-49469,大隅公共職業安定所,4608-15706-0,可,シヤカイフクシホウジン アイセイカイ ケイセイエン,社会福祉法人 愛生会 恵誠園,899-7301,鹿児島県曽於郡大崎町菱田3596,,理事長 新平 真嗣,8340005007230,http://www.e-aiseikai.or.jp/,128,109,昭和47年,,"障害者支援施設
障害者就労支援施設
相談支援事業所","利用者本位のサービスを目指し、個人又は小グループに分かれ本人
の活動を支援します。
平成30年2月15日付≪ユースエール企業認定≫PRシートあり",正社員,生活支援員,"◇生活支援:排泄·入浴·更衣·食事などの生活面での支援。
また、レクレーションやリハビリテーションなどの日中活動の提供。
◇就労支援:紙工作業·ビルメンテナンス·農芸など、ご利用者への就労支援
◇行事:遠足やお楽しみ会等、行事などの企画立案業務。
※入所施設:80名、50名定員の2拠点
※通所施設:30名定員が2拠点
※仕事内容の理解に役立てて頂く為、応募前の職場見学をお勧めします。
【鹿児島県第11号 ユースエール認定企業です!】
【業務の変更範囲:変更無し】",899-7301,鹿児島県曽於郡大崎町菱田3596,,5,0,0,不問,あり,可,なし,なし,149200,206104,あり,あり,3,変形労働時間制 (1ヶ月単位),その他,06:30-15:30,08:00-17:00,09:00-19:00,102,可,令和8年10月1日以降,可,随時,本部事務局,吉原 宗寿,ヨシハラ ムネトシ,099-477-1171,099-477-1589,info@e-aiseikai.or.jp,"●法人内の各施設について
○障害者支援施設 恵誠園/あいのさと
○障害者就労支援施設 セルプあいせい/セルプしぶし
○グループホーム 愛生ホーム志布志/愛生ホーム宇都口
○相談支援センター サポート愛生
●配属について:配属は大崎町 (恵誠園) が主ですが、本人の希望
を確認して事業所で決定
○試用期間3か月
●履歴書:手書き·パソコン作成どちらも可
●既卒者·中退者の応募にはハローワークの紹介状が必要です。","●就業時間 (4) 10:00〜20:00
 (5) 15:00〜翌12:00 (休憩390分仮眠含
●夜勤手当:1回 7,000円
●賃金等について
○家族手当·扶養手当を、賃金規定により支給
○住居手当は賃金規定により支給 最大18,000円
●年末年始勤務 日勤1回5,000円支給
●説明会は随時行っております。
○新卒者の入社日:2027年4月1日",855,049,049-04,,,鹿児島県曽於郡大崎町,,,1583,,,,,,,,,,,,,2025年07月23日 09:26,2025年07月23日 09:26,バーコードスキャン,求人番号_46080-49469.pdf,福祉・介護の職業,福祉・介護の専門的職業,障害者福祉施設指導専門員,医療/福祉に関わる,介護,,,,,,0,162,福祉施設指導専門員,,
2025,46030-87069,鹿屋公共職業安定所,4603-22108-0,可,ゼイリシホウジン フロイカイケイ,税理士法人 風呂井会計,893-0037,鹿児島県鹿屋市田崎町709番地,,代表社員 風呂井 敬,4340005009107,http://wwww.tkcnf.com/furoikaikei/pc/,26,26,令和2年,500万円,税理士事務所,"正確な経営情報をいち早く提供し、激変する還境下での経営者の意
思決定をご支援いたします。",正社員,監査業務,"○巡回監査業務
·担当の顧客の経理監査
○税理士業務補助業務
○パソコン操作
【変更範囲:会社の定める業務】",893-0037,鹿児島県鹿屋市田崎町709番地,,1,0,0,"必須
普通自動車免許 (AT限定可) 
※入社後取得可",なし,可,なし,なし,177498,200856,あり,あり,10,変形労働時間制 (1年単位),日祝,08:00-17:30,,,110,可,令和8年10月1日以降,可,随時,採用担当,採用担当者,,0994-44-5311,0994-44-6514,furoikaikei@tkcnf.or.jp,"*新卒者入社日:令和9年4月1日
*試用期間 :3ヶ月 (労働条件変更あり) 
試用期間中は残業がないため固定残業代は含みません。
残業が発生した場合は、法定どおり追加で支給します。
*通勤手当 :片道2km以上より距離に応じて支給
*昇 給 :実績により金額等は明示できません。
*賞 与 :各人ごとの支給実績が平均4カ月で、
各人ごとに支給金額は変わります。
*履歴書 :手書き·パソコン作成どちらも可","★応募前職場見学も可能です。
ご希望の方は、学校を通じてご連絡ください。
*就業時間:年2,076時間/月173時間
◆令和8年6月22日「公正な採用·選考のために」等にて説明済",724,038,038-03,,,鹿児島県鹿屋市,,,1580,,,,,,,,,,,,,2025年07月23日 09:26,2025年07月23日 09:26,バーコードスキャン,求人番号_46030-87069.pdf,事務的職業,会計事務の職業,経理事務員,事務に関わる,会計事務,,,,,,0,263,経理事務員,,
2025,46010-83069,鹿児島公共職業安定所,4601-14278-4,可,カブシキガイシャシンエイビルサービス,株式会社 新栄ビルサービス,891-1205,鹿児島県鹿児島市犬迫町4011,,代表取締役 隈元 和絵,1340001005723,,62,2,昭和45年,"1,000万円",ビルメンテナンス業,"当業界では老舗の部類に属し、県下一円で委託先の清掃作業に従事
。業績も年々向上している。",正社員,クリーニングエキスパートスタッフ,"○建物内外のメンテナンスをするお仕事です。
·建物内のロビーや廊下などのワックス掛け
·貯水槽清掃 (飲料水を貯めるタンクのメンテナンス) 
·トイレや浴室·洗面の詰まり修理
·排水管の内部の洗浄
·エアコン分解洗浄
·一般·産業廃棄物の収集運搬
※制服貸与:有 (夏·冬) 
◆入社後、1週間社内にて研修を行います!《変更範囲:変更なし》",891-1205,鹿児島県鹿児島市犬迫町4011,,0,0,1,"あれば尚可
*普通自動車運転免許 (AT限定可·入社後取得可) ",なし,可,あり,なし,190080,220080,あり,なし,,変形労働時間制 (1ヶ月単位),その他,08:00-17:00,,,105,可,令和8年10月1日以降,不可,,専務取締役,隈元 淳,クマモト ジュン,099-238-7070,099-238-2380,shinei-biru@topaz.ocn.ne.jp,"〇寮完備 (自己負担額25,000円、社用車送迎あり) 
〇調整手当:20,000円〜30,000円
○資格手当他、各種手当あり (当社規定により支給します) 
○履歴書:手書き·パソコン作成どちらも可","○就業時間:1カ月単位の変形労働時間制
1週40時間、月平均173時間内での勤務です。
○基本給について
日給8,800円×21.6日=190,080円で計算
○選考日については、別途通知します。",922,096,096-01,,,鹿児島県鹿児島市,,,1506,,,,,,,,,,,,,2025年07月23日 09:26,2025年07月23日 09:26,バーコードスキャン,求人番号_46010-83069.pdf,運搬・清掃・包装・選別等の職業,清掃・洗浄作業員,ビル・建物清掃員,接客/サービスに関わる,清掃,,,,,,0,711,ビル・建物清掃員,,
2025,46010-631469,鹿児島公共職業安定所,4601-625077-5,可,カブシキガイシャフレッシュセイカ カゴシマホンテン,株式会社フレッシュ青果 鹿児島本店,891-0115,鹿児島県鹿児島市東開町13-45,,代表取締役 西原 正信,7340001003812,https://fresh-seika.jp/,910,100,平成8年,"8,000万円",野菜、果物、食品等の総合卸,"本社を鹿児島に置き、九州全県·本州に22営業所があり、平均
年齢も若く活気に満ちた会社です。毎期順調に業績を伸ばしており
、不況に強く、将来性の高い会社です",正社員,配送スタッフ[鹿児島市],"○ホテル、レストラン、結婚式場、居酒屋、老人ホーム、病院、
学校·企業給食、食品工場等へ野菜や果物の配送
※入社後、状況により1〜2週間程度、鹿児島市にて研修を行う場合がありま
す。
《変更範囲:なし》",891-0115,"鹿児島県鹿児島市東開町13-45
株式会社フレッシュ青果 鹿児島本店",谷山電停駅 から 車8分,5,0,0,"必須
普通自動車免許 (AT限定可)  (入社後取得可) ",なし,可,なし,なし,210000,220000,あり,あり,5,変形労働時間制 (1年単位),日祝 その他,06:00-15:00,,,115,可,令和8年10月1日以降,可,補足事項欄参照,人事部,長,チョウ,099-204-7000,099-296-1562,hr-saiyo@fresh-seika.jp,"〇履歴書:手書き·パソコン作成どちらでも可
〇応募前職場見学:希望者は事前にご連絡お願いします。
〇福利厚生:GLTD制度加入、優秀社員海外旅行、
永年勤続者表彰、社員旅行など
〇住宅手当:新卒者が1人暮らしをする場合、
月3万円を上限とする3年間の補助あり (社内規定による) 
〇私たちの取組:DX認定、健康経営優良法人2025、
SDGs宣言など","〇昇給:定期昇給は毎年5月になります。
〇配送スタッフ (月給22万) として入社し、まずは配達から!
1年後に希望や面談を通して、提案活動も行う営業サポート職 (月
給25万円) へステップアップ可能!
まずは仕事に慣れることから始めましょう。",522,082,082-02,,,鹿児島県鹿児島市,,,1478,,,,,,,,,,,,,2025年07月23日 08:48,2025年07月23日 08:48,バーコードスキャン,求人番号_46010-631469.pdf,配送・輸送・機械運転の職業,配送・集荷の職業,ルート配送員,運輸/物流に関わる,配達/集荷,,,,,,0,705,配達員,,
2025,46030-137569,鹿屋公共職業安定所,4603-614610-8,可,カゴシマスイサン カブシキガイシャ,鹿児島水産 株式会社,899-4632,鹿児島県垂水市牛根麓31-1,,代表取締役 田島 康臣,2340001017445,gow-g.com,42,42,平成26年,500万円,"錦江湾に広がる約200の生簀を管理し、高品質のブリを養殖。養
殖種苗や飼料の販売もおこなっています。餌にこだわるなど、地球
環境にやさしい持続可能な養殖事業を展開しています。","当社が属するGOWグループは、「世界が求める食の未来を創る」
という企業理念のもと、新しい水産業の未来をつくることに挑戦し
ています。世界一の水産商社を目指していける仲間を募集します。",正社員,養殖作業員,"『世界が求める食の未来を創る』を企業理念として新しい水産業を目指してお
ります。約200の生簀をを管理し、世界基準の高品質なぶりを養殖していま
す。環境にやさしく、サステナブルな養殖業を一緒に築いていく仲間を募集。
◎新入社員研修後は養殖 (ぶり) いけすの管理をお願いします。
·魚に餌をあげたり、出荷したり、パソコンで様々な管理もあり、とてもやり
がいがあります。仕事は先輩社員が丁寧に教えますのでご安心ください。
*就業時間は5時〜15時30分の間の9時間程度
就業時間及び時間外は状況により変動することもあります。
*変更範囲:変更なし",899-4632,鹿児島県垂水市牛根麓31-1,,3,0,0,"あれば尚可
○2級小型船舶操縦士または潜水士
*上記資格の未取得者は、入社後に会社負担で取得可。
○普通自動車運転免許 (AT限定可) 
*会社の所在地までの公共交通機関の事情 (バスの本数が少ない) 
から、普通自動車運転免許の取得をお勧めします。
誕生日等の事情により入社後の取得でも大丈夫です。",なし,可,あり,あり,183000,223000,あり,あり,2,,その他,05:00-15:30,,,105,可,令和8年10月1日以降,可,随時,人事総務部 係長,岩佐卓史,イワサタカシ,0994-45-5552,0994-45-5553,iwasa@gow-g.com,"*就業時間については作業度合いにより労働時間が短くなる場合が
ありますが、月給が減少することはありません。
*労働時間、休憩、休日に関する適用除外 (労基法41条) 
*協調性コミュニケーションを重視している会社です。
*試用期間 (3ヶ月 労働条件:異なる) 
試用期間中は毎週土·日曜日は休みとなります。
*入社日は令和9年4月1日となります。
*履歴書:手書き·パソコン作成どちらでも可","*住宅手当:家賃の50% (上限3万円) を支給。
*フェリー手当:車載利用して通勤する場合に3万円定額で支給。
*家族手当:被扶養者1名につき1万円 (上限3万円) 支給。
*福利厚生の一環として、会社負担で傷害保険に加入しています。
*社宅有。1ヶ月家賃1万円 (その他敷金なし) 。
入居可否は空き状況によります。
*高校中退者については、条件等話し合いのうえ決定いたします。
◆令和8年6月26日「公正な採用·選考のために」等にて説明。",041,066,066-04,,,鹿児島県垂水市,,,1473,,,,,,,,,,,,,2025年07月23日 08:48,2025年07月23日 08:48,バーコードスキャン,求人番号_46030-137569.pdf,農林漁業の職業,漁業の職業,水産養殖作業員,農林水産業に関わる,水産業,,,,,,0,484,水産養殖従事者,,
2025,46010-89169,鹿児島公共職業安定所,4601-103628-0,可,イナムラケンセツ,稲村建設株式会社,891-1231,鹿児島県鹿児島市小山田町3838-5,小山田小バス停 徒歩5分,代表取締役 尾上 美智男,5340001000472,https://ina-onoueay.wixsite.com/website,25,25,昭和46年,"2,000万円","建設業 (土木一式工事·とび土工コンクリート工事·鋼構造物工事
·舗装·塗装工事·水道施設工事·管工事·解体) ","「ユースエール」および「かごしま働き方改革推進企業」のダブル
認定を受けています。仲間を呼び込む「人が人を呼ぶ会社」を目指
し、安心して長く働ける職場づくりを進めています。",正社員,ドボク現場リーダー(土木施工管理技士),"○主な工事:道路工事、造成工事、河川工事、橋梁補修、外構工事など
○作業区域:県内での勤務が中心で、長期出張はほぼありません。
○業務内容:現場の工程管理·品質管理·安全管理、協力会社との打合せ、
写真管理、書類作成など (※まずは先輩の補助業務から担当し、現場の
流れを理解しながら少しずつ施工管理の実務を身につけていきます) 
《業務の変更範囲:本人の希望に応じて、作業員への転向も可能》
【ユースエール認定企業】【ユースエール認定企業事業所PRシートあり】
若者の採用·育成に積極的で、雇用管理の優良な中小企業を
厚生労働大臣が認定した制度です。",891-1231,鹿児島県鹿児島市小山田町3838-5,小山田小バス停 徒歩5分,2,0,0,不問,なし,可,なし,なし,200000,200000,あり,あり,5,変形労働時間制 (1年単位),日 その他,07:00-17:00,,,105,可,令和8年10月1日以降,可,随時,採用担当,尾上,オノウエ,099-238-4155,099-238-2250,,"○応募前職場見学可。職場見学や説明会は希望に応じて随時
開催いたしますので、ご希望の方はお電話ください。
 (TEL:099-238-4155) 
○手当について
資格取得後や業務内容に応じ、会社規定に則って支給します。
·土木施工管理技士2級:2,500円/月
·土木施工管理技士1級:5,000円/月
·電話手当 :3,000円/月 等
○履歴書:手書き·パソコン作成どちらも可","○自家用車、バイク通勤可 (会社敷地内駐車場無料) 
○欠勤控除について
欠勤等の不就労時間については、基本給および諸手当に
欠勤、遅刻、早退の合計時間数を乗じた額を差し引く。
○履歴書:手書き·パソコン作成どちらも可
*CCUS (建設キャリアアップシステム) 登録事業所です。
*鹿児島県内でも数少ない「ユースエール認定」および
「かごしま働き方改革推進企業」の双方の認定を受けています。
安心して働ける環境づくりに力を入れており、直近1年間の
退職者は0名と、定着率の高い職場です。",062,008,008-05,,,鹿児島県鹿児島市,,,1380,,,,,,,,,,,,,2025年07月21日 15:50,2025年07月21日 15:50,バーコードスキャン,求人番号_46010-89169.pdf,研究・技術の職業,建築・土木・測量技術者,土木施工管理技術者,建設/建築/土木に関わる,その他(建設/建築/土木に関わる),,,,,,0,092,土木技術者,,
2025,46010-90869,鹿児島公共職業安定所,4601-103628-0,可,イナムラケンセツ,稲村建設株式会社,891-1231,鹿児島県鹿児島市小山田町3838-5,小山田小バス停 徒歩5分,代表取締役 尾上 美智男,5340001000472,https://ina-onoueay.wixsite.com/website,25,25,昭和46年,"2,000万円","建設業 (土木一式工事·とび土工コンクリート工事·鋼構造物工事
·舗装·塗装工事·水道施設工事·管工事·解体) ","「ユースエール」および「かごしま働き方改革推進企業」のダブル
認定を受けています。仲間を呼び込む「人が人を呼ぶ会社」を目指
し、安心して長く働ける職場づくりを進めています。",正社員,ドボク現場ワーカー(土木工事作業員),"〇主な工事:道路工事、造成工事、河川工事、橋梁補修、外構工事など
〇作業区域:鹿児島県一円 (主に薩摩半島) 
〇作業内容:資材の運搬、作業補助、清掃、安全確認、重機の運転など
※始めやすい作業から担当していただき徐々にステップアップしていきます。
《業務の変更範囲:本人の希望に応じて将来的に施工管理職への転向も可能》
【ユースエール認定企業】【ユースエール認定企業事業所PRシートあり】
若者の採用·育成に積極的で、雇用管理の優良な中小企業を
厚生労働大臣が認定した制度です。",891-1231,鹿児島県鹿児島市小山田町3838-5,小山田小バス停 徒歩5分,2,0,0,不問,なし,可,なし,なし,200000,200000,あり,あり,4,変形労働時間制 (1年単位),日 その他,07:00-17:00,,,105,可,令和8年10月1日以降,可,随時,採用担当,尾上,オノウエ,099-238-4155,099-238-2250,,"○応募前職場見学可。職場見学や説明会は希望に応じて随時
開催いたしますので、ご希望の方はお電話ください。
 (TEL:099-238-4155) 
○手当について
資格取得後や業務内容に応じ、会社規定に則って支給します。
·土木施工管理技士2級:2,500円/月
·土木施工管理技士1級:5,000円/月 等
○履歴書:手書き·パソコン作成どちらも可","○自家用車、バイク通勤可 (会社敷地内駐車場無料) 
○欠勤控除について
 (基本給+諸手当) ÷1か月の所定労働日数×欠勤日数
*CCUS (建設キャリアアップシステム) 登録事業所です。
*鹿児島県内でも数少ない「ユースエール認定」および
「かごしま働き方改革推進企業」の双方の認定を受けています。
安心して働ける環境づくりに力を入れており、直近1年間の
退職者は0名と、定着率の高い職場です。",062,092,092-01,,,鹿児島県鹿児島市,,,1379,,,,,,,,,,,,,2025年07月21日 15:50,2025年07月21日 15:50,バーコードスキャン,求人番号_46010-90869.pdf,建設・土木・電気工事の職業,土木の職業,建設・土木作業員,建設/建築/土木に関わる,土木工事,,,,,,0,681,土木従事者,,
2025,46030-89269,鹿屋公共職業安定所,4603-15499-8,可,シャカイフクシホウジン シラハトカイ,社会福祉法人 白鳩会,893-2501,"鹿児島県肝属郡南大隅町根占川北2105
白鳩会本部",,理事長 中村 隆一郎,5340005006573,http://www.shirahatokai.jp,130,32,昭和48年,,第1種及び第2種福祉事業,"「共汗共育」という白鳩会共通のテーマをもとに緑豊かな自然環境
の中で障害を持った方々とともに学び·働き、お互いが成長できる
ところです。",正社員,職業指導員(花の木ファーム),"○主に知的障がい者の方と一緒に農作業を中心とした生産活動をして
いただきながら、就労のサポートをします。
<生産活動>
知的障がい者の方と農作業等をしていただきます。
·茶 班 : 生葉の栽培、茶園管理、自社工場での加工·出荷
·養豚班 : 給餌、養豚管理、豚舎の衛生、管理、分娩など
※他にも椎茸·じゃがいも·レモン等多様な品目を取り扱っています。
【変更範囲:事務·生活支援員】
★応募前職場見学も可能です。ご希望の方は、お気軽にご連絡ください。",893-2501,"鹿児島県肝属郡南大隅町根占川北9466-8
「花の木ファーム」",,0,0,1,"あれば尚可
普通自動車第一種免許 (AT限定可) 
*入社後取得可",あり,可,あり,なし,199800,206800,あり,なし,,変形労働時間制 (1年単位),その他,08:00-17:30,,,105,可,令和8年10月1日以降,可,随時,常務理事,中村 邦子  (担当:堀 貴晃) ,ナカムラ クニコ ホリ タカアキ,0994-24-2517,0994-24-3711,osumi@hananokifarm.jp,"*新卒者入社日:令和9年4月1日
*試用期間:6ケ月 (労働条件変更なし) 
*賞与·昇給:前年実績より明示不可。人事考課制度により決定
【特別に支払われる手当】
*資格手当: (2,000円〜5,000円) 規定による
*住宅手当: (3,000円〜20,000円) 規定による
*宿直手当:宿直を行う場合があります。 (不定期) 
 (1回4,500円) 
*社員寮:宿舎費は宿舎により変動 (1万円〜3万円) 
*転勤範囲:おおすみの園·第2花の木ファーム","*履歴書:手書き·パソコン作成どちらも可
●大隅半島と鹿児島市内で、児童から成人までの障がいをもった
ご利用者様の支援をしていることや、福祉のみならず農業を主体
とした事業展開もしていることから、職員が個々の能力を発揮で
きる場所がたくさんあります。
育休復帰後の職員が働きやすい職場環境づくりに力を入れている
他、若い人が活き活きと活動できる雰囲気があります。
◆令和8年6月22日「公正な採用·選考のために」等にて説明済",855,049,049-04,,,鹿児島県肝属郡南大隅町,,,1208,,,,,,,,,,,,,2025年07月21日 09:47,2025年07月21日 09:47,バーコードスキャン,求人番号_46030-89269.pdf,福祉・介護の職業,福祉・介護の専門的職業,障害者福祉施設指導専門員,医療/福祉に関わる,介護,,,,,,0,162,福祉施設指導専門員,,
2025,46030-91169,鹿屋公共職業安定所,4603-15499-8,可,シャカイフクシホウジン シラハトカイ,社会福祉法人 白鳩会,893-2501,"鹿児島県肝属郡南大隅町根占川北2105
白鳩会本部",,理事長 中村 隆一郎,5340005006573,http://www.shirahatokai.jp,130,39,昭和48年,,第1種及び第2種福祉事業,"「共汗共育」という白鳩会共通のテーマをもとに緑豊かな自然環境
の中で障害を持った方々とともに学び·働き、お互いが成長できる
ところです。",正社員,調理職員(おおすみの園),"○施設に入所又は通所されている障がい者の方や職員の食事提供に関わる業務
 (食材仕込み、調理、盛り付け、食器洗浄など) 
朝食·昼食·夕食:各80食程度
○食事の配達業務 など
【変更範囲:変更なし】
*試用期間:6ケ月 (労働条件変更なし) 
★応募前職場見学も可能です。ご希望の方はお気軽にご連絡ください",893-2501,"鹿児島県肝属郡南大隅町根占川北2105
「おおすみの園」",,0,0,2,"あれば尚可
普通自動車第一種免許 (AT限定可) 
*入社後取得可",あり,可,あり,なし,199800,202800,あり,なし,,変形労働時間制 (1年単位),その他,06:00-15:30,08:30-18:00,09:30-19:00,105,可,令和8年10月1日以降,可,随時,常務理事,中村 邦子  (担当:堀 貴晃) ,ナカムラ クニコ ホリ タカアキ,0994-24-2517,0994-24-3711,osumi@hananokifarm.jp,"*特定処遇改善手当:利用者の方の直接処遇に携わる場合
7,000円
*賞与·昇給:前年実績より明示不可。人事考課制度により決定
【特別に支払われる手当】
*資格手当: (2,000円〜5,000円) 規定による
*住宅手当: (3,000円〜20,000円) 規定による
*宿直手当: (1回4,500円) 宿直を行う場合もありま
す (不定期) 
*社員寮あり:宿舎費は宿舎により変動 (1万円〜3万円) 
*転勤範囲:花の木ファーム·第2花の木ファーム","*新卒者入社日:令和9年4月1日
*履歴書:手書き·パソコン作成どちらも可
☆大隅半島と鹿児島市内で、児童から成人までの障がいをもった
ご利用者様の支援をしていることや、福祉のみならず農業を主体
とした事業展開もしていることから、職員が個々の能力を発揮で
きる場所がたくさんあります。
育休復帰後の職員が働きやすい職場環境づくりに力を入れている
ほか、若い人が活き活きと活動できる雰囲気があります。
◆令和8年6月22日「公正な採用·選考のために」等にて説明済",855,055,055-07,,,鹿児島県肝属郡南大隅町,,,1207,,,,,,,,,,,,,2025年07月21日 09:47,2025年07月21日 09:47,バーコードスキャン,求人番号_46030-91169.pdf,サービスの職業,飲食物調理の職業,給食等調理員（学校を除く）,接客/サービスに関わる,飲食,,,,,,0,391,調理人,,
2025,46010-610969,鹿児島公共職業安定所,4601-2285-3,可,カゴシマチュウオウセイカ カブシキガイシャ,鹿児島中央青果 株式会社,891-0115,鹿児島県鹿児島市東開町11番地1,,代表取締役社長 池田 学,8340001000981,https://www.maruka-vf.co.jp/,125,96,昭和10年,"8,000万円",青果物卸売業,市民へ新鮮で安全な青果物の提供に努めています。,正社員,営業職,"○鹿児島市中央卸売市場で生鮮青果物 (野菜·果実) の卸売販売
○全国各地の産地から青果物を集荷し、市場内で売買参加者等へ販売
○鹿児島県市民へ新鮮で安全·安心な青果物を供給
《変更範囲:なし》",891-0115,鹿児島県鹿児島市東開町11番地1,,3,0,0,"必須
普通自動車免許 (AT限定可) 入社後取得可",なし,可,なし,なし,85160,200160,あり,あり,5,変形労働時間制 (1年単位),水日祝 その他,04:30-14:00,,,117,不可,,可,随時,総務部 総務課 課長代理,曽山 明彦,ソヤマ アキヒコ,099-267-3311,099-267-1847,soyama@maruka-vf.co.jp,"〇応募前職場見学可。職場見学を希望される場合は
事前に担当者にお問い合わせください。
〇1年単位の変形労働時間制です。
特定の日、特定の週には法定労働時間を超えて労働することが
ありますが、変形期間を平均すると法定労働時間内での勤務と
なります。
○履歴書:手書き·パソコン作成どちらも可","〇エッセンシャルワーカーとして働きがいのある会社です。
いちから丁寧に説明してまいります。
○確定拠出型年金制度あり (企業型DC) 
〇選考場所は、事業所在地 (卸売棟2F) の第1会議室
○既卒者の応募にはハローワークの紹介状が必要です。",521,048,048-01,,,鹿児島県鹿児島市,,,1206,,,,,,,,,,,,,2025年07月21日 09:47,2025年07月21日 09:47,バーコードスキャン,求人番号_46010-610969.pdf,販売・営業の職業,営業の職業,飲食料品営業員,営業に関わる,営業,,,,,,0,341,食料品営業職業従事者,,
2025,46030-52969,鹿屋公共職業安定所,4603-914353-5,可,カゴシマチユウオウセイカ カブシキガイシャ カノヤシテン,鹿児島中央青果 株式会社 鹿屋支店,893-0015,鹿児島県鹿屋市新川町601-1,,代表取締役 池田 学,8340001000981,http://www.maruka-vf.co.jp,125,30,昭和10年,"8,000万円","青果物卸売業 (市場) 
本社 鹿児島市東開町11-1",市民へ新鮮で安全な青果物の提供に努めています。,正社員,営業職,"○野菜や果物を中心とした青果物をせり売·相対売していく卸売業務で、営業
を担当していただきます。
○主な業務は、せり販売における販売伝票記帳·分荷作業·パソコンでの販売
確認処理、出荷者への市況連絡·集荷等の電話応対です。
*入社後1ヶ月間の研修後、勤務部門に配置します。
*制服は貸与いたします。
【変更範囲:変更なし】",893-0015,鹿児島県鹿屋市新川町601-1,,2,0,0,"必須
普通自動車免許 (AT限定可) 
※入社後取得可",なし,可,なし,なし,85160,200160,あり,あり,5,変形労働時間制 (1年単位),水日祝 その他,06:30-16:00,,,117,可,令和8年10月1日以降,可,随時,総務課部長,小川 義文,オガワ ヨシフミ,0994-42-5131,0994-42-5863,ogawa245@maruka-vf.co.jp,"○応募前職場見学を希望の方は事前に担当者宛にご連絡ください。
日程等を打合せの上、実施致します。
○1年単位の変形労働時間制です。
特定の日、特定の週には法定労働時間を超えて労働することがあ
りますが、変形期間を平均すると法定労働時間内での勤務となり
ます。
○試用期間は6ヶ月間です。労働条件:同条件。
履歴書:手書き·パソコン作成どちらでも可","○エッセンシャルワーカーとして働きがいのある会社です。
○1から丁寧に説明してまいります。
○入社日:令和9年4月1日
○敷地内駐車場あり (無料) 
○確定拠出型年金制度あり (企業型DC) 
◆令和8年6月16日「公正な採用·選考のために」等にて説明済",521,045,045-06,,,鹿児島県鹿屋市,,,1205,,,,,,,,,,,,,2025年07月21日 09:47,2025年07月21日 09:47,バーコードスキャン,求人番号_46030-52969.pdf,販売・営業の職業,販売員,飲食料品販売店員,販売に関わる,販売,,,,,,0,323,販売店員,,
2025,46030-64269,鹿屋公共職業安定所,4603-915984-5,可,イリョウホウジンワケイカイ カイゴロウジンホケンシセツ ハーモニーガーデン,医療法人和敬会 介護老人保健施設 ハーモニーガーデン,893-0014,鹿児島県鹿屋市寿4丁目1-43,,理事長 斉之平 和佳,2340005006527,http://wakeikai-g.or.jp,167,65,昭和36年,,"介護老人保健施設·通所リハビリテーション·居宅介護支援等の高
齢者介護事業を行っています。",併設には精神科病院·就労継続支援B型などの事業があります。,正社員,介護職員,"〇介護老人保健施設において高齢者介護の業務
〇夜勤は月に4回程度で4人体制 (看護職員含む) 
※夜勤は入社1〜2ヶ月後、業務の慣れ具合によって、夜勤実習から入って
いただきます。
〇施設の入所定員80人。入所者数は変動あり。
○その他の就業時間について
[4]10:00〜19:00
[5]16:00〜翌9:30 (夜勤) 
*変更範囲:会社の定める業務",893-0014,鹿児島県鹿屋市寿4丁目1-43,,1,0,0,"あれば尚可
·介護福祉士 (取得見込み) 
·介護職員実務者研修
·介護職員初任者研修
·福祉系高校卒 (卒業証明) 
※福祉系高校卒でない方や無資格の方は、入職後に認知症介護基礎
研修を受講していただきます",なし,可,なし,なし,158000,202500,あり,なし,,変形労働時間制 (1ヶ月単位),その他,08:00-17:00,09:00-18:00,09:30-18:30,108,可,令和8年10月1日以降,可,随時,"医療法人和敬会介護老人保健施設ハーモニーガーデン
事務長",末吉,スエヨシ,0994-41-7800,0994-41-7802,,"·併設事業所 (同敷地内) への異動の可能性あり
平和台病院、就労継続支援事業B型サントファミーユ
·グループ会社 (有) 三和に転籍の可能性あり (同敷地内) 。
·試用期間:3ヶ月
·入社1年目の賞与は年2回で、在籍期間と会社規定により支給。
·職員駐車場は無料
·履歴書は手書き·パソコン作成どちらも可
*応募前見学可能です。見学希望の場合はお問い合わせ下さい。","·職務手当は一律支給
·介護福祉士登録証提示で基本給162,000円
·毎月の処遇改善手当とは別に、対象期間中就労実績に応じて
翌年6月に一時金を支給
·夜勤手当は実習期間中は6割支給
·扶養手当:配偶者15,000円、子3,000円
 (※保育手当に該当する場合は支給なし) 
·保育手当:第1子は10,000円、第2子以降は5,000円
◆令和8年6月18日「公正な採用·選考のために」等にて説明済",854,050,050-01,,,鹿児島県鹿屋市,,,1189,,,,,,,,,,,,,2025年07月21日 09:20,2025年07月21日 09:20,バーコードスキャン,求人番号_46030-64269.pdf,福祉・介護の職業,施設介護の職業,高齢者入所型施設介護員,医療/福祉に関わる,介護,,,,,,0,361,介護職員（医療・福祉施設等）,,
2025,46010-529769,鹿児島公共職業安定所,4601-2175-0,可,カブシキガイシャ サナス,株式会社 サナス,891-0196,鹿児島県鹿児島市南栄3丁目20番地,谷山駅 から 徒歩40分,代表取締役社長 本坊 一浩,1340001003421,https://www.sunus.co.jp,406,12,昭和13年,1億円,"飲料用、冷菓用、製パン用から、ビール系飲料用に利用される
澱粉·ブドウ糖·異性化糖·水飴の製造を中心に、葛きりや
はるさめ、漬物の製造·販売している食品メーカーです。","主力事業である糖化製品の九州内シェアは約90%。
2020年より6年連続で健康経営優良法人 (中小規模法人) に認
定されています。",正社員,"店舗スタッフ
(カフェとショップ併設の店舗業務です)","〇「懐かしい」と「今の生活に馴染む」をコンセプトの店舗でのお仕事です
お蕎麦や現代風にアレンジしたふくれ菓子などを提供しているカフェと
南九州の美味しいものをセレクトしたショップを併設している店舗で
調理·配膳·レジ·商品管理企画などをご担当いただきます。
〇入社後約1ヶ月程度は、会社のルールや各部署の仕事内容などを学んだり、
仕事に必要な資格を取得します。その後、部署に配属され、先輩社員と一緒
に仕事を一つ一つ覚えます
<変更範囲:製造、品質管理、物流などの社内業務全般>",891-0704,鹿児島県南九州市頴娃町別府845番地,JR指宿枕崎線 石垣駅 から 徒歩13分,1,0,0,"あれば尚可
エクセル、ワード、パワーポイントの基礎的な操作",あり,可,なし,なし,201700,201700,あり,あり,11,変形労働時間制 (1ヶ月単位),その他,08:30-17:30,,,125,可,令和8年10月1日以降,可,補足事項欄参照,"経営企画課
係長",宮原 孝子,ミヤハラ タカコ,099-269-1011,099-284-5225,tmiyahara@sunus.co.jp,"〇勤務日はシフト制で、月末までに提出された休み希望を考慮し、
シフトを決定します
〇病気·ケガで長期間就業が不能になった場合の所得保証あり
〇住宅手当4000円は実家から通勤する場合です
〇居住地が遠方の方については、借上げ社宅制度あり
〇研修制度も充実しており、若手·中堅·管理職などの経験年数や
役職に応じて研修を受講していただきます。またeラーニングも
あり、9000タイトルの中から好きなタイミングで受講するこ
ともできます","〇応募前職場見学は、7月29日 (水) 、8月6日 (木) 、
8月20日 (木) に開催します
上記日程で都合がつかない場合は、お気軽にご相談ください
〇選考の作文は事前にお知らせするテーマに沿って作成し、
選考日当日に持参·提出します
〇応募者が多い場合は2次選考を行う可能性があり、その際の
最終選考日は9月24日を予定しています
〇選考旅費:鹿児島市内3000円/市外実費精算 (上限あり) 
〇履歴書:手書き·パソコン作成どちらでも可",095,055,055-99,045,045-06,鹿児島県南九州市,,,1173,,,,,,,,,,,,,2025年07月16日 16:05,2025年07月16日 16:05,バーコードスキャン,求人番号_46010-529769.pdf,サービスの職業,飲食物調理の職業,その他の飲食物調理の職業,接客/サービスに関わる,飲食,販売・営業の職業,販売員,飲食料品販売店員,販売に関わる,販売,0,391,調理人,323,販売店員
2025,46010-500269,鹿児島公共職業安定所,4601-2175-0,可,カブシキガイシャ サナス,株式会社 サナス,891-0196,鹿児島県鹿児島市南栄3丁目20番地,谷山駅 から 徒歩40分,代表取締役社長 本坊 一浩,1340001003421,https://www.sunus.co.jp,406,21,昭和13年,1億円,"飲料用、冷菓用、製パン用から、ビール系飲料用に利用される
澱粉·ブドウ糖·異性化糖·水飴の製造を中心に、葛きりや
はるさめ、漬物の製造·販売している食品メーカーです。","主力事業である糖化製品の九州内シェアは約90%。
2020年より6年連続で健康経営優良法人 (中小規模法人) に認
定されています。",正社員,"製造スタッフ
(漬物や加工食品の製造を行います)","〇漬物を製造をする仕事です。
まずは漬物を作る工程を一つ一つ覚えていただきます。その後、
製造ラインの管理やパートの方への指導、在庫管理、設備管理など
をご担当いただきます。
〇入社後約1ヶ月程度は、会社のルールや各部署の仕事内容などを学んだり、
仕事に必要な資格を取得します。その後、部署に配属され、先輩社員と一緒
に仕事を一つ一つ覚えます
<変更範囲:製造、品質管理、物流などの社内業務全般>",891-0704,鹿児島県南九州市頴娃町別府845番地,JR指宿枕崎線 石垣駅 から 徒歩13分,1,0,0,不問,あり,可,なし,なし,201700,201700,あり,あり,11,,土日祝,08:00-17:00,,,125,可,令和8年10月1日以降,可,補足事項欄参照,経営企画課 係長,宮原 孝子,ミヤハラ タカコ,099-269-1011,099-284-5225,tmiyahara@sunus.co.jp,"〇病気·ケガで長期間就業が不能になった場合の所得保証あり
〇住宅手当4000円は実家から通勤する場合
〇若手·中堅·管理職などの経験年数や役職に応じて研修を受講
していただきます。またeラーニングもあり、9000タイトル
の中から好きなタイミングで受講することもできます","〇応募前職場見学は7月29日 (水) 、8月6日 (木) 、
8月20日 (木) に開催します
上記日程で都合がつかない場合は、お気軽にご相談ください
〇選考の作文は事前にお知らせするテーマに沿って作成し、
選考日当日に持参·提出します
〇応募者が多い場合は、2次選考を行う可能性があり、その際の
最終選考日は9月24日を予定しています
〇選考旅費:鹿児島市内3000円/市外実費精算 (上限あり) 
〇履歴書:手書き·パソコン作成どちらでも可
〇居住地が遠方の方については、借上げ社宅制度あり",095,072,072-06,,,鹿児島県南九州市,,,1172,,,,,,,,,,,,,2025年07月16日 16:05,2025年07月16日 16:05,バーコードスキャン,求人番号_46010-500269.pdf,製造・修理・塗装・製図等の職業,製品製造・加工処理工（食料品等）,他の食料品製造・加工処理工,生産/製造に関わる,製造/加工(食料品),,,,,,0,533,食料品製造従事者,,
2025,46010-499169,鹿児島公共職業安定所,4601-2175-0,可,カブシキガイシャ サナス,株式会社 サナス,891-0196,鹿児島県鹿児島市南栄3丁目20番地,谷山駅 から 徒歩40分,代表取締役社長 本坊 一浩,1340001003421,https://www.sunus.co.jp,406,216,昭和13年,1億円,"飲料用、冷菓用、製パン用から、ビール系飲料用に利用される
澱粉·ブドウ糖·異性化糖·水飴の製造を中心に、葛きりや
はるさめ、漬物の製造·販売している食品メーカーです。","主力事業である糖化製品の九州内シェアは約90%。
2020年より6年連続で健康経営優良法人 (中小規模法人) に認
定されています。",正社員,"設備保全スタッフ
(工場内の設備の維持管理をします)","〇工場内の設備を管理·メンテナンスするお仕事です
·工場内に設置されている設備を定期的に点検し、異常の有無を確認する
·機械·電気設備などの修理·メンテナンスを行う
·各種工事に伴う立会業務など
〇入社後約2ヶ月程度は、会社のルールや各部署の仕事内容などを学んだり、
仕事に必要な資格を取得します。その後、部署に配属され、先輩社員と一緒
に仕事を一つ一つ覚えます
<変更範囲:製造、品質管理、物流などの社内業務全般>",891-0196,鹿児島県鹿児島市南栄3丁目20番地,谷山駅 から 徒歩40分,1,0,0,"必須
電気または機械系の学科卒業見込みの方",あり,可,あり,なし,201700,201700,あり,あり,11,,土日祝,08:30-17:30,,,125,可,令和8年10月1日以降,可,補足事項欄参照,経営企画課 係長,宮原 孝子,ミヤハラ タカコ,099-269-1011,099-284-5225,tmiyahara@sunus.co.jp,"〇工場全体の計画的な整備やトラブル対応時などは、土日祝日
に整備を行う場合があります
〇病気·ケガで長期間就業が不能になった場合の所得保証あり
〇居住地が遠方の方については、社員寮 (各部屋にキッチン·
シャワー·トイレ·Wi—Fi付き) や借上げ社宅制度が
あります
〇住宅手当4000円は実家から通勤する場合です
〇有休休暇が1時間単位で取得できる制度あり
〇保育園との企業枠契約あり","〇応募前職場見学は7月24日 (金) 、7月31日 (金) 、
8月7日 (金) 、8月21日 (金) に開催します
上記日程で都合がつかない場合は、お気軽にご相談ください
〇選考の作文は事前にお知らせするテーマに沿って作成し、
選考日当日に持参·提出します
〇応募者が多い場合は、2次選考を行う可能性があり、その際の
最終選考日は9月24日を予定しています
〇選考旅費:鹿児島市内3000円/市外実費精算 (上限あり) 
〇履歴書:手書き·パソコン作成どちらでも可",095,068,068-01,,,鹿児島県鹿児島市,,,1171,,,,,,,,,,,,,2025年07月16日 16:05,2025年07月16日 16:05,バーコードスキャン,求人番号_46010-499169.pdf,製造・修理・塗装・製図等の職業,生産設備オペレーター（食料品等）,食料品生産設備オペレーター,生産/製造に関わる,機械操作,,,,,,0,503,食料品生産設備制御・監視員,,
2025,46010-291669,鹿児島公共職業安定所,4601-2175-0,可,カブシキガイシャ サナス,株式会社 サナス,891-0196,鹿児島県鹿児島市南栄3丁目20番地,谷山駅 から 徒歩40分,代表取締役社長 本坊 一浩,1340001003421,https://www.sunus.co.jp,406,216,昭和13年,1億円,"飲料用、冷菓用、製パン用から、ビール系飲料用に利用される
澱粉·ブドウ糖·異性化糖·水飴の製造を中心に、葛きりや
はるさめ、漬物の製造·販売している食品メーカーです。","主力事業である糖化製品の九州内シェアは約90%。
2020年より6年連続で健康経営優良法人 (中小規模法人) に認
定されています。",正社員,"製造スタッフ
(でん粉、水あめなどの製造を行います)","〇でん粉·水あめなどの製品を作る工程の機械操作·整備·品質管理のお仕事
·パソコンや現場にある計器類を見て、運転管理します
·製造中に異常がないか品質検査をします
·製造に使う機械のメンテナンス·整備をします
〇入社後約2ヶ月程度は、会社のルールや各部署の仕事内容などを学んだり、
仕事に必要な資格を取得します。その後、部署に配属され、先輩社員と一緒
に仕事を一つ一つ覚えます
<変更範囲:品質管理、物流などの社内業務全般>",891-0196,鹿児島県鹿児島市南栄3丁目20番地,谷山駅 から 徒歩40分,4,0,0,不問,あり,可,あり,なし,201700,201700,あり,あり,11,変形労働時間制 (1ヶ月単位),その他,07:45-16:45,14:15-23:15,23:00-08:00,125,可,令和8年10月1日以降,可,補足事項欄参照,経営企画課 係長,宮原 孝子,ミヤハラ タカコ,099-269-1011,099-284-5225,tmiyahara@sunus.co.jp,"〇就業時間は勤務が1直 (7時45分) 、2直 (14時15分〜) 
3直 (23時00分〜) 、日勤 (8時30分〜) があり、
1直×2→2直×2→3直×2→夜勤明け→休み×2→日勤の
10日間サイクルで勤務。ただし部署により異なります
〇所定の労働日·休日·始業就業事項苦は勤務シフト表により
決定し、週平均の労働時間を法定労働時間内に設定します
〇深夜手当は法定の25%を上回る43%支給
〇病気·ケガで長期間就業が不能になった場合の所得保証あり
〇住宅手当4000円は実家から通勤する場合です
〇居住地が遠方の方については、社員寮や借上げ社宅制度あり","〇応募前職場見学は7月24日 (金) 、7月31日 (金) 、
8月7日 (金) 、8月21日 (金) に開催します
上記日程で都合がつかない場合は、お気軽にご相談ください
〇選考の作文は事前にお知らせするテーマに沿って作成し、
選考日当日に持参·提出します
〇応募者が多い場合は、2次選考を行う可能性があり、その際の
最終選考日は9月24日を予定しています
〇選考旅費:鹿児島市内3000円/市外実費精算 (上限あり) 
〇履歴書:手書き·パソコン作成どちらでも可",095,068,068-01,,,鹿児島県鹿児島市,,,1170,,,,,,,,,,,,,2025年07月16日 16:05,2025年07月16日 16:05,バーコードスキャン,求人番号_46010-291669.pdf,製造・修理・塗装・製図等の職業,生産設備オペレーター（食料品等）,食料品生産設備オペレーター,生産/製造に関わる,機械操作,,,,,,0,503,食料品生産設備制御・監視員,,
2025,46040-32569,国分公共職業安定所,4604-103951-5,可,カブシキガイシャ タナカコウギョウ,株式会社 田中工業,899-6203,鹿児島県姶良郡湧水町田尾原318-1,最寄り駅 JR栗野駅,代表取締役 田中 明男,4340001008120,http://tanakakogyo-kagoshima.com/,45,45,平成元年,"1,500万円",油タンク·ガスホルダー、配管の組立据付工事,"タンクの製造·建設·据付工事の実績は全国に渡り、球形タンクに
おいては日本でトップクラスのシェアを誇ります。若い力と熟練の
技を武器にその確かな品質には絶対的な自信があります。",正社員,組立工·溶接工,"○天然ガスや石油を貯蔵しておくためのタンクの製造·建設·据付に伴う
溶接及び組立等の業務に従事します。
·溶接作業及び組立作業
·現場作業
·その他付随する業務
·出張あり:県外 (全国) 、県内 (全域) 
*将来的には責任者として現場管理をお願いします。
 (各種資格取得制度有:溶接免許、土木施工管理技士等) 
◆従事すべき業務の変更範囲:変更なし",899-6203,鹿児島県姶良郡湧水町田尾原318-1,最寄り駅 JR栗野駅 から 車5分,0,0,6,不問,なし,可,あり,なし,228800,228800,あり,あり,3,,日祝 その他,08:00-17:00,,,115,可,令和8年10月1日以降,可,随時,代表取締役,田中 明男,タナカ アキオ,0995-74-4504,0995-74-4898,bch16178@nifty.com,"·溶接士1級技能手当:500円/日
 (その他の手当等:業績や勤務状況等に応じて考慮あり) 
◆履歴書:手書き·パソコン作成どちらも可
*月額=11000円 (日給) ×20.8で算出","·社員寮有り (食事なし) 
·選考旅費については全額助成 (※本人のみ。領収書を出して
下さい。) 
·既卒者の応募については履歴書、卒業証明書が必要です。",089,071,071-08,071,071-13,鹿児島県姶良郡湧水町,,,1169,,,,,,,,,,,,,2025年07月16日 16:05,2025年07月16日 16:05,バーコードスキャン,求人番号_46040-32569.pdf,製造・修理・塗装・製図等の職業,製品製造・加工処理工（金属製品）,鉄工、製缶工,生産/製造に関わる,製造/加工(金属),製造・修理・塗装・製図等の職業,製品製造・加工処理工（金属製品）,金属溶接・溶断工,生産/製造に関わる,製造/加工(金属),0,525,鉄工，製缶従事者,528,金属溶接・溶断従事者
2025,46010-703569,鹿児島公共職業安定所,4601-107047-7,可,カブシキガイシャヨコセゾウエンドボク,株式会社 横瀬造園土木,891-1103,鹿児島県鹿児島市川田町325-1,JR九州バス川田中バス停 徒歩1分,代表取締役 横瀬 博文,5340001012179,https://www.yokosezoen.com/,20,20,昭和55年,500万円,外構工事 (建築物周囲の庭園づくり、造園土木工事全般) ,"ものづくりが好きな職人達が機能的でオシャレな庭園をつくります
。【働き方改革】ワークライフバランス充実に積極的に取組んでい
ます。心身共にリフレッシュし、ものづくりに集中できます。",正社員,"外構スタッフ
(造園·土木·左官·大工·金物)","○外構工事 ○剪定·除草作業
*外構スタッフとして土木と造園を中心に多種な庭づくり作業を行います。
*ものづくりが好きな方歓迎
*社用車 (MT·AT車あり)  (※運転免許を持ちの方のみ) 
*入社後運転免許取得補助あり
*作業服空調服貸与
《変更範囲:将来的に適性に応じて
植物管理やECサイト管理への変更可能性あり》",891-1103,鹿児島県鹿児島市川田町325-1,JR九州バス川田中バス停 徒歩1分,3,0,0,"あれば尚可
*普通自動車運転免許 (AT限定可:入社後取得可) ",なし,可,なし,なし,206400,206400,あり,あり,10,変形労働時間制 (1年単位),日祝 その他,08:00-17:00,,,102,不可,,可,随時,総務部,庭田,ニワタ,099-298-7711,099-298-7020,yokosezoen@gmail.com,"*ものづくりが好きな職人達が、機能的でオシャレな庭園を
つくります。
*丁寧に教えてもらいながら、庭づくりの勉強をしていけます。
*庭を全て完成させるまでには多くの技術が必要となり、様々な
経験を積むことができます。
ぜひ一緒にものづくりを楽しみましょう。
【地域活性住宅補助】
住む地域により本人負担額が下記金額になるよう手当がつきます。
小山田·花尾·皆吉地域:30,000円
郡山地域:25,000円 川田地域:8,000円","○応募前職場見学を随時行っております。
希望の際は事前に担当者までご連絡ください。
○選考旅費:実費支給 (上限10,000円) 
○履歴書:手書き·パソコン作成どちらも可",062,092,092-01,064,064-05,鹿児島県鹿児島市,,,1085,,,,,,,,,,,,,2025年07月16日 15:03,2025年07月16日 15:03,バーコードスキャン,求人番号_46010-703569.pdf,建設・土木・電気工事の職業,土木の職業,建設・土木作業員,建設/建築/土木に関わる,土木工事,農林漁業の職業,農業の職業（養畜・動物飼育・植木・造園を含む）,植木職、造園師,農林水産業に関わる,農業,0,681,土木従事者,463,植木職，造園師
2025,46050-52469,加世田公共職業安定所,4605-614188-9,可,カブシキガイシャ アジャスト,株式会社アジャスト,899-3516,鹿児島県南さつま市金峰町浦之名1988-1,,代表取締役社長 上村昌志,1340001026653,https://kamichiku-recruit.com/,3,3,令和6年,"4,000万円","建設や土木工事、修理をしながら畜産現場、製造現場のバックアッ
プをします。","カミチクグループの中で建設業を行う会社。農場や工場などの施設
の設計から施工、修繕まで一貫して手掛け、迅速な復旧対応で安定
操業を支えています。細やかな対応も強みです。",正社員,建設·土木作業員[南さつま市金峰町],"【業務内容】 (社用車使用/AT車) 
牛舎の改修·建築、グループ会社の建物設備の改修など
重機や農業用機械など機械関係のメンテナンスができる方も歓迎!
【説明】
牛の生産、加工、販売、外食を一貫して行うカミチクグループの
建設業部門が独立した新会社です。
≪変更範囲:事業所の定める業務に変更となる可能性があります≫",899-3516,鹿児島県南さつま市金峰町浦之名1988-1,,1,0,0,"必須
·普通自動車運転免許 (AT限定可) 
※入社までに普通自動車免許の取得が困難な場合はご相談下さい。
·以下を学ばれた方は歓迎いたします。
アーク溶接、ガス溶接、Jw_CAD",なし,可,なし,なし,170000,203000,あり,あり,2,変形労働時間制 (1年単位),その他,07:30-17:00,,,105,可,令和8年10月1日以降,可,随時,"株式会社カミチクホールディングス
人事部 人財戦略課",中村/上野,ナカムラ/ウエノ,099-822-1888,,jinji@kamichiku.co.jp,"〇扶養手当について
該当者には別途支給
配偶者:10,000円
子 (一人につき) :5,000円〜15,000円
〇年齢手当について
入社後、29歳迄1年毎に3,000円/月上乗せ支給
〇メンター制度の代わりに年齢の近い先輩社員が仕事や職場生活を
サポートするエルダー制度や上司との1on1があります。
【履歴書:手書き·パソコン作成どちらでも可】","〇昇給·賞与は前年度新卒者採用の実績がないため
支給実績の表記ができませんが、制度は整っています。
〇サークル活動 (軟式野球部) を行っています。
〇応募前職場見学を随時行っております。
希望される場合は担当者へ連絡をお願いします。
※その他詳細は採用ホームページをご覧ください。
*所定の労働日·休日·始業終業時刻は勤務表により決定し、
週平均の労働時間を法定労働時間以内に設定します。",060,091,091-99,092,092-01,鹿児島県南さつま市,,,1040,,,,,,,,,,,,,2025年07月16日 14:28,2025年07月16日 14:28,バーコードスキャン,求人番号_46050-52469.pdf,建設・土木・電気工事の職業,建設の職業（建設躯体工事の職業を除く）,その他の建設の職業,建設/建築/土木に関わる,建築,建設・土木・電気工事の職業,土木の職業,建設・土木作業員,建設/建築/土木に関わる,土木工事,0,669,その他の建設従事者,681,土木従事者
2025,46010-716869,鹿児島公共職業安定所,4601-626163-9,可,カブシキガイシャ キュウシュウファームブツリュウ,株式会社 九州ファーム物流,891-0141,鹿児島県鹿児島市谷山中央一丁目54番1号,JR谷山駅 から 徒歩5分,代表取締役 上村 昌志,6340001024140,https://kamichiku-recruit.com/,58,9,令和4年,"5,000万円","運送業 倉庫管理業
牛のエサの運搬·搬送、重機運搬、食品の運送を行っています。","カミチクグループの中で物流業を行う会社。飼料や家畜の輸送を通
じて生産現場を支え、自社物流による輸送効率向上と安定供給に貢
献しています。柔軟で迅速な対応も強みです。",正社員,物流·倉庫業務[鹿児島市谷山港],"【業務内容】
カミチクグループで作られた商品 (お肉) の倉庫管理を担っています。
商品の入荷、保管、仕分け、出荷運送業者への手配交渉、配送管理など
※フォークリフト (入社後資格取得可能) での業務が主のため運転が
好きな方におすすめです。
≪変更範囲:事業所の定める業務の範囲内≫",891-0131,"鹿児島県鹿児島市谷山港3-4-20
「鹿児島物流センター (ヨコレイ内) 」",,1,0,0,"必須
普通自動車運転免許 (AT限定可) 入社後取得可
※通勤用",あり,可,なし,なし,170000,203000,あり,あり,10,変形労働時間制 (1年単位),日祝 その他,08:00-17:00,,,110,可,令和8年10月1日以降,可,随時,"株式会社カミチクホールディングス
人事部 人財戦略課",中村/上野,ナカムラ/ウエノ,099-822-1888,099-268-7636,jinji@kamichiku.co.jp,"○入社までに普通自動車免許の取得が困難な場合はご相談下さい。
〇扶養手当について
該当者には別途支給
配偶者:10,000円
子 (一人につき) :5,000円〜15,000円
〇年齢手当について
入社後、29歳迄1年毎に3,000円/月上乗せ支給
〇メンター制度の代わりに年齢の近い先輩社員が仕事や職場生活を
サポートするエルダー制度や上司との1on1があります。","〇昇給·賞与は前年度新卒者採用の実績がないため
支給実績の表記ができませんが、制度は整っています。
〇サークル活動 (軟式野球部) を行っています。
〇応募前職場見学を随時行っております。
希望される場合は担当者へ連絡をお願いします。
〇履歴書:手書き·パソコン作成どちらでも可
○転勤範囲:鹿児島市 (上福元) 
○試用期間:3ヶ月間 (勤務状況等による:最長6ヶ月間) 
その他詳細は採用ホームページをご覧ください。",441,095,095-03,082,082-01,鹿児島県鹿児島市,,,1039,,,,,,,,,,,,,2025年07月16日 14:28,2025年07月16日 14:28,バーコードスキャン,求人番号_46010-716869.pdf,運搬・清掃・包装・選別等の職業,荷役・運搬作業員,倉庫作業員,運輸/物流に関わる,倉庫/作業,配送・輸送・機械運転の職業,配送・集荷の職業,荷物配達員,運輸/物流に関わる,配達/集荷,0,704,倉庫作業従事者,705,配達員
2025,46040-174669,国分公共職業安定所,4604-616267-6,可,カブシキガイシャ キュウシュウサンチョクイチバ,株式会社 九州産直市場,895-2635,鹿児島県伊佐市大口山野1145-1,,代表取締役 上村 博之,6340001020552,https://kamichiku-recruit.com/,75,11,平成24年,"1,000万円",飲食提供 (セルフ焼肉) 、食肉加工製造、販売接客、物産館運営,"カミチクグループの農場で育てた牛肉や豚肉を販売する「お肉の直
売所」を運営しています。地域の特産品も取り扱い、地域資源を活
用した店舗づくりで地域活性化に貢献しています。",正社員,接客販売·食肉加工[宮崎県西都市],"【業務内容】
·商品づくり (お肉のカットや盛り付け) 
·接客販売 (お客様対応やイベント開催) 
·環境整備 (店舗レイアウト·SNS運用)  その他
【説明】
自分が作った商品を、自らの声掛けでお客様に購入していただきます。
セルフ焼肉コーナーも隣接しており、お客様の声や反応をすぐ近くで
聞くことができます。
≪変更範囲:店長業務など事業所の定める業務の範囲内≫",881-0023,"宮崎県西都市大字調殿851
「お肉の直売所 西都」",,1,0,0,不問,あり,可,なし,なし,170000,203000,あり,あり,10,交替制 (シフト制),その他,08:00-17:00,06:00-15:00,,105,可,令和8年10月1日以降,可,随時,"株式会社カミチクホールディングス
人事部 人財戦略課",中村/上野,ナカムラ/ウエノ,099-822-1888,099-268-7636,jinji@kamichiku.co.jp,"○入社までに普通自動車免許取得がおすすめです (通勤用) 
〇入社までに普通自動車免許の取得が困難な場合はご相談下さい。
〇扶養手当について
該当者には別途支給
配偶者:10,000円
子 (一人につき) :5,000円〜15,000円
〇年齢手当について
入社後、29歳迄1年毎に3,000円/月上乗せ支給
〇メンター制度の代わりに年齢の近い先輩社員が仕事や職場生活を
サポートするエルダー制度や上司との1on1があります。","〇昇給·賞与は前年度新卒者採用の実績がないため
支給実績の表記ができませんが、制度は整っています。
〇サークル活動 (軟式野球部) を行っています。
〇応募前職場見学を随時行っております。
希望される場合は担当者へ連絡をお願いします。
〇履歴書:手書き·パソコン作成どちらでも可
その他詳細は採用ホームページをご覧ください。",769,072,072-02,045,045-06,宮崎県西都市,,,1038,,,,,,,,,,,,,2025年07月16日 14:28,2025年07月16日 14:28,バーコードスキャン,求人番号_46040-174669.pdf,製造・修理・塗装・製図等の職業,製品製造・加工処理工（食料品等）,食肉加工工,生産/製造に関わる,製造/加工(食料品),販売・営業の職業,販売員,飲食料品販売店員,販売に関わる,販売,0,533,食料品製造従事者,323,販売店員
2025,46040-172769,国分公共職業安定所,4604-616267-6,可,カブシキガイシャ キュウシュウサンチョクイチバ,株式会社 九州産直市場,895-2635,鹿児島県伊佐市大口山野1145-1,,代表取締役 上村 博之,6340001020552,https://kamichiku-recruit.com/,75,27,平成24年,"1,000万円",飲食提供 (セルフ焼肉) 、食肉加工製造、販売接客、物産館運営,"カミチクグループの農場で育てた牛肉や豚肉を販売する「お肉の直
売所」を運営しています。地域の特産品も取り扱い、地域資源を活
用した店舗づくりで地域活性化に貢献しています。",正社員,接客販売·食肉加工[日置市吹上町],"【業務内容】
·商品づくり (お肉のカットや盛り付け) 
·接客販売 (お客様対応やイベント開催) 
·環境整備 (店舗レイアウト·SNS運用)  その他
【説明】
自分が作った商品を、自らの声掛けでお客様に購入していただきます。
セルフ焼肉コーナーも隣接しており、お客様の声や反応をすぐ近くで
聞くことができます。
≪変更範囲:店長業務など事業所の定める業務の範囲内≫",899-3302,"鹿児島県日置市吹上町中之里2939ー1
「お肉の直売所 吹上」",,1,0,0,不問,あり,可,なし,なし,170000,203000,あり,あり,10,交替制 (シフト制),その他,08:00-17:00,06:00-15:00,,105,可,令和8年10月1日以降,可,随時,"株式会社カミチクホールディングス
人事部 人財戦略課",中村/上野,ナカムラ/ウエノ,099-822-1888,099-268-7636,jinji@kamichiku.co.jp,"○入社までに普通自動車免許取得がおすすめです (通勤用) 
〇入社までに普通自動車免許の取得が困難な場合はご相談下さい。
〇扶養手当について
該当者には別途支給
配偶者:10,000円
子 (一人につき) :5,000円〜15,000円
〇年齢手当について
入社後、29歳迄1年毎に3,000円/月上乗せ支給
〇メンター制度の代わりに年齢の近い先輩社員が仕事や職場生活を
サポートするエルダー制度や上司との1on1があります。","〇昇給·賞与は前年度新卒者採用の実績がないため
支給実績の表記ができませんが、制度は整っています。
〇サークル活動 (軟式野球部) を行っています。
〇応募前職場見学を随時行っております。
希望される場合は担当者へ連絡をお願いします。
〇履歴書:手書き·パソコン作成どちらでも可
その他詳細は採用ホームページをご覧ください。
○通勤のためじどう",769,072,072-02,045,045-06,鹿児島県日置市,,,1037,,,,,,,,,,,,,2025年07月16日 14:28,2025年07月16日 14:28,バーコードスキャン,求人番号_46040-172769.pdf,製造・修理・塗装・製図等の職業,製品製造・加工処理工（食料品等）,食肉加工工,生産/製造に関わる,製造/加工(食料品),販売・営業の職業,販売員,飲食料品販売店員,販売に関わる,販売,0,533,食料品製造従事者,323,販売店員
2025,46040-173169,国分公共職業安定所,4604-616267-6,可,カブシキガイシャ キュウシュウサンチョクイチバ,株式会社 九州産直市場,895-2635,鹿児島県伊佐市大口山野1145-1,,代表取締役 上村 博之,6340001020552,https://kamichiku-recruit.com/,75,18,平成24年,"1,000万円",飲食提供 (セルフ焼肉) 、食肉加工製造、販売接客、物産館運営,"カミチクグループの農場で育てた牛肉や豚肉を販売する「お肉の直
売所」を運営しています。地域の特産品も取り扱い、地域資源を活
用した店舗づくりで地域活性化に貢献しています。",正社員,接客販売·食肉加工[鹿児島県伊佐市],"【業務内容】
·商品づくり (お肉のカットや盛り付け) 
·接客販売 (お客様対応やイベント開催) 
·環境整備 (店舗レイアウト·SNS運用)  その他
【説明】
自分が作った商品を、自らの声掛けでお客様に購入していただきます。
セルフ焼肉コーナーも隣接しており、お客様の声や反応をすぐ近くで
聞くことができます。
≪変更範囲:店長業務など事業所の定める業務の範囲内≫",895-2635,"鹿児島県伊佐市大口山野1145-1
「お肉の直売所 伊佐」",,1,0,0,不問,あり,可,なし,なし,170000,203000,あり,あり,10,交替制 (シフト制),その他,08:00-17:00,06:00-15:00,,105,可,令和8年10月1日以降,可,随時,"株式会社カミチクホールディングス
人事部 人財戦略課",中村/上野,ナカムラ/ウエノ,099-822-1888,099-268-7636,jinji@kamichiku.co.jp,"○入社までに普通自動車免許取得がおすすめです (通勤用) 
〇入社までに普通自動車免許の取得が困難な場合はご相談下さい。
〇扶養手当について
該当者には別途支給
配偶者:10,000円
子 (一人につき) :5,000円〜15,000円
〇年齢手当について
入社後、29歳迄1年毎に3,000円/月上乗せ支給
〇メンター制度の代わりに年齢の近い先輩社員が仕事や職場生活を
サポートするエルダー制度や上司との1on1があります。","〇昇給·賞与は前年度新卒者採用の実績がないため
支給実績の表記ができませんが、制度は整っています。
〇サークル活動 (軟式野球部) を行っています。
〇応募前職場見学を随時行っております。
希望される場合は担当者へ連絡をお願いします。
〇履歴書:手書き·パソコン作成どちらでも可
その他詳細は採用ホームページをご覧ください。",769,072,072-02,045,045-06,鹿児島県伊佐市,,,1036,,,,,,,,,,,,,2025年07月16日 14:28,2025年07月16日 14:28,バーコードスキャン,求人番号_46040-173169.pdf,製造・修理・塗装・製図等の職業,製品製造・加工処理工（食料品等）,食肉加工工,生産/製造に関わる,製造/加工(食料品),販売・営業の職業,販売員,飲食料品販売店員,販売に関わる,販売,0,533,食料品製造従事者,323,販売店員
2025,46010-713169,鹿児島公共職業安定所,4601-618213-9,可,カブシキガイシャ クオリティミート,株式会社 クオリティミート,891-0144,鹿児島県鹿児島市下福元町7852番地 (鹿児島食肉センター内),,代表取締役 上村 昌志,1340001016555,https://kamichiku-recruit.com/,56,56,平成25年,"1,000万円",豚肉の加工製造·販売,"カミチクグループの中で豚肉の製造·加工·販売を行う会社。高い
加工技術と提案力を活かし、市場ニーズに応える高付加価値商品の
開発と安定供給を行なっています。品質向上も追求します",正社員,"食肉製造技術者/豚肉の解体·整形
[鹿児島市下福元町]","【業務内容】
豚肉をお客様の要望に合わせた大きさにカット、加工を行います。
その他の付随業務
【説明】
勉強会や技術指導も行っており未経験者でも安心して働ける環境です。
「コストを減らし、いかに付加価値をつけるか」を部門の役割とし、
1人1人が技術向上を目指します。
《変更範囲:原料部など事業所の定める業務の範囲内》",891-0144,鹿児島県鹿児島市下福元町7852番地 (鹿児島食肉センター内),,2,0,0,"あれば尚可
普通自動車運転免許 (AT限定可)  入社後取得可
※通勤用",なし,可,なし,なし,170000,203000,あり,あり,15,変形労働時間制 (1年単位),日祝 その他,08:00-17:00,,,110,可,令和8年10月1日以降,可,随時,"株式会社カミチクホールディングス
人事部 人財戦略課",中村/上野,ナカムラ/ウエノ,099-822-1888,099-268-7636,jinji@kamichiku.co.jp,"〇扶養手当について、該当者には別途支給
配偶者:10,000円
子 (一人につき) :5,000円〜15,000円
〇年齢手当について
入社後、29歳迄1年毎に3,000円/月上乗せ支給
○転勤の可能性はありませんが、本人の適性と希望に応じて次の関
連事業所に転籍の可能性あり。
·株式会社カミチク (鹿児島市下福元町) 
·株式会社カミチクファクトリー (鹿児島市上福元町) ","〇昇給·賞与は前年度新卒者採用の実績がないため
支給実績の表記ができませんが、制度は整っています。
〇サークル活動 (軟式野球部) を行っています。
〇応募前職場見学を随時行っております。
希望される場合は担当者へ連絡をお願いします。
〇履歴書:手書き·パソコン作成どちらでも可
その他詳細は採用ホームページをご覧ください。
〇メンター制度の代わりに年齢の近い先輩社員が仕事や職場生活を
サポートするエルダー制度や上司との1on1があります。",091,072,072-02,,,鹿児島県鹿児島市,,,1033,,,,,,,,,,,,,2025年07月16日 14:28,2025年07月16日 14:28,バーコードスキャン,求人番号_46010-713169.pdf,製造・修理・塗装・製図等の職業,製品製造・加工処理工（食料品等）,食肉加工工,生産/製造に関わる,製造/加工(食料品),,,,,,0,533,食料品製造従事者,,
2025,46010-714669,鹿児島公共職業安定所,4601-623712-2,可,カブシキガイシャ クオリティファーム,株式会社 クオリティファーム,891-0141,鹿児島県鹿児島市谷山中央一丁目54番1号,JR谷山駅 から 徒歩5分,代表取締役社長 上村 昌志,8340001023883,https://www.kamichiku.co.jp/,11,8,令和3年,"3,000万円",養豚事業,"カミチクグループの中で養豚業を行う会社。繁殖から肥育まで一貫
して行い、徹底した防疫体制と独自の飼育技術で、高品質な豚肉の
安定生産を実現しています。",正社員,豚畜産技能員[曽於市財部町],"【業務内容】
·健康管理 (観察、治療、体重測定) 
·環境管理 (オガクズ床の調整、床の清掃、堆肥の処理) 
·その他不随業務
【説明】
農場増加に伴い従業員積極採用中。
責任者は30代!世界に誇れる南九州を代表するブランドを創るという
熱い思いを胸に豚の飼育を行い規模拡大中の企業です。
《変更範囲:製造部への研修など事業所の定める業務の範囲内》",899-4101,"鹿児島県曽於市財部町南俣3639-4
株式会社クオリティファーム 財部農場",,0,0,1,"必須
普通自動車運転免許 (AT限定可)  入社後取得可
※通勤用
※業務内にてMT車に乗車するため、MT免許取得を推奨。",あり,可,あり,なし,170000,203000,あり,あり,3,変形労働時間制 (1年単位),日祝 その他,07:30-17:00,,,100,可,令和8年10月1日以降,可,随時,"株式会社カミチクホールディングス
人事部 人財戦略課",中村/上野,ナカムラ/ウエノ,099-822-1888,099-268-7636,jinji@kamichiku.co.jp,"〇扶養手当について
該当者には別途支給
配偶者:10,000円
子 (一人につき) :5,000円〜15,000円
〇年齢手当について
入社後、29歳迄1年毎に3,000円/月上乗せ支給
〇入居可能住宅 (単身用) 家賃:40000円〜45000円
※家賃の半額補助あり
○転勤について
転勤範囲:曽於市月野、宮崎県小林","〇昇給·賞与は前年度新卒者採用の実績がないため
支給実績の表記ができませんが、制度は整っています。
〇労働基準法第41条に基づく労働時間·休憩·休日適用除外
〇応募前職場見学を随時行っております。
希望される場合は担当者へ連絡をお願いします。
〇履歴書:手書き·パソコン作成どちらでも可
その他詳細は採用ホームページをご覧ください。
〇メンター制度の代わりに年齢の近い先輩社員が仕事や職場生活を
サポートするエルダー制度や上司との1on1があります。",012,064,064-03,,,鹿児島県曽於市,,,1032,,,,,,,,,,,,,2025年07月16日 14:28,2025年07月16日 14:28,バーコードスキャン,求人番号_46010-714669.pdf,農林漁業の職業,農業の職業（養畜・動物飼育・植木・造園を含む）,家畜・家きん飼育作業員,農林水産業に関わる,農業,,,,,,0,462,養畜従事者,,
2025,46010-959769,鹿児島公共職業安定所,4601-101859-2,可,カブシキガイシャ カミチク,株式会社 カミチク,891-0116,鹿児島県鹿児島市上福元町6921-1,JR慈眼寺駅 から 車10分,代表取締役社長 上村 昌平,7340001001205,https://kamichiku-recruit.com/,144,87,昭和60年,"5,000万円",牛肉の卸売業及び食肉処理業,"カミチクグループの中核企業として、食肉の製造·加工·卸売を行
う会社。技術力·品質管理·提案力を強みに、国内外へ安全·安心
な食肉製品を安定供給し、食の価値向上に貢献しています。",正社員,提案営業職[鹿児島市下福元町],"【業務内容】
牛·豚·加工品を通してメニュー提案や売り場作りの提案を行い、お客様と一
緒に成長·繁栄することが我々の営業スタイルです。
入社後は数年間、食肉製造の現場でお肉の特徴や部位名を学びます。
その後、営業部の先輩のもとでお客様のこと、お肉の原価·売価などを学び、
ゆくゆくは既存のお客様に困りごとや希望を聞いて、
それに合った商品をおすすめする提案営業を担当します。
元気で明るく、お肉が好きな方におすすめです。
《変更範囲:原料部や製造部など事業所の定める業務の範囲内》",891-0144,鹿児島県鹿児島市下福元町7852,,1,0,0,"必須
普通自動車運転免許 (AT限定可) 入社後取得可",あり,可,なし,なし,170000,203000,あり,あり,10,変形労働時間制 (1年単位),日祝 その他,08:00-17:00,,,110,可,令和8年10月1日以降,可,随時,"株式会社カミチクホールディングス
人事部 人財戦略課",中村/上野,ナカムラ/ウエノ,099-822-1888,099-268-7636,jinji@kamichiku.co.jp,"○入社までに普通自動車免許の取得が困難な場合はご相談下さい。
〇扶養手当について
該当者には別途支給
配偶者:10,000円
子 (一人につき) :5,000円〜15,000円
〇年齢手当について
入社後、29歳迄1年毎に3,000円/月上乗せ支給
〇メンター制度の代わりに年齢の近い先輩社員が仕事や職場生活を
サポートするエルダー制度や上司との1on1があります。","○試用期間:3ヶ月間 (勤務状況等による:最長6ヶ月間) 
○転勤範囲:鹿児島市 (上福元町) 、福岡県糟屋郡、大阪府大阪市
東京都大田区
※適性や事業状況に応じて会社の定める事業所へ転勤の可能性あり
〇サークル活動 (軟式野球部) を行っています。
〇履歴書:手書き·パソコン作成どちらでも可
〇応募前職場見学を随時行っております。
希望される場合は担当者へ連絡をお願いします。",521,048,048-01,,,鹿児島県鹿児島市,,,1031,,,,,,,,,,,,,2025年07月16日 14:28,2025年07月16日 14:28,バーコードスキャン,求人番号_46010-959769.pdf,販売・営業の職業,営業の職業,飲食料品営業員,営業に関わる,営業,,,,,,0,341,食料品営業職業従事者,,
2025,46010-715969,鹿児島公共職業安定所,4601-101859-2,可,カブシキガイシャ カミチク,株式会社 カミチク,891-0116,鹿児島県鹿児島市上福元町6921-1,JR慈眼寺駅 から 車10分,代表取締役社長 上村 昌平,7340001001205,https://kamichiku-recruit.com/,144,87,昭和60年,"5,000万円",牛肉の卸売業及び食肉処理業,"カミチクグループの中核企業として、食肉の製造·加工·卸売を行
う会社。技術力·品質管理·提案力を強みに、国内外へ安全·安心
な食肉製品を安定供給し、食の価値向上に貢献しています。",正社員,食肉製造技術者[鹿児島市下福元町],"【業務内容】
ブロック肉や内臓を取り扱う部門です。
グループで育てた牛のお肉をお客様の要望通りの商品に仕上げます。
牛の皮や内臓を取り除き半分にした状態 (枝肉) から
骨を抜き、用途に合わせた大きさにカット、計量、加工を行います。
【説明】
高卒社員が多く在籍する企業です。
勉強会や技術指導も行っており未経験者でも安心して働ける環境です。
《変更範囲:原料部など事業所の定める業務の範囲内》",891-0144,"鹿児島県鹿児島市下福元町7852
加工センター",,2,0,0,"必須
普通自動車運転免許 (AT限定可) 入社後取得可
※通勤用",あり,可,なし,なし,170000,203000,あり,あり,10,変形労働時間制 (1年単位),日祝 その他,08:00-17:00,,,110,可,令和8年10月1日以降,可,随時,"株式会社カミチクホールディングス
人事部 人財戦略課",中村/上野,ナカムラ/ウエノ,099-822-1888,099-268-7636,jinji@kamichiku.co.jp,"○入社までに普通自動車免許の取得が困難な場合はご相談下さい。
〇扶養手当について
該当者には別途支給
配偶者:10,000円
子 (一人につき) :5,000円〜15,000円
〇年齢手当について
入社後、29歳迄1年毎に3,000円/月上乗せ支給
〇メンター制度の代わりに年齢の近い先輩社員が仕事や職場生活を
サポートするエルダー制度や上司との1on1があります。","〇サークル活動 (軟式野球部) を行っています。
〇応募前職場見学を随時行っております。
希望される場合は担当者へ連絡をお願いします。
〇履歴書:手書き·パソコン作成どちらでも可
○転勤範囲:鹿児島市 (上福元) 
○試用期間:3ヶ月間 (勤務状況等による:最長6ヶ月間) 
その他詳細は採用ホームページをご覧ください。",521,072,072-02,,,鹿児島県鹿児島市,,,1030,,,,,,,,,,,,,2025年07月16日 14:28,2025年07月16日 14:28,バーコードスキャン,求人番号_46010-715969.pdf,製造・修理・塗装・製図等の職業,製品製造・加工処理工（食料品等）,食肉加工工,生産/製造に関わる,製造/加工(食料品),,,,,,0,533,食料品製造従事者,,
2025,46010-717069,鹿児島公共職業安定所,4601-106782-0,可,カブシキガイシャ カミチクファーム,株式会社 カミチクファーム,891-0141,鹿児島県鹿児島市谷山中央一丁目54番1号,JR谷山駅 から 徒歩5分,代表取締役 上村 昌志,9340002003074,https://kamichiku-recruit.com/,174,12,平成4年,"3,000万円",畜産業·酪農業,"カミチクグループの中で畜産業を行う会社。九州各地の農場で牛 (
年間飼養頭数は約22000頭) を育て、国産飼料やスマート畜産
技術を活用し、高品質な牛肉の安定生産に取り組んでいます。",正社員,牛畜産技能員[宮崎県],"【業務内容】
·給餌 (成長段階に合わせ飼料を配合し給餌) 
·健康管理 (観察、水受けやエサ箱·床の清掃、除角など) 
·その他付随業務
【説明】
鹿児島宮崎を中心にグループ全体で約22000頭保有
 (黒毛和牛の去勢·雌·母牛·経産牛、交雑牛、ホルスタイン、あか牛など) 
《変更範囲:購買など事業所の定める業務の範囲内》",884-0006,"宮崎県児湯郡高鍋町大字上江7036-36
株式会社カミチクファーム 高鍋農場または西都農場",,2,0,0,"必須
普通自動車運転免許 (AT限定可) 入社後取得可
※通勤用
※業務内にてMT車に乗車するため、MT免許取得を推奨",あり,可,なし,なし,170000,203000,あり,あり,9,変形労働時間制 (1年単位),日祝 その他,07:30-17:00,,,100,可,令和8年10月1日以降,可,随時,"株式会社カミチクホールディングス
人事部 人財戦略課",中村/上野,ナカムラ/ウエノ,099-822-1888,099-268-7636,jinji@kamichiku.co.jp,"○入社までに普通自動車免許の取得が困難な場合はご相談下さい。
〇扶養手当について
該当者には別途支給
配偶者:10,000円
子 (一人につき) :5,000円〜15,000円
〇年齢手当について
入社後、29歳迄1年毎に3,000円/月上乗せ支給","〇メンター制度の代わりに年齢の近い先輩社員が仕事や職場生活を
サポートするエルダー制度や上司との1on1があります。
〇労働基準法第41条に基づく労働時間·休憩·休日適用除外
〇応募前職場見学を随時行っております。
希望される場合は担当者へ連絡をお願いします。
〇履歴書:手書き·パソコン作成どちらでも可
○転勤範囲:鹿児島県 (南さつま市金峰町、日置市吹上町) 
○試用期間:3ヶ月間 (勤務状況等による:最長6ヶ月間) 
その他詳細は採用ホームページをご覧ください。",012,064,064-03,,,宮崎県児湯郡高鍋町,宮崎県西都市,,1029,,,,,,,,,,,,,2025年07月16日 14:28,2025年07月16日 14:28,バーコードスキャン,求人番号_46010-717069.pdf,農林漁業の職業,農業の職業（養畜・動物飼育・植木・造園を含む）,家畜・家きん飼育作業員,農林水産業に関わる,農業,,,,,,0,462,養畜従事者,,
2025,46010-718369,鹿児島公共職業安定所,4601-106782-0,可,カブシキガイシャ カミチクファーム,株式会社 カミチクファーム,891-0141,鹿児島県鹿児島市谷山中央一丁目54番1号,JR谷山駅 から 徒歩5分,代表取締役 上村 昌志,9340002003074,https://kamichiku-recruit.com/,174,12,平成4年,"3,000万円",畜産業·酪農業,"カミチクグループの中で畜産業を行う会社。九州各地の農場で牛 (
年間飼養頭数は約22000頭) を育て、国産飼料やスマート畜産
技術を活用し、高品質な牛肉の安定生産に取り組んでいます。",正社員,牛畜産技能員[南さつま市金峰町],"【業務内容】
·給餌 (成長段階に合わせ飼料を配合し給餌) 
·健康管理 (観察、水受けやエサ箱·床の清掃、除角など) 
·その他付随業務
【説明】
鹿児島宮崎を中心にグループ全体で約22000頭保有
 (黒毛和牛の去勢·雌·母牛·経産牛、交雑牛、ホルスタイン、あか牛など) 
《変更範囲:購買など事業所の定める業務の範囲内》",899-3516,"鹿児島県南さつま市金峰町浦之名2074
株式会社カミチクファーム 金峰農場",,1,0,0,"必須
普通自動車運転免許 (AT限定可) 入社後取得可
※通勤用
※業務内にてMT車に乗車するため、MT免許取得を推奨",あり,可,あり,なし,170000,203000,あり,あり,9,変形労働時間制 (1年単位),日祝 その他,07:30-17:00,,,100,可,令和8年10月1日以降,可,随時,"株式会社カミチクホールディングス
人事部 人財戦略課",中村/上野,ナカムラ/ウエノ,099-822-1888,099-268-7636,jinji@kamichiku.co.jp,"○入社までに普通自動車免許の取得が困難な場合はご相談下さい。
〇扶養手当について
該当者には別途支給
配偶者:10,000円
子 (一人につき) :5,000円〜15,000円
〇年齢手当について
入社後、29歳迄1年毎に3,000円/月上乗せ支給
〇単身用社宅について
家賃30,000円 (水道光熱費込み) で入居可能
〇サークル活動 (軟式野球部) を行っています。","〇メンター制度の代わりに年齢の近い先輩社員が仕事や職場生活を
サポートするエルダー制度や上司との1on1があります。
〇労働基準法第41条に基づく労働時間·休憩·休日適用除外
〇応募前職場見学を随時行っております。
希望される場合は担当者へ連絡をお願いします。
〇履歴書:手書き·パソコン作成どちらでも可
○転勤範囲:鹿児島県 (日置市吹上町) 宮崎県 (児湯郡高鍋町、
西都市) 
○試用期間:3ヶ月間 (勤務状況等による:最長6ヶ月間) 
その他詳細は採用ホームページをご覧ください。",012,064,064-03,,,鹿児島県南さつま市,,,1028,,,,,,,,,,,,,2025年07月16日 14:28,2025年07月16日 14:28,バーコードスキャン,求人番号_46010-718369.pdf,農林漁業の職業,農業の職業（養畜・動物飼育・植木・造園を含む）,家畜・家きん飼育作業員,農林水産業に関わる,農業,,,,,,0,462,養畜従事者,,
2025,46010-960969,鹿児島公共職業安定所,4601-626176-2,可,カブシキガイシャオーリックホールディングス,株式会社オーリックホールディングス,890-0033,鹿児島県鹿児島市西別府町2941番地26,,代表取締役 濱田 龍彦,6340001016419,,37,37,,,"グループ会社の経理、人事·採用、労務管理等の管理業務を一括し
て担うシェアードサービス会社です。各社の事業運営をバックオフ
ィスから支援しています。","日本各地に広がるオーリックグループに対し、幅広い管理業務を行
っています。",正社員,事務職,"経理·人事·情報システムの事務担当業務
○経理:日時、月次、年次決算等その他の付随業務
○人事:給与計算、採用、研修等その他の付随業務
○情報システム:社内ITインフラの整備、セキュリティ対策等
その他の付随業務
【業務の範囲:変更なし】",890-0033,鹿児島県鹿児島市西別府町2941番地26,,2,0,0,不問,なし,可,なし,なし,186500,227700,あり,あり,20,変形労働時間制 (1年単位),その他,09:00-18:00,,,110,不可,,可,随時,人事課,森永,モリナガ,099-298-5600,099-283-2515,a-morinaga@alliq.co.jp,"○履歴書:手書き·パソコン作成どちらも可
○応募前職場見学について
希望の際には事前に担当者までお問い合わせください。",,920,033,033-02,038,038-03,鹿児島県鹿児島市,,,1015,,,,,,,,,,,,,2025年07月16日 13:55,2025年07月16日 13:55,バーコードスキャン,求人番号_46010-960969.pdf,事務的職業,総務・人事・企画事務の職業,人事事務員,事務に関わる,一般事務,事務的職業,会計事務の職業,経理事務員,事務に関わる,会計事務,0,252,人事事務員,263,経理事務員
2025,46010-832369,鹿児島公共職業安定所,4601-13682-4,可,カゴシマコクサイカンコウカブシキガイシャカゴシマサンロイヤルホテル,鹿児島国際観光株式会社 (鹿児島サンロイヤルホテル) ,890-0062,鹿児島県鹿児島市与次郎1丁目8番10号,,代表取締役 下津 昭則,7340001000834,http://www.sunroyal.co.jp/,227,227,昭和45年,"5,000万円","ホテル業 (鹿児島サンロイヤルホテル) 
宿泊·レストラン·宴会·ブライダル","ホテル正面に桜島を臨む絶好のロケーションに恵まれた与次郎ヶ浜
に位置し、シティ&リゾートホテルとしての機能を十分に生かし、
上質のサービスと料理におもてなしの心を添えて提供します。",正社員,調理師(西洋料理又は日本料理),"〇ホテル館内の日本料理レストラン、西洋料理レストラン厨房における業務
〇ホテル館内の宴会場厨房における業務
*求人数内訳
日本料理レストラン 2名
西洋料理レストラン 2名
宴会場厨房 (西洋料理)  1名
*日本料理、西洋料理については、応募時に指定してください。
《変更範囲:なし》",890-0062,鹿児島県鹿児島市与次郎1丁目8番10号,,5,0,0,"あれば尚可
*調理師免許 (取得見込可) 
*履修学科や専攻について
·新卒の応募者:学科や専攻は不問
·既卒の応募者:調理に関する学科履修または実務経験が必要",なし,可,なし,なし,130000,208880,あり,あり,29,変形労働時間制 (1ヶ月単位),その他,06:00-15:00,10:00-19:00,14:30-23:30,104,可,令和8年10月1日以降,可,補足事項欄参照,人事総務部 部長代理,仮屋 正之,カリヤ マサユキ,099-253-2312,099-253-2366,soumu@sunroyal.co.jp,"○応募前職場見学を希望の際は、事前に担当まで
お問い合わせください。7/25·8/8·8/15を予定。
○選考日:9月16日。学科試験·個人面接を行います。
*9月16日以降は随時選考いたします。
○履歴書:手書き·パソコン作成どちらも可","○試用期間:3ヶ月
※研修期間2ヶ月は固定残業代なし (定時勤務·残業なし) 
○就業時間について
 (1) 〜 (3) 以外の就業時間もあります。
各レストランの営業時間や宴会の開始終了に合わせた時間の
交代制勤務になります。 (実働8時間/日) 
○調理師免許や資格取得へ向けて、技術や知識を身につけるための
支援をしています。",751,055,055-02,055,055-01,鹿児島県鹿児島市,,,1003,,,,,,,,,,,,,2025年07月16日 10:27,2025年07月16日 10:27,バーコードスキャン,求人番号_46010-832369.pdf,サービスの職業,飲食物調理の職業,西洋料理調理人,接客/サービスに関わる,飲食,サービスの職業,飲食物調理の職業,日本料理調理人,接客/サービスに関わる,飲食,0,391,調理人,391,調理人
2025,46010-779569,鹿児島公共職業安定所,4601-13682-4,可,カゴシマコクサイカンコウカブシキガイシャカゴシマサンロイヤルホテル,鹿児島国際観光株式会社 (鹿児島サンロイヤルホテル) ,890-0062,鹿児島県鹿児島市与次郎1丁目8番10号,,代表取締役 下津 昭則,7340001000834,http://www.sunroyal.co.jp/,227,227,昭和45年,"5,000万円","ホテル業 (鹿児島サンロイヤルホテル) 
宿泊·レストラン·宴会·ブライダル","ホテル正面に桜島を臨む絶好のロケーションに恵まれた与次郎ヶ浜
に位置し、シティ&リゾートホテルとしての機能を十分に生かし、
上質のサービスと料理におもてなしの心を添えて提供します。",正社員,"サービス係
(レストラン·宴会場·ベルサービス)","〇レストランサービス
ホテル館内の和食、西洋料理3ヶ所のレストランにおけるサービス業務
〇宴会サービス
宴会場で催される会議·懇親会·結婚披露宴等の会場設営やサービス
 (料理、飲物の配膳) 、片付け等の業務
○ベルサービス
《変更範囲:一定期間の業務経験後、フロント、ブライダル、
企画、営業、事務等への配置転換を希望により考慮します。》",890-0062,鹿児島県鹿児島市与次郎1丁目8番10号,,7,0,0,不問,なし,可,なし,なし,130000,208880,あり,あり,29,変形労働時間制 (1ヶ月単位),その他,07:00-16:00,10:00-19:00,14:30-23:30,104,可,令和8年10月1日以降,可,補足事項欄参照,人事総務部 部長代理,仮屋 正之,カリヤ マサユキ,099-253-2312,099-253-2366,soumu@sunroyal.co.jp,"○応募前職場見学を希望の際は、事前に担当者まで
お問い合わせください。7/25·8/8·8/15を予定。
○選考日:9月16日。学科試験·個人面接を行います。
*9月16日以降は随時選考いたします。
○履歴書:手書き·パソコン作成どちらも可","○試用期間:3ヶ月
※研修期間2ヶ月は固定残業代なし (定時勤務·残業なし) 
○就業時間について
 (1) 〜 (3) 以外の就業時間もあります。
各レストランの営業時間や宴会の開始終了に合わせた時間の
交代制勤務になります。 (実働8時間/日) 
○資格取得に向けて、技術や知識を身につけるための支援を
しています。",751,056,056-05,056,056-03,鹿児島県鹿児島市,,,1002,,,,,,,,,,,,,2025年07月16日 10:27,2025年07月16日 10:27,バーコードスキャン,求人番号_46010-779569.pdf,サービスの職業,接客・給仕の職業,旅館・ホテル接客係,接客/サービスに関わる,接客,サービスの職業,接客・給仕の職業,ウエイター・ウエイトレス（飲食店ホール係） 、配ぜん人,接客/サービスに関わる,接客,0,404,身の回り世話従事者,403,飲食物給仕従事者
2025,46020-58169,川内公共職業安定所,4602-100662-1,可,カブシキガイシャサンテックセンダイコウジョウ,株式会社 サンテック 川内工場,895-0044,鹿児島県薩摩川内市青山町5478-35,,代表取締役社長 松元 竜児,6140001048977,https://www.sun-tec.net,90,43,昭和52年,"5,900万円","ラベリングマシーンを初めとしてあらゆる精密機械の設計·製作·
販売を行っている。","ハイテク産業を初めとして一部上場企業を得意先として省力化装置
の開発設計·製造販売を行っており、今後益々発展が期待されます
。",正社員,電気配線,"貼付装置の電気配線·試運転·調整·納品業務 (出張あり) 
「ラベルを貼る」をメインテーマに、ユーザーからの仕様·要求に基づき開発
的な要素のある貼付装置等の製造です。
客先の生産ラインで稼働する装置になります。
納品等に車の運転業務あり。 (AT限定可) 
「変更範囲:事業所の定める業務」",895-0044,鹿児島県薩摩川内市青山町5478-35,,1,0,0,"必須
電気科または機械科の履修者
運転免許は必須。入社後の取得可 (半年以内程度) 
パソコンで資料作りあり (ワード·エクセル使用) ",あり,可,なし,なし,90000,200000,あり,あり,25,変形労働時間制 (1年単位),土日祝 その他,08:25-17:00,,,116,不可,,可,補足事項欄参照,川内工場 工場長,豊福 康宏,トヨフク ヤスヒロ,0996-22-1221,0996-22-1220,,"〇適性検査は個人特性分析検査
〇永年勤続表彰制度
〇産業医への相談制度
〇ideco+ (中小事業主掛金納付制度) 
〇自宅通勤不可能な場合、入社後2年間住宅手当家賃補助1/2
3年目以降の住宅手当10,000円
*通勤手当は、事業所規定あり
*昇給·賞与については、事業所実績による
〇健康経営優良法人2025中小規模法人部門認定","〇変更労働時間制 (1年単位) は、1日の終業時間の変更ではなく
月によって休日数の変更です。
〇通勤について、マイカー通勤·自転車通勤可。自動二輪不可。
*応募前職場見学可 (要:事前連絡) 
〇履歴書:手書き·パソコンどちらでも可
*令和8年 高卒男性1名採用あり",253,007,007-02,,,鹿児島県薩摩川内市,,,0996,,,,,,,,,,,,,2025年07月16日 08:47,2025年07月16日 08:47,バーコードスキャン,求人番号_46020-58169.pdf,研究・技術の職業,製造技術者,電気・電子・電気通信製造技術者（通信ネットワーク・電気工事技術者を除く）,生産/製造に関わる,技術/開発,,,,,,0,082,電気・電子・電気通信技術者（通信ネットワーク技術者を除く）（開発を除く）,,
2025,46020-26969,川内公共職業安定所,4602-100662-1,可,カブシキガイシャサンテックセンダイコウジョウ,株式会社 サンテック 川内工場,895-0044,鹿児島県薩摩川内市青山町5478-35,,代表取締役社長 松元 竜児,6140001048977,https://www.sun-tec.net,90,43,昭和52年,"5,900万円","ラベリングマシーンを初めとしてあらゆる精密機械の設計·製作·
販売を行っている。","ハイテク産業を初めとして一部上場企業を得意先として省力化装置
の開発設計·製造販売を行っており、今後益々発展が期待されます
。",正社員,機械組立,"貼付装置の組立·試運転·調整·納品業務 (出張あり) 
「ラベルを貼る」をメインテーマに、ユーザーからの仕様·要求に基づき開発
的な要素のある貼付装置等の製造です。
客先の生産ラインで稼働する装置になります。
納品等に車の運転業務あり。 (AT限定可) 
「変更範囲:事業所の定める業務」",895-0044,鹿児島県薩摩川内市青山町5478-35,,1,0,0,"必須
電気科または機械科の履修者
運転免許は必須。入社後の取得可 (半年以内程度) 
パソコンで資料作りあり (ワード·エクセル使用) ",あり,可,なし,なし,90000,200000,あり,あり,25,変形労働時間制 (1年単位),土日祝 その他,08:25-17:00,,,116,不可,,可,補足事項欄参照,川内工場 工場長,豊福 康宏,トヨフク ヤスヒロ,0996-22-1221,0996-22-1220,,"〇適性検査は個人特性分析検査
〇永年勤続表彰制度
〇産業医への相談制度
〇ideco+ (中小事業主掛金納付制度) 
〇自宅通勤不可能な場合、入社後2年間住宅手当家賃補助1/2
3年目以降の住宅手当10,000円
*通勤手当は、事業所規定あり
*昇給·賞与については、事業所実績による
〇健康経営優良法人2025中小規模法人部門認定","〇変更労働時間制 (1年単位) は、1日の終業時間の変更ではなく
月によって休日数の変更です。
〇通勤について、マイカー通勤·自転車通勤可。自動二輪不可。
*応募前職場見学可 (要:事前連絡) 
〇履歴書:手書き·パソコンどちらでも可
*令和8年 高卒男性1名採用あり",253,006,006-03,,,鹿児島県薩摩川内市,,,0995,,,,,,,,,,,,,2025年07月16日 08:47,2025年07月16日 08:47,バーコードスキャン,求人番号_46020-26969.pdf,研究・技術の職業,開発技術者,機械開発技術者,生産/製造に関わる,技術/開発,,,,,,0,073,機械技術者（開発）,,
2025,46010-603869,鹿児島公共職業安定所,4601-11756-3,可,イマベップサンギョウ カブシキガイシャ,今別府産業 株式会社,890-0072,鹿児島県鹿児島市新栄町15-7,JR南鹿児島駅 から 徒歩15分,代表取締役 鵜狩 正信,9340001000485,http://www.imabeppu.co.jp/,95,18,昭和37年,"9,100万円","建設資材·住宅設備機器の販売及び 土木、建築工事業、京セラソ
ーラーFCなど","□土木建設資材販売ならびに工事業として、経営理念「環境創り人
財創り」のもと安全で快適な生活環境へ尽力しています。
□創業以来黒字決算",正社員,"土木技術者【福岡支店】
〜道路や橋に関わる土木工事を行います〜","〇技術者として土木·道路の工事を行います。
·道路標識や道路のライン工事、ガードレールやフェンスを設置します。
·大雨や地震等の自然災害で起こる土砂崩れを防止するために山の斜面
 (法面) を工事します。
·ひび割れを修理したり、橋の劣化を食い止め、長く安全に橋が
使えるように工事します。
*初めは先輩社員と現場に同行し、スキルと経験を身につけ、資格取得·
施工管理 (工事のスケジュール·安全·品質管理·協力業者教育) を
行うまとめ役を目指していただきます!《変更範囲:なし》",812-0881,福岡県福岡市博多区井相田3-25-1,南福岡駅 から 徒歩10分,3,0,0,"あれば尚可
·PC (Word·Excel) 操作が可能なこと
·準中型免許:AT限定不可 (入社後の取得可) 
·土木関連資格があれば尚可
 (新卒社員に関しては、入社後に専門資格の取得を目指して
いただくため、応募時点で資格はなくとも問題ありません) ",あり,可,なし,なし,173653,214000,あり,あり,26,変形労働時間制 (1年単位),日祝 その他,08:00-17:15,,,115,可,令和8年11月1日以降,可,随時,総合企画部,鯵坂,アジサカ,099-256-4111,099-256-7118,soumu@imabeppu.co.jp,"□創業以来黒字決算
·業績好調の場合、3回目/年の賞与として決算賞与の支給あり
※昇給·賞与金額は、能力や業績により変動するため平均値を記載
□豊富な社内行事·人財育成 (資格支援制度あり) 
「人財 (ひと) 創り」の理念に基づき、社内行事や、全体会議、
研修などの教育制度が豊富です。社員同士のコミュニケーション
の場も多い為、年齢·性別·部署関わりなく仲の良い社風です。
□健康経営優良法人2025ブライト500認定企業
□履歴書:手書き·パソコンどちらも可","□応募前職場見学可。希望者は担当者までご連絡ください。
□内定から入社まで
·社内行事への招待 ·通信講座 (ビジネスマナーの基礎) 
·入社前研修 (3月:卒業後から入社日まで) 
□新入社員研修·フォロー:新入社員研修実施 (約2週間) 
□定期転勤無し。場合により鹿児島/福岡転勤の可能性有り。
□入居可能住宅ご希望の際にはご相談ください。
□通勤手当:15km以上の場合10,000円支給
□試験日: (福岡会場)  9/16 (水) 
 (鹿児島会場) 9/17 (木) ",531,092,092-01,008,008-06,福岡県福岡市博多区,,,0976,,,,,,あり,,,,,,,2025年07月16日 08:47,2025年07月21日 17:27,バーコードスキャン,求人番号_46010-603869.pdf,建設・土木・電気工事の職業,土木の職業,建設・土木作業員,建設/建築/土木に関わる,土木工事,研究・技術の職業,建築・土木・測量技術者,土木技術者（設計・施工管理を除く）,建設/建築/土木に関わる,その他(建設/建築/土木に関わる),0,681,土木従事者,092,土木技術者
2025,46010-600169,鹿児島公共職業安定所,4601-11756-3,可,イマベップサンギョウ カブシキガイシャ,今別府産業 株式会社,890-0072,鹿児島県鹿児島市新栄町15-7,JR南鹿児島駅 から 徒歩15分,代表取締役 鵜狩 正信,9340001000485,http://www.imabeppu.co.jp/,95,70,昭和37年,"9,100万円","建設資材·住宅設備機器の販売及び 土木、建築工事業、京セラソ
ーラーFCなど","□土木建設資材販売ならびに工事業として、経営理念「環境創り人
財創り」のもと安全で快適な生活環境へ尽力しています。
□創業以来黒字決算",正社員,"建築技術者
〜住宅や公共施設のリフォームを行います〜","〇技術者として、主に住宅や公共施設の工事を行います。
【リフォーム工事】
·古くなった建物の増築·改築工事
·壁や床·扉などの修繕工事
·雨漏りの修繕や、屋根の補修工事 など
*初めは先輩社員と現場に同行し、スキルと経験を身につけ、資格取得·
施工管理 (工事のスケジュール·安全·品質管理·協力業者教育) を行う
まとめ役を目指していただきます!
《変更範囲:なし》",890-0072,鹿児島県鹿児島市新栄町15-7,JR南鹿児島駅 から 徒歩15分,2,0,0,"あれば尚可
·PC (Word·Excel) 操作が可能なこと
·準中型免許:AT限定不可 (入社後取得可) 
·建築関連資格があれば尚可
 (新卒社員に関しては、入社後に専門知識の取得を目指して
いただくため、応募時点で資格はなくとも問題ありません) ",なし,可,なし,なし,173653,214000,あり,あり,26,変形労働時間制 (1年単位),日祝 その他,08:00-17:15,,,115,可,令和8年10月1日以降,可,随時,総合企画部,鯵坂,アジサカ,099-256-4111,099-256-7118,soumu@imabeppu.co.jp,"□創業以来黒字決算
·業績好調の場合、3回目/年の賞与として決算賞与の支給あり
※昇給·賞与金額は、能力や業績により変動するため平均値を記載
□豊富な社内行事·人財育成 (資格支援制度あり) 
「人財 (ひと) 創り」の理念に基づき、社内行事や、全体会議、研
修などの教育制度が豊富です。社員同士のコミュニケーションの場
も多い為、年齢·性別·部署関わりなく仲の良い社風です。
□健康経営優良法人2025ブライト500認定企業
□履歴書:手書き·パソコンどちらも可","□応募前職場見学可。希望者は担当者までご連絡ください。
□内定から入社まで
·社内行事への招待·通信講座 (ビジネスマナーの基礎) 
·入社前研修 (3月:卒業後から入社日まで) 
□新入社員研修·フォロー:新入社員研修実施 (約2週間) 
□定期転勤無し。場合により鹿児島/福岡転勤の可能性有り。
□入居可能住宅ご希望の際にはご相談ください。
□通勤手当:15km以上の場合10,000円支給
□試験日: (福岡会場)  9/16 (水) 
 (鹿児島会場) 9/17 (木) ",531,008,008-02,008,008-01,鹿児島県鹿児島市,,,0975,,,,,,あり,,,,,,,2025年07月16日 08:47,2025年07月21日 17:27,バーコードスキャン,求人番号_46010-600169.pdf,研究・技術の職業,建築・土木・測量技術者,建築施工管理技術者,建設/建築/土木に関わる,その他(建設/建築/土木に関わる),研究・技術の職業,建築・土木・測量技術者,建築設計技術者,建設/建築/土木に関わる,その他(建設/建築/土木に関わる),0,091,建築技術者,091,建築技術者
2025,46010-602969,鹿児島公共職業安定所,4601-11756-3,可,イマベップサンギョウ カブシキガイシャ,今別府産業 株式会社,890-0072,鹿児島県鹿児島市新栄町15-7,JR南鹿児島駅 から 徒歩15分,代表取締役 鵜狩 正信,9340001000485,http://www.imabeppu.co.jp/,95,70,昭和37年,"9,100万円","建設資材·住宅設備機器の販売及び 土木、建築工事業、京セラソ
ーラーFCなど","□土木建設資材販売ならびに工事業として、経営理念「環境創り人
財創り」のもと安全で快適な生活環境へ尽力しています。
□創業以来黒字決算",正社員,"電気技術者
〜太陽光発電設置や配線工事を行います〜","〇技術者として、太陽光発電パネルや蓄電池の設置工事·電気配線工事を
行います。
【屋内電気工事】住宅や公共施設などの建物内でのケーブル配線工事や、
コンセント·ブレーカーの取付工事を行います。
【太陽光発電設置工事】住宅の屋根に、太陽光発電用パネルを設置します。
発電した電気を貯める蓄電池の取付や配線工事も行います。
*初めは先輩社員と現場に同行し、スキルと経験を身につけ、資格取得·
施工管理 (工事のスケジュール·安全·品質管理·協力業者教育) を
行うまとめ役を目指していただきます! 《変更範囲:なし》",890-0072,鹿児島県鹿児島市新栄町15-7,JR南鹿児島駅 から 徒歩15分,2,0,0,"あれば尚可
·PC (Word·Excel) 操作が可能なこと
·準中型免許:AT限定不可 (入社後取得可) 
·電気関連資格があれば尚可
 (新卒社員に関しては、入社後に専門資格の取得を目指して
いただくため、応募時点では資格はなくとも問題ありません) ",なし,可,なし,なし,173653,214000,あり,あり,26,変形労働時間制 (1年単位),日祝 その他,08:00-17:15,,,115,可,令和8年10月1日以降,可,随時,総合企画部,鯵坂,アジサカ,099-256-4111,099-256-7118,soumu@imabeppu.co.jp,"□創業以来黒字決算
·業績好調の場合、3回目/年の賞与として決算賞与の支給あり
※昇給·賞与金額は、能力や業績により変動するため平均値を記載
□豊富な社内行事·人財育成 (資格支援制度あり) 
「人財 (ひと) 創り」の理念に基づき、社内行事や、全体会議、研
修などの教育制度が豊富です。社員同士のコミュニケーションの場
も多い為、年齢·性別·部署関わりなく仲の良い社風です。
□健康経営優良法人2025ブライト500認定企業
□履歴書:手書き·パソコンどちらも可","□応募前職場見学可。希望者は担当者までご連絡ください。
□内定から入社まで
·社内行事への招待·通信講座 (ビジネスマナーの基礎) 
·入社前研修 (3月:卒業後から入社日まで) 
□新入社員研修·フォロー:新入社員研修実施 (約2週間) 
□定期転勤無し。場合により鹿児島/福岡転勤の可能性有り。
□入居可能住宅ご希望の際にはご相談ください。
□通勤手当:15km以上の場合10,000円支給
□試験日: (福岡会場)  9/16 (水) 
 (鹿児島会場) 9/17 (木) ",531,007,007-03,,,鹿児島県鹿児島市,,,0974,,,,,,あり,,,,,,,2025年07月16日 08:47,2025年07月21日 17:26,バーコードスキャン,求人番号_46010-602969.pdf,研究・技術の職業,製造技術者,電気工事技術者,生産/製造に関わる,技術/開発,,,,,,0,082,電気・電子・電気通信技術者（通信ネットワーク技術者を除く）（開発を除く）,,
2025,46010-601669,鹿児島公共職業安定所,4601-11756-3,可,イマベップサンギョウ カブシキガイシャ,今別府産業 株式会社,890-0072,鹿児島県鹿児島市新栄町15-7,JR南鹿児島駅 から 徒歩15分,代表取締役 鵜狩 正信,9340001000485,http://www.imabeppu.co.jp/,95,70,昭和37年,"9,100万円","建設資材·住宅設備機器の販売及び 土木、建築工事業、京セラソ
ーラーFCなど","□土木建設資材販売ならびに工事業として、経営理念「環境創り人
財創り」のもと安全で快適な生活環境へ尽力しています。
□創業以来黒字決算",正社員,"土木技術者
〜道路や橋に関わる土木工事を行います〜","〇技術者として土木·道路の工事を行います。
·道路標識や道路のライン工事、ガードレールやフェンスを設置します。
·大雨や地震等の自然災害で起こる土砂崩れを防止するために山の斜面
 (法面) を工事します。
·ひび割れを修理したり、橋の劣化を食い止め、長く安全に橋が
使えるように工事します。
*初めは先輩社員と現場に同行し、スキルと経験を身につけ、資格取得·
施工管理 (工事のスケジュール·安全·品質管理·協力業者教育) を
行うまとめ役を目指していただきます! 《変更範囲:なし》",890-0072,鹿児島県鹿児島市新栄町15-7,JR南鹿児島駅 から 徒歩15分,3,0,0,"あれば尚可
·PC (Word·Excel) 操作が可能なこと
·準中型免許:AT限定不可 (入社後取得可) 
·土木関連資格があれば尚可
 (新卒社員に関しては、入社後に専門資格の取得を目指して
いただくため、応募時点で資格はなくても問題ありません) ",あり,可,なし,なし,173653,214000,あり,あり,26,変形労働時間制 (1年単位),日祝 その他,08:00-17:15,,,115,可,令和8年10月1日以降,可,随時,総合企画部,鯵坂,アジサカ,099-256-4111,099-256-7118,soumu@imabeppu.co.jp,"□創業以来黒字決算
·業績好調の場合、3回目/年の賞与として決算賞与の支給あり
※昇給·賞与金額は、能力や業績により変動するため平均値を記載
□豊富な社内行事·人財育成 (資格支援制度あり) 
「人財 (ひと) 創り」の理念に基づき、社内行事や、全体会議、研
修などの教育制度が豊富です。社員同士のコミュニケーションの場
も多い為、年齢·性別·部署関わりなく仲の良い社風です。
□健康経営優良法人2025ブライト500認定企業
□履歴書:手書き·パソコンどちらも可","□応募前職場見学可。希望者は担当者までご連絡ください。
□内定から入社まで
·社内行事への招待·通信講座 (ビジネスマナーの基礎) 
·入社前研修 (3月:卒業後から入社日まで) 
□新入社員研修·フォロー:新入社員研修実施 (約2週間) 
□定期転勤無し。場合により鹿児島/福岡転勤の可能性有り。
□入居可能住宅ご希望の際にはご相談ください。
□試験日: (福岡会場)  9/16 (水) 
 (鹿児島会場) 9/17 (木) ",531,008,008-05,008,008-06,鹿児島県鹿児島市,,,0973,,,,,,あり,,,,,,,2025年07月16日 08:47,2025年07月21日 17:26,バーコードスキャン,求人番号_46010-601669.pdf,研究・技術の職業,建築・土木・測量技術者,土木施工管理技術者,建設/建築/土木に関わる,その他(建設/建築/土木に関わる),研究・技術の職業,建築・土木・測量技術者,土木技術者（設計・施工管理を除く）,建設/建築/土木に関わる,その他(建設/建築/土木に関わる),0,092,土木技術者,092,土木技術者
2025,46010-752569,鹿児島公共職業安定所,4601-18695-7,可,コーアツコウギョウ カブシキガイシャ,コーアツ工業 株式会社,890-0008,鹿児島県鹿児島市伊敷五丁目17番5号,,代表取締役 出口 稔,8340001001600,https://www.koatsuind.co.jp,264,116,昭和34年,"13億1,900万円","PC橋梁設計施工、コンクリート二次製品製造販売
基礎杭打等の設計施工","鹿児島県を中心に、九州·全国各地におけるPC橋梁の建設を主力
としており、高い技術を誇る企業として社会に貢献できるよう技術
の開発と新製品の開発に努めている会社です。",正社員,技術職(総合職),"○PC (プレストレスト·コンクリート) 橋梁工事における施工管理
·設計·技術開発·積算·製造管理業務等に従事していただきます。
 (主体となるのは施工管理業務です。入社後、本人の希望·適性お
よび部署の人員状況によって、異動する場合もごさいます。) 
※入社後、研修でPC及び施工管理の知識や技術を学んでいただき、
PC橋梁工事の施工管理補助として従事していただきます。
※施工管理業務の就業場所はPC橋梁工事作業所となります。
※設計·技術開発·積算業務の就業場所は本社となります。
《変更範囲:すべての職種 (営業·事務等) 》",890-0008,"鹿児島県鹿児島市伊敷5丁目17番5号
就業場所:PC橋梁施工現場
(鹿児島県を中心に九州〜関東の現場) もしくは本社 (上記住所)",鹿児島中央駅 から 車17分,0,0,7,"必須
※普通自動車第一種免許 (AT限定可:入社後取得可) ",あり,可,あり,なし,184200,205410,あり,あり,12,,土日 その他,08:00-17:00,08:30-17:30,,116,可,令和8年10月1日以降,可,随時,管理部 主任,小淵 健太郎,コブチ ケンタロウ,099-229-8181,099-220-5338,k-kobuchi@koatsuind.co.jp,"○住宅手当 ※賃貸:15,000円/月 (単身者) 
※実家:12,000円/月
○現場勤務時の手当:現場勤務手当に加え、就業場所により
·地域手当 (九州他県14,736円〜関東46,050円) 
·現場食費手当
·一次官庁手当等の諸手当が支給されます。
○社員寮費:10,000円/月 (Wi-Fi·光熱費込み) 
○履歴書:手書き·パソコン作成どちらも可
○応募前職場見学を希望される場合は事前にご連絡ください。","○選考日については、別途通知します。
○選考試験 (専門·作文)  土木·建築系学科の方:専門試験
それ以外の学科の方:作文試験
○選考旅費:実費相当額
○宿舎:現場まで自宅からの通勤が困難な場合、会社が
借り上げた社宅 (家賃光熱費は全額会社負担) への入居です。",062,008,008-05,008,008-04,鹿児島県鹿児島市,,,0972,,,,,,,,,,,,,2025年07月16日 08:47,2025年07月16日 08:47,バーコードスキャン,求人番号_46010-752569.pdf,研究・技術の職業,建築・土木・測量技術者,土木施工管理技術者,建設/建築/土木に関わる,その他(建設/建築/土木に関わる),研究・技術の職業,建築・土木・測量技術者,土木設計技術者,建設/建築/土木に関わる,その他(建設/建築/土木に関わる),0,092,土木技術者,092,土木技術者
2025,46080-71269,大隅公共職業安定所,4608-7802-6,可,トクザワケンセツカブシキガイシャ,徳澤建設株式会社,899-7301,鹿児島県曽於郡大崎町菱田2593-1,,代表取締役 徳澤 和紀,8340001015245,https://www.tokuzawa.jp/,75,75,昭和21年,"3,800万円",土木工事業,"明るく·楽しく·元気よく をモットーに従業員の福利厚生の充実
、着実な業績向上、堅実な経営をめざしています。若手社員も多数
働いており、技術者·職員の育成に熱心に取り組んでいます。",正社員,建設技能者(オペレータ),"○主に現場で重機械の運転を行います。 (現場作業の手伝いもあります) 
○バックホー·ブルドーザー等の重機は構造物の掘削、積込、土や砕石等の
敷き均しを行っていきます。
〇マカダムローラ·タイヤローラー等の舗装機械は路盤の転圧、
舗装面の転圧を行い仕上げていきます。
〇ユニック車·散水車等は資機材や水等の運搬を行います。
車両系建設機械や移動式クレーン等の資格取得費用は会社が負担します。
《変更範囲:会社の定める業務 詳細は面接時に説明します》",899-7301,鹿児島県曽於郡大崎町菱田2593-1,,2,0,0,"あれば尚可
土木·測量に関する知識",なし,可,なし,なし,210000,210000,あり,あり,13,変形労働時間制 (1年単位),土日 その他,08:00-17:00,,,110,可,令和8年10月1日以降,可,随時,常務,日渡 順一,ヒワタシ ジュンイチ,099-477-1121,099-477-2151,hiwatashi@tokuzawa.co.jp,"○既卒者の応募にはハローワークの紹介状が必要です。
○履歴書:手書き·パソコン作成どちらも可","○会社規定により昇給制度あり
○特別に支払われる手当について
住宅手当…20,000円/月 (借家をかりている30歳未満ま
での職員) ",061,089,089-05,,,鹿児島県曽於郡大崎町,,,0958,,,,,,,,,,,,,2025年07月16日 08:47,2025年07月16日 08:47,バーコードスキャン,求人番号_46080-71269.pdf,配送・輸送・機械運転の職業,施設機械設備操作・建設機械運転の職業,建設機械運転工,運輸/物流に関わる,機械運転,,,,,,0,645,建設・さく井機械運転従事者,,
2025,46080-72569,大隅公共職業安定所,4608-7802-6,可,トクザワケンセツカブシキガイシャ,徳澤建設株式会社,899-7301,鹿児島県曽於郡大崎町菱田2593-1,,代表取締役 徳澤 和紀,8340001015245,https://www.tokuzawa.jp/,75,75,昭和21年,"3,800万円",土木工事業,"明るく·楽しく·元気よく をモットーに従業員の福利厚生の充実
、着実な業績向上、堅実な経営をめざしています。若手社員も多数
働いており、技術者·職員の育成に熱心に取り組んでいます。",正社員,建設ディレクター,"○主に本社での作業で、現場技術者の負担軽減を
ITとコミュニケーションスキルで支援する仕事です。
○具体的には現場で撮影した写真を整理したり、
書類 (計画書·品質管理·出来形管理等) を作成する仕事です。
○ドローンによる測量作業や点群データーの処理等も支援していきます。
《変更範囲:会社の定める業務 詳細は面接時に説明します》",899-7301,鹿児島県曽於郡大崎町菱田2593-1,,2,0,0,不問,なし,可,なし,なし,210000,210000,あり,あり,22,変形労働時間制 (1年単位),土日 その他,08:00-17:00,,,110,可,令和8年10月1日以降,可,随時,常務,日渡 順一,ヒワタシ ジュンイチ,099-477-1121,099-477-2151,hiwatashi@tokuzawa.co.jp,"○既卒者の応募にはハローワークの紹介状が必要です。
○履歴書:手書き·パソコン作成どちらも可","○会社規定により昇給制度あり
○特別に支払われる手当について
住宅手当…20,000円/月 (借家をかりている30歳未満の
職員) ",061,008,008-05,,,鹿児島県曽於郡大崎町,,,0957,,,,,,,,,,,,,2025年07月16日 08:47,2025年07月16日 08:47,バーコードスキャン,求人番号_46080-72569.pdf,研究・技術の職業,建築・土木・測量技術者,土木施工管理技術者,建設/建築/土木に関わる,その他(建設/建築/土木に関わる),,,,,,0,092,土木技術者,,
2025,46080-61069,大隅公共職業安定所,4608-7802-6,可,トクザワケンセツカブシキガイシャ,徳澤建設株式会社,899-7301,鹿児島県曽於郡大崎町菱田2593-1,,代表取締役 徳澤 和紀,8340001015245,https://www.tokuzawa.jp/,75,75,昭和21年,"3,800万円",土木工事業,"明るく·楽しく·元気よく をモットーに従業員の福利厚生の充実
、着実な業績向上、堅実な経営をめざしています。若手社員も多数
働いており、技術者·職員の育成に熱心に取り組んでいます。",正社員,土木技術者,"○土木工事 (道路、橋梁、河川、砂防) を進めるための計画書の作成や、
発注者との打合せを行います。
○構造物が決まった形や寸法になるように測量を行います。
○作業の過程を写真に収め、構造物を管理した書類を作成します。
○作業工程を計画し、進捗を管理していきます。
《業務の変更範囲:会社の定める業務 詳細は面接時に説明します》",899-7301,鹿児島県曽於郡大崎町菱田2593-1,,2,0,0,"あれば尚可
土木·測量に関する知識",なし,可,なし,なし,210000,210000,あり,あり,22,変形労働時間制 (1年単位),土日 その他,08:00-17:00,,,110,可,令和8年10月1日以降,可,随時,常務,日渡 順一,ヒワタシ ジュンイチ,099-477-1121,099-477-2151,hiwatashi@tokuzawa.co.jp,"○既卒者の応募にはハローワークの紹介状が必要です。
○履歴書:手書き·パソコン作成どちらも可","○会社規定により昇給制度あり
○特別に支払われる手当について
住宅手当…20,000円/月 (借家をかりている30歳未満ま
での職員) ",061,008,008-05,,,鹿児島県曽於郡大崎町,,,0956,,,,,,,,,,,,,2025年07月16日 08:47,2025年07月16日 08:47,バーコードスキャン,求人番号_46080-61069.pdf,研究・技術の職業,建築・土木・測量技術者,土木施工管理技術者,建設/建築/土木に関わる,その他(建設/建築/土木に関わる),,,,,,0,092,土木技術者,,
2025,46080-105769,大隅公共職業安定所,4608-613867-3,可,ユウゲンガイシャ ダイシン,有限会社 大森,899-8604,鹿児島県曽於市末吉町諏訪方9009,,代表取締役 大窪 森雄,8340002027520,,18,16,平成17年,"1,000万円","黒牛の生産·肥育、販売
堆肥生産·販売","黒牛5200頭肥育の有限会社ダイユーの系列会社にあたる。
母黒牛685頭、良質な子牛を数多く出荷することを目標としてい
ます。",正社員,黒牛·生産牛の飼育管理,"◎黒牛·生産牛の飼育管理業務全般
○生産牛の飼育管理業務 ○種付 (希望者のみ) 
○餌やり (主にフォークリフト使用)  ○出荷作業
○病気牛の世話補助·治療 ○出産の補助
○子牛の管理 ○牛舎の清掃
○夜間見回り·夜間分娩 (必須ではない) ○その他、付随する業務全般
※フォークリフト·大型特殊の免許がなくても入社後、会社負担で取得してい
ただきます。
《業務の変更範囲:会社の定める業務 詳細は面接時に説明します》",000-0000,"鹿児島県曽於市末吉町岩崎5958-17 (岩崎農場)
鹿児島県曽於市末吉町南之郷1814-1 (橋野農場)
鹿児島県志布志市松山町尾野見3261-1 (松山農場)",,0,0,1,"必須
普通自動車免許 (AT限定不可 入社後取得可) ",あり,可,あり,なし,207500,207500,あり,あり,5,,その他,08:30-17:30,,,65,可,令和8年10月1日以降,可,随時,代表取締役,大窪 森雄,オオクボ モリオ,0986-76-2400,0986-76-8009,,"○就業場所は本人の希望を尊重します。
○作業は機械化を進めており労働力の削減を図っています。
○休日:従業員同士話し合って決めるので希望日に休みやすい環境
です。
○自宅通勤困難な方及び希望者の方には寮があります。
一軒家築約30年 家賃10000円/月 (家電·台所用品完備
水道光熱費は自己負担) 
○通勤手当:会社規定により支給
○既卒者·中退者の応募にはハローワークの紹介状が必要です。
○採用後、研修生への切換相談可。","○基本給:正社員日給8300円×25日=207500円で記載
○昇給·賞与は会社の業績と本人の勤務成績により変動あります。
○特別手当:勤務成績により支給10000円〜/月 (会社規定有
○夜間巡回手当 (夜間分娩手当含む) :2150円〜/日
 (交替制1日約20〜90分) 
○種付妊娠確定手当:500円×頭数
○試用期間:3ヶ月 (日給:8000円) 
○履歴書:手書き·パソコン作成どちらも可",012,064,064-03,,,鹿児島県曽於市,鹿児島県志布志市,,0949,,,,,,,,,,,,,2025年07月16日 10:27,2025年07月16日 10:27,バーコードスキャン,求人番号_46080-105769.pdf,農林漁業の職業,農業の職業（養畜・動物飼育・植木・造園を含む）,家畜・家きん飼育作業員,農林水産業に関わる,農業,,,,,,0,462,養畜従事者,,
2025,46080-106169,大隅公共職業安定所,4608-101490-3,可,ユウゲンガイシャ ダイユー,有限会社ダイユー,899-8604,鹿児島県曽於市末吉町諏訪方9313,,代表取締役 大窪 森雄,5340002028240,,30,15,平成9年,,1.黒牛の肥育·販売、堆肥生産·販売、畑25ha·田30ha,"黒牛5200頭を肥育する会社です。 (主に機械による肥育管理) 
長年の実績を持ち確かな基盤があります。",正社員,黒牛·肥育牛の飼育管理,"◎肥育牛の飼育管理業務
◎機械等での餌やり
◎出荷作業
◎病気牛の世話補助
◎牛舎の清掃
◎その他、付随する業務全般
※フォークリフト·大型特殊免許のがなくても入社後、会社負担で取得してい
ただきます。
《業務の変更範囲:会社の定める業務 詳細は面接時に説明します》",899-8604,鹿児島県曽於市末吉町諏訪方9313,,0,0,1,"必須
普通自動車免許 (AT限定不可 入社後取得可) ",あり,可,あり,なし,207500,207500,あり,なし,,,その他,08:30-17:30,,,65,可,令和8年10月1日以降,可,随時,代表取締役,大窪 森雄,オオクボ モリオ,0986-76-2400,0986-76-8009,,"○作業は機械化を進めており労働力の削減を図っています。
○休日:従業員同士話し合って決めるので希望日に休みやすい環境
です。
○買い付けた牛の飼育、種付け及び出産はありません。
○転勤の可能性
第2農場:曽於市末吉町深川6802-2
○自宅通勤困難な方及び希望者の方へ寮があります。
一軒家築約30年 家賃10000円/月 (家電·台所用品完備
水道光熱費は自己負担) 
○既卒者·中退者の応募にはハローワークの紹介状が必要です。","○基本給:正社員日給8300円×25日=207500円で記載
○賞与:昨年度は新規学卒者の採用がなかったため実績なしですが
新卒者にも支給あります。
○昇給·賞与は会社の業績と本人の勤務成績により変動あります。
○通勤手当:会社規定により支給
○特別手当:勤務成績により支給10000円〜/月 (会社規定有
○試用期間:3ヶ月 (日給:8000円) 
○採用後、研修生への切換相談可。
○履歴書:手書き·パソコン作成どちらも可",012,064,064-03,,,鹿児島県曽於市,,,0948,,,,,,,,,,,,,2025年07月16日 10:27,2025年07月16日 10:27,バーコードスキャン,求人番号_46080-106169.pdf,農林漁業の職業,農業の職業（養畜・動物飼育・植木・造園を含む）,家畜・家きん飼育作業員,農林水産業に関わる,農業,,,,,,0,462,養畜従事者,,
2025,46040-127869,国分公共職業安定所,4604-102243-6,可,ユウゲンガイシャ ユウテック エーユーショップ,有限会社 遊テック (auショップ) ,899-4351,鹿児島県霧島市国分新町1088-1,国分駅 から 車7分,代表取締役 高田 正信,3340002014291,http://www.youtec.jp,28,8,平成7年,300万円,"鹿児島県と宮崎県でauショップ (国分北·谷山·小林中央) を運
営しております。国分北店は県内最大となる大型店舗をもち、これ
までに年間販売台数九州No1を8回獲得した実績のあるお店です","au認定資格に合格すると、賃金がアップします。当社では研修制
度により多くの社員が合格しております。福利厚生では、全店合同
のバーベキュー、海外旅行等のレクリエーションがあります。",正社員,携帯電話等の販売,"○au携帯電話、アクセサリー等の販売、接客などに従事します。
·au携帯電話の特徴などの説明
·料金プランの見直し説明
·新規契約、機種変更、その他手続き
*従事すべき業務の変更範囲:変更なし",886-0003,宮崎県小林市堤2977-72,小林駅駅 から 車8分,3,0,0,不問,あり,可,なし,なし,178000,212995,あり,あり,11,変形労働時間制 (1ヶ月単位),その他,10:00-19:00,,,100,可,令和8年10月1日以降,可,随時,エリアマネージャー,松下,マツシタ,0995-48-7550,0995-50-1968,,"*就業場所に関しては応相談 (国分北、谷山、小林中央) 
*職場内では協調性を大事にしています。
*入社後、他店舗での研修の可能性あり (国分北、谷山、小林中央
) 
*適性検査:CUBIC
*転勤の範囲:霧島市、鹿児島市、小林市
*履歴書:手書き·パソコン作成どちらでも可","·資格手当:15000円〜35000円
·LTV手当:7000円〜40000円
·業績手当 (特別) :10000円〜20000円
·家族手当: 5000円〜20000円
·その他
*応募前職場見学についてはご連絡ください。
日程を調整のうえ開催いたします。",609,045,045-11,,,宮崎県小林市,,,0855,,,,,,,,,,,,,2025年07月14日 13:35,2025年07月14日 13:35,バーコードスキャン,求人番号_46040-127869.pdf,販売・営業の職業,販売員,携帯電話販売店員,販売に関わる,販売,,,,,,0,323,販売店員,,
2025,46040-126969,国分公共職業安定所,4604-102243-6,可,ユウゲンガイシャ ユウテック エーユーショップ,有限会社 遊テック (auショップ) ,899-4351,鹿児島県霧島市国分新町1088-1,国分駅 から 車7分,代表取締役 高田 正信,3340002014291,http://www.youtec.jp,28,8,平成7年,300万円,"鹿児島県と宮崎県でauショップ (国分北·谷山·小林中央) を運
営しております。国分北店は県内最大となる大型店舗をもち、これ
までに年間販売台数九州No1を8回獲得した実績のあるお店です","au認定資格に合格すると、賃金がアップします。当社では研修制
度により多くの社員が合格しております。福利厚生では、全店合同
のバーベキュー、海外旅行等のレクリエーションがあります。",正社員,携帯電話等の販売,"○au携帯電話、アクセサリー等の販売、接客などに従事します。
·au携帯電話の特徴などの説明
·料金プランの見直し説明
·新規契約、機種変更、その他手続き
*従事すべき業務の変更範囲:変更なし",891-0117,鹿児島県鹿児島市西谷山3丁目29—1,慈眼寺駅駅 から 徒歩3分,3,0,0,不問,あり,可,なし,なし,178000,212995,あり,あり,11,変形労働時間制 (1ヶ月単位),その他,10:00-19:00,,,100,可,令和8年10月1日以降,可,随時,エリアマネージャー,松下,マツシタ,0995-48-7550,0995-50-1968,,"*就業場所に関しては応相談 (国分北、谷山、小林中央) 
*職場内では協調性を大事にしています。
*入社後、他店舗での研修の可能性あり (国分北、谷山、小林中央
) 
*適性検査:CUBIC
*転勤の範囲:霧島市、鹿児島市、小林市
*履歴書:手書き·パソコン作成どちらでも可","·資格手当:15000円〜35000円
·LTV手当:7000円〜40000円
·業績手当 (特別) :10000円〜20000円
·家族手当: 5000円〜20000円
·その他
*応募前職場見学についてはご連絡ください。
日程を調整のうえ開催いたします。",609,045,045-11,,,鹿児島県鹿児島市,,,0854,,,,,,,,,,,,,2025年07月14日 13:35,2025年07月14日 13:35,バーコードスキャン,求人番号_46040-126969.pdf,販売・営業の職業,販売員,携帯電話販売店員,販売に関わる,販売,,,,,,0,323,販売店員,,
2025,46040-125669,国分公共職業安定所,4604-102243-6,可,ユウゲンガイシャ ユウテック エーユーショップ,有限会社 遊テック (auショップ) ,899-4351,鹿児島県霧島市国分新町1088-1,国分駅 から 車7分,代表取締役 高田 正信,3340002014291,http://www.youtec.jp,28,13,平成7年,300万円,"鹿児島県と宮崎県でauショップ (国分北·谷山·小林中央) を運
営しております。国分北店は県内最大となる大型店舗をもち、これ
までに年間販売台数九州No1を8回獲得した実績のあるお店です","au認定資格に合格すると、賃金がアップします。当社では研修制
度により多くの社員が合格しております。福利厚生では、全店合同
のバーベキュー、海外旅行等のレクリエーションがあります。",正社員,携帯電話等の販売,"○au携帯電話、アクセサリー等の販売、接客などに従事します。
·au携帯電話の特徴などの説明
·料金プランの見直し説明
·新規契約、機種変更、その他手続き
*従事すべき業務の変更範囲:変更なし",899-4351,鹿児島県霧島市国分新町974-2,国分駅 から 車7分,3,0,0,不問,あり,可,なし,なし,178000,212995,あり,あり,11,変形労働時間制 (1ヶ月単位),その他,10:00-19:00,,,100,可,令和8年10月1日以降,可,随時,エリアマネージャー,松下,マツシタ,0995-48-7550,0995-50-1968,,"*就業場所に関しては応相談 (国分北、谷山、小林中央) 
*職場内では協調性を大事にしています。
*入社後、他店舗での研修の可能性あり (国分北、谷山、小林中央
) 
*適性検査:CUBIC
*転勤の範囲:霧島市、鹿児島市、小林市
*履歴書:手書き·パソコン作成どちらでも可","·資格手当:15000円〜35000円
·LTV手当:7000円〜40000円
·業績手当 (特別) :10000円〜20000円
·家族手当: 5000円〜20000円
·その他
*応募前職場見学についてはご連絡ください。
日程を調整のうえ開催いたします。",609,045,045-11,,,鹿児島県霧島市,,,0853,,,,,,,,,,,,,2025年07月14日 13:35,2025年07月14日 13:35,バーコードスキャン,求人番号_46040-125669.pdf,販売・営業の職業,販売員,携帯電話販売店員,販売に関わる,販売,,,,,,0,323,販売店員,,
2025,46040-250569,国分公共職業安定所,4604-24655-5,可,ユウゲンガイシャ フクナガデンキショウカイ,有限会社 福永電気商会,899-4321,鹿児島県霧島市国分広瀬二丁目11番22号,,代表取締役 益山 健太,9340002014071,https://www.fukunaga-ds.com,9,9,昭和56年,"2,000万円","公共工事·建設業社を中心に様々な施工シーンへの対応、
確実な施工でお客様に評価を頂いております。","昭和56年設立以来、地元に根ざし事業展開しています。
県内大手の大和電機株式会社のグループ企業で電気工事業を主事業
とし、電気の技術を活かし社会に貢献します。",正社員,電気工事士(電気工事士見習い),"◎住宅、民間工事、公共事業等の配線工事業務に従事します。
·住宅、マンション屋内配線工事
·店舗、事務所、ビル等の新築 (改修) 工事
·公共施設の電気設備工事
·換気、空調設備工事
·道路照明新設工事
·交通信号機新設業務
·その他の不随する業務
※従事すべき業務の変更の範囲:変更なし",899-4321,鹿児島県霧島市国分広瀬二丁目11番22号,,1,0,0,"あれば尚可
普通自動車免許:AT限定可 (入社後の取得可) ",なし,可,なし,なし,161400,219600,あり,あり,16,,日祝 その他,07:50-17:00,,,120,可,令和8年10月1日以降,可,随時,代表取締役,益山,マスヤマ,0995-46-2139,0995-45-8516,career-f@fukunaga-ds.com,"◎昇給·賞与
前年度に新規学卒者の採用実績がなかったことにより
実績が空欄になっていますが、制度はあります。
昇給:年1回 (7月) 
初年度はなし、2年目以降より1800円〜
·入社日については後日ご連絡します。
※履歴書:手書き·PC作成どちらでも可","·資格取得費用補助、資格取得祝金 (対象資格) 
·資格手当:3,000〜23,000円 (就業規則に準ずる) 
·健康経営優良法人2025認定 (年1回の健康診断があり) 
·親睦会行事 (社員研修旅行等) ",081,094,094-05,007,007-03,鹿児島県霧島市,,,0788,,,,,,,,,,,,,2025年07月14日 08:30,2025年07月14日 08:30,バーコードスキャン,求人番号_46040-250569.pdf,建設・土木・電気工事の職業,電気・通信工事の職業,電気工事作業員,建設/建築/土木に関わる,電気工事,研究・技術の職業,製造技術者,電気工事技術者,生産/製造に関わる,技術/開発,0,679,その他の電気工事従事者,082,電気・電子・電気通信技術者（通信ネットワーク技術者を除く）（開発を除く）
2025,46040-249869,国分公共職業安定所,4604-101299-8,不可,ヤマトデンキカブシキガイシャ,大和電機 株式会社,899-4463,鹿児島県霧島市国分下井2297-10,,"代表取締役
岩崎 健太",,http://www.yamato-sun.com/,32,24,昭和53年,"2,000万円",電気工事及び太陽光発電システムの販売·施工,"電気工事業を主軸に、再生可能エネルギーの普及やCO2排出量削 減支援に取り組み、持続可能な社会の実現に貢献。鹿児島県A級業
者としての公共工事実績多数。経産省「GXリーグ」参画企業。",正社員,電気工事士(電気工事士見習い),"○一般電気工事や太陽光発電、オール電化製品に関する施工工事に 従事していただきます。
建物に関する電気設備工事が主ですが、現場管理業務も行います。
■内線工事 (電気配線と空調·照明器具取付など)  ■太陽光の電気工事、蓄電池·EV充電器の工事など
■現場管理· 施工管理·積算見積·図面作成 (経験を積み) 
■その他付随する業務
*従事すべき業務の変更範囲:変更なし",899-4463,鹿児島県霧島市国分下井2297-10「霧島本社」 〒899-3101 鹿児島県日置市日吉町日置2864「日置事業所」,,2,0,0,"あれば尚可
· 第二種電気工事士 (入社後取得可) 
· 普通自動車運転免許 (A T限定可、入社後取得可)  787 テ
·基本的な PC操作 (文字入力ができれば可) 
'08. 7. 13
進路指导",あり,可,なし,なし,161400,219600,あり,あり,19,,日祝 その他,07:50-17:00,,,120,可,令和8年10月1日以降,可,随時,経営企画室 採用担当,谷山 陽子,タニヤマ ヨウコ,099-283-2111,099-299-0012,career@yamato-sun.com,"*就業場所:「霧島本社」「日置事業所」 いずれか居住地の近くなど相談に応じます。
*応募前職場見学歓迎します。事前にご連絡ください。
*選考方法:面接 (予定回数1~2回) 
*履歴書:手書き·PC作成どちらでも可
*月給内訳:社内規定として賃金支払いの際は、
固定残業代を基本給に含み支給しています。
*賞与:基本給 (固定残業手当含み) を基準に賞与を算定 *賞与:初年度は年2回 (6月·12月) 1ヶ月分予定、 2年目以降は2ヶ月分予定 (前年実績による) ","*昇給:初年度はなし、2年目以降から1800円~ (昇給7月)  *資格取得費用補助、資格取得祝金 (対象資格)  *資格手当:3,000~23,000円 (就業規則に準じる)  *健康経営優良法人2025認定 (年1回の健康診断があり)  *ISO9001· ISO14001 · ISO45001 認証取得 *水素水導入·ライフサポート制度 *地域プロスポーツ観戦チケット進呈制度 *親睦会行事 (社員研修旅行等)  *男性女性育休取得実績あり *工事部平均年齢は31歳と若く活気があります。",081,007,007-03,094,094-05,鹿児島県霧島市,鹿児島県日置市,,0787,,,,,,,,,,,,,2025年07月14日 08:43,2025年07月14日 08:43,PDFアップロード,20250714082738-2.pdf,研究・技術の職業,製造技術者,電気工事技術者,生産/製造に関わる,技術/開発,建設・土木・電気工事の職業,電気・通信工事の職業,電気工事作業員,建設/建築/土木に関わる,電気工事,0,082,電気・電子・電気通信技術者（通信ネットワーク技術者を除く）（開発を除く）,679,その他の電気工事従事者
2025,46030-132969,鹿屋公共職業安定所,4603-615153-9,可,ナンシュウノウジョウカブシキガイシャ クロブタノオカ,南州農場株式会社 くろぶたの丘,893-0053,鹿児島県鹿屋市浜田町1250番地,,代表取締役社長 本田 玲子,1340001014773,https://www.nanshunojo.or.jp,172,35,平成23年,"1,000万円","ハム·ソーセージ等の食品加工やレストラン、直売所、体験コーナ
ー等","豚、牛の生産から処理、加工、販売までの一貫体制のもと、安心安
全な食肉を提供しています。",正社員,"製造職【ハム·ソーセージ、
しゃぶしゃぶ肉、味噌漬け肉等の製造】","◎かごしま黒豚を原料として、ハム·ソーセージやしゃぶしゃぶ肉
味噌漬け肉などを製造します。
◎完成した製品の包装·ラベル貼り·箱詰め作業もあります。
◎ワード·エクセル等の基本的な入力業務 (先輩社員が丁寧に指導します) 
●入社後は、グループ企業で1ヵ月程度の研修を行います。
◇畜産物の生産·処理·加工·販売までの一貫経営をしている
南州農場の加工場として、安心安全な製品作りを推進しています。
【変更範囲:会社の定める業務】",893-0053,鹿児島県鹿屋市浜田町1250番地,,2,0,0,"必須
普通自動車運転免許 (AT限定可) 
※入社後取得可",あり,可,なし,なし,200000,200000,あり,あり,5,変形労働時間制 (1年単位),土日 その他,08:00-17:20,,,105,可,令和8年10月1日以降,可,随時,総務部,石松さくら,イシマツサクラ,0994-47-2929,0994-47-2900,,"*新卒者入社日:令和9年4月1日
*試用期間あり:3ヶ月 (労働条件変更なし) 
*通勤手当 :距離に応じて支給
*履歴書 :手書き·パソコン作成どちらも可
★応募前職場見学歓迎します!!★
見学をご希望の方は、お気軽にご連絡ください。","【就業場所】
くろぶたの丘·鹿屋食品加工場 2ヵ所のどちらかになります。
【転勤の可能性】
農場 (佐多·田代·根占·野尻野) 、と畜カット処理場 (肝付) 
飲食店 (鹿屋·福岡) 
*本人の希望を考慮した上でグループ企業内での転勤の可能性も
あります。
 (南州農場·南州ミート·南州ファーム·南州エコプロジェクト) 
◆令和8年6月26日「公正な採用·選考のために」等にて説明済",091,072,072-02,,,鹿児島県鹿屋市,,,0779,,,,,,,,,,,,,2025年07月14日 08:30,2025年07月14日 08:30,バーコードスキャン,求人番号_46030-132969.pdf,製造・修理・塗装・製図等の職業,製品製造・加工処理工（食料品等）,食肉加工工,生産/製造に関わる,製造/加工(食料品),,,,,,0,533,食料品製造従事者,,
2025,46030-133869,鹿屋公共職業安定所,4603-615153-9,可,ナンシュウノウジョウカブシキガイシャ クロブタノオカ,南州農場株式会社 くろぶたの丘,893-0053,鹿児島県鹿屋市浜田町1250番地,,代表取締役社長 本田 玲子,1340001014773,https://www.nanshunojo.or.jp,172,35,平成23年,"1,000万円","ハム·ソーセージ等の食品加工やレストラン、直売所、体験コーナ
ー等","豚、牛の生産から処理、加工、販売までの一貫体制のもと、安心安
全な食肉を提供しています。",正社員,営業職,"◎既存取引先訪問·商談、新規顧客との商談·提案など
かごしま黒豚などの加工品を、小売店や飲食店にご紹介することが
主な仕事となります。
*ワード、エクセル等の基本的な入力業務
 (先輩社員が丁寧に指導いたします) 
●入社後は、グループ企業で1ヵ月程度の研修を行います。
【変更範囲:会社の定める業務】",893-0053,鹿児島県鹿屋市浜田町1250番地,,1,0,0,"必須
普通自動車免許 (AT限定可) 
※入社後取得可",あり,可,なし,なし,200000,200000,あり,あり,5,変形労働時間制 (1年単位),土日 その他,08:00-17:20,,,105,可,令和8年10月1日以降,可,随時,総務部,石松さくら,イシマツサクラ,0994-47-2929,0994-47-2900,,"◇生産·処理·加工·販売までの一貫経営をしている南州農場の
営業として、安心安全な製品をお客様へご紹介しています。
*新卒者入社日:令和9年4月1日
*試用期間あり:3ヶ月 (労働条件変更なし) 
*通勤手当 :距離に応じて支給
*履歴書 :手書き·パソコン作成どちらも可
★応募前職場見学歓迎します!!★
見学をご希望の方は、お気軽にご連絡ください。","【転勤の可能性】
農場 (佐多·田代·根占·野尻野) 、と畜カット処理場 (肝付) 
飲食店 (鹿屋·福岡) 
*本人の希望を考慮した上でグループ企業内での転勤の可能性も
あります。
 (南州農場·南州ミート·南州ファーム·南州エコプロジェクト) 
◆令和8年6月26日「公正な採用·選考のために」等にて説明済",091,048,048-01,,,鹿児島県鹿屋市,,,0778,,,,,,,,,,,,,2025年07月14日 08:30,2025年07月14日 08:30,バーコードスキャン,求人番号_46030-133869.pdf,販売・営業の職業,営業の職業,飲食料品営業員,営業に関わる,営業,,,,,,0,341,食料品営業職業従事者,,
2025,46010-111669,鹿児島公共職業安定所,4601-2220-7,可,テイコクソウコウンユカブシキガイシャ,帝国倉庫運輸株式会社,891-0131,鹿児島県鹿児島市谷山港3丁目1番24号,,代表取締役 前田昭博,9340001002845,https://www.teikoku-kk.jp/,112,20,昭和48年,"9,500万円",倉庫業,"昭和5年帝国倉庫運輸株鹿児島支店として設置。
昭和48年5月鹿児島帝国倉庫株として独立。
県内屈指の倉庫面積を保有。",正社員,"総合職【志布志営業部】(商品の出し入れ、
在庫管理、倉庫での現場作業等)","〇商品の出し入れ、保管、在庫管理
〇PCへの伝票入力、請求書発行
〇作業スタッフへの指示、監督
〇ドライバーの運行管理
〇サイロシステムの機械操作、メンテナンス
《変更範囲:総務、経理》",899-7103,"鹿児島県志布志市志布志町志布志字若浜3301番地
帝国倉庫運輸株式会社 志布志営業所",,2,0,0,"必須
普通自動車一種免許 (AT限定可、入社後の取得可) 
一般的なパソコン操作 (エクセル、ワード) ",あり,可,なし,なし,193000,221400,あり,あり,15,変形労働時間制 (1年単位),日祝 その他,08:00-17:00,,,109,可,令和8年10月1日以降,可,随時,志布志営業部 部長,松崎 誠一,マツザキ セイイチ,099-472-0815,099-472-0834,shibushi@teikoku-kk.jp,"*応募前職場見学を7月1日より随時行っておりますので、
希望される場合は事前に担当者あてに連絡をお願いします。
応募前職場見学への参加の有無によって採否を決定するもの
ではありません。
*その他福利厚生:資格·免許取得支援制度、制服·安全靴貸与、
総合福祉団体保険制度
*履歴書:手書き·パソコン作成どちらでも可","*特別に支払われる手当について
·扶養手当:当社の規定に該当した場合
*マイカー通勤可について
·車検証、任意保険、自賠責保険、免許証のコピー提出が
必要です",471,095,095-03,034,034-01,鹿児島県志布志市,,,0776,,,,,,,,,,,,,2025年07月14日 08:30,2025年07月14日 08:30,バーコードスキャン,求人番号_46010-111669.pdf,運搬・清掃・包装・選別等の職業,荷役・運搬作業員,倉庫作業員,運輸/物流に関わる,倉庫/作業,事務的職業,一般事務・秘書・受付の職業,一般事務員,事務に関わる,一般事務,0,704,倉庫作業従事者,257,総合事務員
2025,46080-38369,大隅公共職業安定所,4608-101407-3,可,ユウゲンガイシャ トノマキショウジ,有限会社 外牧商事,899-7102,鹿児島県志布志市志布志町帖6514,志布志駅 から 徒歩10分,代表取締役 外牧 いち子,4340002027648,https://tonomaki.com/,40,40,昭和58年,"1,000万円",太陽光発電、携帯電話販売代理店業,"当社は携帯販売店を鹿児島県内で7店舗、宮崎市で1店舗を展開。
丁寧な接客とチームワークを重視した、地域密着型のサービスを
提供し続けることを心掛けてます。",正社員,"携帯電話ショップでの販売活動及び
サービス説明","携帯電話ショップにご来店されたお客様に対し、
携帯電話に関する接客·販売業務を行っていただきます。
【主な仕事内容】
·機種変更、新規契約などの受付·ご案内
·料金プランや割引キャンペーンのご提案
·スマートフォンの操作案内
·各種お問い合わせ対応
·店内業務、事務作業 など 【業務の変更範囲:会社の定める業務】",000-0000,"鹿児島県内·宮崎市内 (以下8店舗から選んで応募)
·SB:志布志、笠之原、隼人国分、中山バイパス、吉野、奄美
·au鹿屋旭原 (志布志新町と兼務) 、au南宮崎",,5,0,0,"あれば尚可
当社が求めるのは、特別な経験や携帯電話の知識がある方ではあり
ません。
お客様に喜んでいただきたいという気持ちを持ち、仲間と協力しな
がら前向きに成長できる方です。
携帯ショップの仕事は、一人で成果を出す仕事ではなく、店舗全体
でお客様を支える仕事です。そのため、チームワークを大切にし、
相手の立場に立って行動できる方を歓迎します。",あり,可,なし,なし,180000,200000,あり,あり,15,,その他,10:00-19:00,09:00-18:00,,110,可,令和8年10月1日以降,可,随時,取締役管理本部長,外牧 幸将,トノマキ ユキマサ,070-9189-1272,099-479-3878,yukimasa.tonomaki@tonomakishoji.com,"◆試用期間3か月。試用期間中の労働条件変更あり。
●職務手当:15,000円 (試用期間) 
◇通勤困難地域からの就業者は別途、
初期費用負担および月額家賃補助あり。
※通勤困難の判断は会社で別途決定。補助は上限あり。
◆会社の判断により、遠方からの応募者は交通費を支給。
◇日々の頑張りを全10種類以上の手当で毎月評価します!
●達成手当 (役職·個人·店舗実績に応じます) 
●資格手当 (10,000円から最大100,000円) 
●管理手当 (副店長以上) など","○就業場所
·ソフトバンク志布志:志布志市志布志町志布志3-2319-3
·ソフトバンク笠之原:鹿屋市笠之原町26-34
·ソフトバンク隼人国分:霧島市隼人町見次300-1
·ソフトバンク中山バイパス:鹿児島市東谷山6-33-27
·ソフトバンク吉野:鹿児島市吉野4丁目41番1号
·ソフトバンク奄美:奄美市名瀬小浜町4ー28AISビルB棟1
·auショップ鹿屋旭原:鹿屋市旭原町2723-3
·auショップ南宮崎:宮崎市大字恒久草葉924
○履歴書:手書き·パソコン作成どちらも可",609,045,045-11,,,鹿児島県志布志市,鹿児島県鹿屋市,鹿児島県鹿児島市,0771,,,,,,,,,,,,,2025年07月14日 08:30,2025年07月14日 08:30,バーコードスキャン,求人番号_46080-38369.pdf,販売・営業の職業,販売員,携帯電話販売店員,販売に関わる,販売,,,,,,0,323,販売店員,,
2025,46010-947369,鹿児島公共職業安定所,4601-625841-8,可,カブシキガイシャ アーステクノ,株式会社 アーステクノ,890-0072,鹿児島県鹿児島市新栄町26番6号,,代表取締役 宇都 忠和,8340001000206,https://www.e-tcn.co.jp,93,53,昭和42年,"3,083万円","建設業 (土木一式·とび土工コンクリート工事·管工事·さく井工
事·水道施設工事·塗装工事) 、地質調査業、建設コンサルタント
業、測量業等","企業理念「地域に貢献する人材を育成する」「社員と家族の幸福を
追求する」を定め、人材育成に最大限注力し、地域社会への貢献を
目指します。令和6年がん対策推進優良企業·くるみん認定。",正社員,試験室(土質検査·解析),"地質調査により採取した土·岩石の試験·計測を行い、地盤の状態を診断する
ためのデータを取得するお仕事です。
このデータは後の建設作業において、その土地の安全性などを示す重要なもの
になります。具体的には、土質·岩石試験、原位置試験、品質管理試験を行い
ます。
※入社後は、試験方法や土·岩の特徴などをじっくり理解できるよう先輩が
サポートしていきます。
《変更範囲:なし》",899-0502,鹿児島県出水市野田町下名5522番地,肥薩おれんじ鉄道 野田郷駅 から 徒歩5分,2,0,0,"あれば尚可
普通自動車運転免許
※業務でMT車使用のためAT限定不可。
※入社後取得可能。",あり,可,なし,なし,210000,210000,あり,あり,20,,土日祝 その他,08:00-17:00,,,125,可,令和8年10月1日以降,可,随時,総務部,洲崎·山口,スサキ·ヤマグチ,0996-84-2331,0996-84-4223,yamaguchi.y@e-tcn.co.jp,"○応募前職場見学を希望の際は、事前に担当者までお問い合わせく
ださい。
○転勤:本人の希望に応じ本社 (鹿児島市) ·本店 (出水市) 間
で転勤可能。※本社は鹿児島市新栄町26番6号です。
○履歴書:手書き·パソコン作成いずれも可。
★建設キャリアアップシステム (CCUS) 登録事業所です★","※通勤手当は通勤距離 (2km以上) に応じて支給します。
※有資格者に対する資格手当制度あり。
※熱中症対策手当支給 (7月〜9月) 
※住宅·勤務地手当は転勤可能社員へ支給する。 (転勤選択制) ",089,011,011-99,,,鹿児島県出水市,,,0769,,,,,,,,,,,,,2025年07月14日 13:15,2025年07月14日 13:15,バーコードスキャン,求人番号_46010-947369.pdf,研究・技術の職業,その他の技術の職業,他に分類されない技術の職業,情報処理/通信技術に関わる,その他(情報処理/通信技術に関わる),,,,,,0,119,その他の技術者,,
2025,46010-948269,鹿児島公共職業安定所,4601-625841-8,可,カブシキガイシャ アーステクノ,株式会社 アーステクノ,890-0072,鹿児島県鹿児島市新栄町26番6号,,代表取締役 宇都 忠和,8340001000206,https://www.e-tcn.co.jp,93,53,昭和42年,"3,083万円","建設業 (土木一式·とび土工コンクリート工事·管工事·さく井工
事·水道施設工事·塗装工事) 、地質調査業、建設コンサルタント
業、測量業等","企業理念「地域に貢献する人材を育成する」「社員と家族の幸福を
追求する」を定め、人材育成に最大限注力し、地域社会への貢献を
目指します。令和6年がん対策推進優良企業·くるみん認定。",正社員,現業職(土木·さく井工事),"○工事現場及びさく井·地質調査現場の工事作業業務
未経験者でも無理なく仕事になれることができるよう先輩がサポートしていき
ます。鹿児島県の地盤·地質は、多様性に富んでおり、その地質調査、地下水
開発は、豊富な経験を積んだボーリング調査·井戸掘削の職人技によって支え
られています。ボーリング技士や、さく井技士は、いろんな場所に行って出張
が多くなりますが、伸び伸びと仕事をすることが出来ます。
*作業現場は内容により鹿児島県一円 (離島を含む) となります。
《変更範囲:なし》",899-0502,鹿児島県出水市野田町下名5522番地,肥薩おれんじ鉄道 野田郷駅 から 徒歩5分,2,0,0,不問,あり,可,なし,なし,210000,210000,あり,あり,20,,土日祝 その他,08:00-17:00,,,125,可,令和8年10月1日以降,可,随時,総務部,洲崎·山口,スサキ·ヤマグチ,0996-84-2331,0996-84-4223,yamaguchi.y@e-tcn.co.jp,"○応募前職場見学を希望の際は、事前に担当者までお問い合わせく
ださい。
○転勤:本人の希望に応じ本社 (鹿児島市) ·本店 (出水市) 間
で転勤可能。※本社は鹿児島市新栄町26番6号です。
○出張について
育児·介護等により出張できない方は、相談に応じ勤務条件を決
定します。現場へは、事務所に集合し一緒に向かいます。
○履歴書:手書き·パソコン作成いずれも可。
★建設キャリアアップシステム (CCUS) 登録事業所です★","※通勤手当は通勤距離 (2km以上) に応じて支給します。
※有資格者に対する資格手当制度あり
※熱中症対策手当支給 (7月〜9月) 
※住宅·勤務地手当は転勤可能社員へ支給する。 (転勤選択制) 
◆技術士·土木施工管理技術者·地質調査技士·地すべり防止工事
士等の資格所有者は優遇します。",089,092,092-01,089,089-05,鹿児島県出水市,,,0768,,,,,,,,,,,,,2025年07月14日 13:15,2025年07月14日 13:15,バーコードスキャン,求人番号_46010-948269.pdf,建設・土木・電気工事の職業,土木の職業,建設・土木作業員,建設/建築/土木に関わる,土木工事,配送・輸送・機械運転の職業,施設機械設備操作・建設機械運転の職業,建設機械運転工,運輸/物流に関わる,機械運転,0,681,土木従事者,645,建設・さく井機械運転従事者
2025,46010-946069,鹿児島公共職業安定所,4601-625841-8,可,カブシキガイシャ アーステクノ,株式会社 アーステクノ,890-0072,鹿児島県鹿児島市新栄町26番6号,,代表取締役 宇都 忠和,8340001000206,https://www.e-tcn.co.jp,93,53,昭和42年,"3,083万円","建設業 (土木一式·とび土工コンクリート工事·管工事·さく井工
事·水道施設工事·塗装工事) 、地質調査業、建設コンサルタント
業、測量業等","企業理念「地域に貢献する人材を育成する」「社員と家族の幸福を
追求する」を定め、人材育成に最大限注力し、地域社会への貢献を
目指します。令和6年がん対策推進優良企業·くるみん認定。",正社員,"土木現場監督職(斜面防災設計、測量、現場
管理、工程管理)","工事現場及びさく井·地質調査現場の管理業務を行います。未経験者でも無理
なく仕事になれることができるよう、3年間程度は経験者の主任監督の補助と
して、施工状況の写真を撮影したり、書類の取りまとめを行っていただきます
。
*作業現場は内容により鹿児島県一円となります (離島を含む) 。
*育児·介護等により出張できない方は、相談に応じ勤務条件を決定します。
*現場へは、事務所に集合し一緒に向かいます。
《変更範囲:なし》",899-0502,鹿児島県出水市野田町下名5522番地,肥薩おれんじ鉄道 野田郷駅 から 徒歩5分,2,0,0,"あれば尚可
普通自動車運転免許
※業務でMT車使用のためAT限定不可。
※入社後取得可能。",あり,可,なし,なし,210000,210000,あり,あり,20,,土日祝 その他,08:00-17:00,,,125,可,令和8年10月1日以降,可,随時,総務部,洲崎·山口,スサキ·ヤマグチ,0996-84-2331,0996-84-4223,yamaguchi.y@e-tcn.co.jp,"○応募前職場見学を希望の際は、事前に担当者までお問い合わせく
ださい。
○転勤:本人の希望に応じ本社 (鹿児島市) ·本店 (出水市) 間
で転勤可能。※本社は鹿児島市新栄町26番6号です。
○履歴書:手書き·パソコン作成いずれも可。
★建設キャリアアップシステム (CCUS) 登録事業所です★","※通勤手当は通勤距離 (2km以上) に応じて支給します。
※有資格者に対する資格手当制度あり。
※熱中症対策手当支給 (7月〜9月) 
※住宅·勤務地手当は転勤可能社員へ支給する。 (転勤選択制) 
◆技術士·土木施工管理技術者·地質調査技士、地すべり防止工事
士等の資格所有者は優遇します。",089,008,008-04,008,008-05,鹿児島県出水市,,,0767,,,,,,,,,,,,,2025年07月14日 13:15,2025年07月14日 13:15,バーコードスキャン,求人番号_46010-946069.pdf,研究・技術の職業,建築・土木・測量技術者,土木設計技術者,建設/建築/土木に関わる,その他(建設/建築/土木に関わる),研究・技術の職業,建築・土木・測量技術者,土木施工管理技術者,建設/建築/土木に関わる,その他(建設/建築/土木に関わる),0,092,土木技術者,092,土木技術者
2025,46010-829169,鹿児島公共職業安定所,4601-625841-8,可,カブシキガイシャ アーステクノ,株式会社 アーステクノ,890-0072,鹿児島県鹿児島市新栄町26番6号,,代表取締役 宇都 忠和,8340001000206,https://www.e-tcn.co.jp,93,37,昭和42年,"3,083万円","建設業 (土木一式·とび土工コンクリート工事·管工事·さく井工
事·水道施設工事·塗装工事) 、地質調査業、建設コンサルタント
業、測量業等","企業理念「地域に貢献する人材を育成する」「社員と家族の幸福を
追求する」を定め、人材育成に最大限注力し、地域社会への貢献を
目指します。令和6年がん対策推進優良企業·くるみん認定。",正社員,技術職(地質プロジェクトマネージャー職),"○主に地質調査の現場管理および報告書作成を行います。
この仕事は、建設の初期段階において地盤に問題がないか
調査をするものであり、私たちの生活インフラを支える大切なお仕事です。
入社当初 (1〜3年間程度) は先輩社員のもとで業務の流れを学びます。
地域環境を守り、現場管理ができるようになったら一人前となります。
鹿児島の地形、地質や地盤について知識を蓄積し、県や市町村などの公共の
発注者からも認められる技術者として成長できるようサポートします。
*作業場所:離島含む鹿児島県内一円 (宿泊を伴う出張あり) 
《変更範囲:なし》",890-0072,鹿児島県鹿児島市新栄町26番6号,,2,0,0,"あれば尚可
*普通自動車運転免許 (AT限定不可·入社後取得可) 
※社用車 (AT又はMT) を使用して現地調査に向かうため。",あり,可,なし,なし,210000,210000,あり,あり,20,,日祝 その他,08:30-17:30,,,125,可,令和8年10月1日以降,可,随時,総務部,川添·川畑,カワゾエ·カワバタ,0996-84-2331,0996-84-4223,yamaguchi.y@e-tcn.co.jp,"○応募前職場見学歓迎。希望の際は、事前に担当者まで
お問い合わせください。
○地域社会に密着した営業活動を行っています。
○社員の業務知識向上の為、資格取得·講習会等積極的に推進中。
○作業服およびヘルメットは支給します。
○有給休暇:1時間単位取得可
○通学:応相談
○履歴書:手書き·パソコン作成どちらも可","*通勤手当:通勤距離に応じて支給 (2km以上) 
公共交通機関利用の場合は定期代等支給
*家族手当:配偶者·両親·子一人につき5,000円支給
*資格手当:保有資格に応じ1,000円〜150,000円支給
*昇給·賞与:業績による
*住宅·勤務地手当:転勤可能な社員へ支給
★建設キャリアアップシステム (CCUS) 登録事業者です★",089,011,011-99,089,089-05,鹿児島県鹿児島市,,,0766,,,,,,,,,,,,,2025年07月14日 13:15,2025年07月14日 13:15,バーコードスキャン,求人番号_46010-829169.pdf,研究・技術の職業,その他の技術の職業,他に分類されない技術の職業,情報処理/通信技術に関わる,その他(情報処理/通信技術に関わる),配送・輸送・機械運転の職業,施設機械設備操作・建設機械運転の職業,建設機械運転工,運輸/物流に関わる,機械運転,0,119,その他の技術者,645,建設・さく井機械運転従事者
2025,46010-830869,鹿児島公共職業安定所,4601-625841-8,可,カブシキガイシャ アーステクノ,株式会社 アーステクノ,890-0072,鹿児島県鹿児島市新栄町26番6号,,代表取締役 宇都 忠和,8340001000206,https://www.e-tcn.co.jp,93,37,昭和42年,"3,083万円","建設業 (土木一式·とび土工コンクリート工事·管工事·さく井工
事·水道施設工事·塗装工事) 、地質調査業、建設コンサルタント
業、測量業等","企業理念「地域に貢献する人材を育成する」「社員と家族の幸福を
追求する」を定め、人材育成に最大限注力し、地域社会への貢献を
目指します。令和6年がん対策推進優良企業·くるみん認定。",正社員,技術職(試験室),"○地質調査で採取した土·岩石を解析·分析し、地盤を診断するための
データを取得するお仕事です。
この作業は、建設において重要な「地盤の安全性」などを把握するうえで
重要なものとなります。具体的には土質、岩石試験、原位置試験、品質管理
試験を行います。必要な知識やスキルをじっくりと身につけることができる
よう、先輩がサポートします。
未経験で入社し、経験を積んでスキルを身につけた先輩もいます。
《変更範囲:なし》",890-0072,鹿児島県鹿児島市新栄町26番6号,,2,0,0,"あれば尚可
*普通自動車運転免許 (AT限定不可·入社後取得可) 
※社用車 (AT又はMT) を使用して現地調査に向かうため。",あり,可,なし,なし,210000,210000,あり,あり,20,,日祝 その他,08:30-17:30,,,125,可,令和8年10月1日以降,可,随時,総務部,川添·川畑,カワゾエ·カワバタ,0996-84-2331,0996-84-4223,yamaguchi.y@e-tcn.co.jp,"○応募前職場見学歓迎。希望の際は、事前に担当者まで
お問い合わせください。
○地域社会に密着した営業活動を行っています。
○社員の業務知識向上の為、資格取得·講習会等積極的に推進中。
○作業服およびヘルメットは支給します。
○有給休暇:1時間単位取得可
○通学:応相談
○履歴書:手書き·パソコン作成どちらも可","*通勤手当:通勤距離に応じて支給 (2km以上) 
公共交通機関利用の場合は定期代等支給
*家族手当:配偶者·両親·子一人につき5,000円支給
*資格手当:保有資格に応じ1,000円〜150,000円支給
*昇給·賞与:業績による
*住宅·勤務地手当:転勤可能な社員へ支給
★建設キャリアアップシステム (CCUS) 登録事業者です★",089,011,011-99,,,鹿児島県鹿児島市,,,0765,,,,,,,,,,,,,2025年07月14日 13:15,2025年07月14日 13:15,バーコードスキャン,求人番号_46010-830869.pdf,研究・技術の職業,その他の技術の職業,他に分類されない技術の職業,情報処理/通信技術に関わる,その他(情報処理/通信技術に関わる),,,,,,0,119,その他の技術者,,
2025,46030-56269,鹿屋公共職業安定所,4603-103167-0,可,ユウゲンガイシャ フクエイセツビ,有限会社 福栄設備,893-1602,鹿児島県鹿屋市串良町有里4102-2,,代表取締役 福永 博文,1340002027015,http://www.fukueisetsubi.co.jp,21,21,平成15年,300万円,浄化槽設置工事·水道工事·電気工事·インドアゴルフ練習場,社員一同、協力し明るく楽しい雰囲気の中で仕事をしています。,正社員,"配管·電気工事技術者(鹿屋市または鹿児島
市)","◎地域の暮らしを支える水道·電気工事の仕事です。
*戸建住宅·集合住宅·店舗等の新築工事およびリフォーム工事における配管
·配線工事、設備機器の設置作業
*水まわりや電気設備の修理·メンテナンス作業
*現場写真の管理、見積書作成および積算業務
*生活に欠かせないライフラインに関わる仕事で、一生役立つ知識や技術を身
につけることができます。
★業務に慣れるまでは先輩社員が同行し、丁寧に指導·サポートしますので安
心して働けます。",893-1602,"鹿児島県鹿屋市串良町有里4102-2
鹿児島県鹿児島市宮ノ浦町3054-1:鹿児島営業所
本人の希望により、就業先は選択できます。",,0,0,2,"あれば尚可
普通自動車運転免許 (AT限定可) 
※入社後の取得可
*社用車の大半がMT車のため、入社後にAT限定解除をお願いし
ています。 (補助制度あり) 
*業務に必要な資格は、経験を積みながら段階的に取得できるよう
会社がサポートします。 (取得費用補助あり) ",なし,可,あり,あり,200000,200000,あり,あり,5,,日 その他,08:00-17:30,,,105,可,令和8年10月1日以降,可,随時,代表取締役,福永 博文,フクナガ,0994-63-1006,0994-63-1005,,"*新卒者入社日:令和9年4月1日
*試用期間 :3ヶ月 (日給:8,800円〜
その他の条件変更なし) 
*昇給·賞与 :業績によるため、金額等は明示できません。
*通勤手当 :距離に応じて支給します (上限10,000円) 
*社宅について:1戸建 (6名までのシェアタイプ各1部屋貸与) 
自己負担額は、状況に応じるため明示できません
*履歴書 :手書き·パソコン作成どちらも可","☆応募前職場見学歓迎します☆
ご希望の方は、学校を通じてお気軽にご連絡ください。
◆令和8年6月16日「公正な採用·選考のために」等にて説明済
【変更範囲】:変更無し",083,091,091-06,094,094-05,鹿児島県鹿児島市,鹿児島県鹿屋市,,0735,,,,,,あり,,,,,,,2025年07月13日 09:34,2025年07月16日 06:27,バーコードスキャン,求人番号_46030-56269.pdf,建設・土木・電気工事の職業,建設の職業（建設躯体工事の職業を除く）,配管工,建設/建築/土木に関わる,建築,建設・土木・電気工事の職業,電気・通信工事の職業,電気工事作業員,建設/建築/土木に関わる,電気工事,0,666,配管従事者,679,その他の電気工事従事者
2025,46010-557069,鹿児島公共職業安定所,4601-928339-0,可,カブシキガイシャアルヒ,株式会社Aluhi,891-1305,鹿児島県鹿児島市宮之浦町3504番4,鹿児島駅,代表取締役 田中世吾,3340001026544,,1,1,令和6年,300万円,水道工事·浄化槽工事·電気工事,"若手敏腕社長 (優しくてイケメン) の指導の下、最新でスマートな
技術を学びながら楽しく働く事ができます。",正社員,配管工·電気工事,"◎地域の暮らしを支える水道·電気工事の仕事です。
*戸建住宅·集合住宅·店舗等の新築工事およびリフォーム工事における
配管·配線工事、設備機器の設置作業
*水まわりや電気設備の修理·メンテナンス作業
*現場写真の管理、見積書作成および積算業務
*生活に欠かせないライフラインに関わる仕事で、一生役立つ知識や技術を
身につけることができます。
★業務に慣れるまでは先輩社員が同行し、丁寧に指導·サポートしますので
安心して働けます。 《変更範囲:なし》",891-1305,"鹿児島県鹿児島市宮之浦町3504番4
鹿児島県鹿屋市串良町有里4102番地2",鹿児島駅,0,0,2,"あれば尚可
普通自動車運転免許 (AT限定可) 
※入社後の取得可
*社用車の大半がMT車のため、入社後にAT限定解除をお願いし
ています。 (補助制度あり) 
*業務に必要な資格は、経験を積みながら段階的に取得できるよう
会社がサポートします。 (取得費用補助あり) ",なし,可,あり,なし,200000,200000,あり,あり,5,変形労働時間制 (1ヶ月単位),日 その他,08:00-17:30,,,105,可,令和8年10月1日以降,可,随時,代表取締役,採用担当者,,099-294-4772,099-294-4772,,"○応募前職場見学を希望される場合は、事前に担当者まで
ご連絡ください。
○試用期間:3ヶ月 (労働条件:日給8,800円〜) 
○履歴書:手書き·パソコン作成どちらも可",*雇用保険は採用後に加入します。,083,091,091-06,094,094-05,鹿児島県鹿児島市,鹿児島県鹿屋市,,0734,,,,,,あり,,,,,,,2025年07月13日 09:34,2025年07月16日 06:12,バーコードスキャン,求人番号_46010-557069.pdf,建設・土木・電気工事の職業,建設の職業（建設躯体工事の職業を除く）,配管工,建設/建築/土木に関わる,建築,建設・土木・電気工事の職業,電気・通信工事の職業,電気工事作業員,建設/建築/土木に関わる,電気工事,0,666,配管従事者,679,その他の電気工事従事者
2025,46010-330369,鹿児島公共職業安定所,4601-928612-5,可,クボタカコウキカブシキガイシャ カゴシマジギョウショ,久保田化工機株式会社 鹿児島事業所,891-0202,鹿児島県鹿児島市喜入中名町1000-31,JR指宿枕崎線中名駅 から 徒歩5分,鹿児島事業所長 立石忠浩,8020001017117,https://www.kce-plant.co.jp/,37,4,昭和27年,"3,000万円","建設業 (石油基地、油槽所等での石油タンクおよび配管の新設補修
工事) ","ENEOS喜入基地、志布志石油備蓄および油槽所の鉄工関係の仕
事を年間を通じ受注。施工範囲は、タンク補修、配管新設補修、石
油基地等の機器 (ポンプ、バルブ等) の点検整備等幅広い。",正社員,タンクおよび配管工事の監督[肝属],"○石油タンクや配管等の補修·新設工事の監督業務が主な仕事です。
○顧客は主に志布志石油備蓄基地や油槽所等です。
○工事監督は、顧客の要求に基づき見積書の作成、工事施工方法の検討、
資材の調達、顧客との調整、下請け会社への指揮、工程·安全の管理等を
行う現場責任者です。
*入社後は、先輩社員の指導のもと必要な知識を段階的に学んでいきます。
《変更範囲:設計 (CAD) への変更可能性あり》",893-1615,鹿児島県肝属郡東串良町川東新洲崎5024-1,,2,0,0,"必須
*普通自動車運転免許 (AT限定不可·入社後取得可) ",なし,可,なし,なし,225000,228000,あり,あり,16,,土日祝 その他,08:00-17:00,,,122,可,令和8年10月1日以降,可,随時,鹿児島事業所長,立石忠浩,タテイシタダヒロ,099-345-0755,099-345-0067,tateishi@kce-plant.co.jp,"○応募前職場見学を希望の際は、事前に担当者まで
お問い合わせください。
○マイカー通勤:規定により任意保険加入必須
○選考場所については、鹿屋市内に変更可能性あり
○履歴書:手書き·パソコン作成どちらも可","○半休制度あり
○手当について
通勤手当:距離に応じ支給
資格合格祝金:施工管理技士1級100,000円
資格手当:施工管理技士1級5000円/月
住宅手当:3000円〜8000円/月
役付き手当:主任以上4000円〜100,000円
○期末手当支給のケースあり。
 (2025年3月は5万円〜10万円) ",083,091,091-06,008,008-05,鹿児島県肝属郡東串良町,,,0621,,,,,,,,,,,,,2025年07月09日 13:34,2025年07月09日 13:34,バーコードスキャン,求人番号_46010-330369.pdf,建設・土木・電気工事の職業,建設の職業（建設躯体工事の職業を除く）,配管工,建設/建築/土木に関わる,建築,研究・技術の職業,建築・土木・測量技術者,土木施工管理技術者,建設/建築/土木に関わる,その他(建設/建築/土木に関わる),0,666,配管従事者,092,土木技術者
2025,46010-418869,鹿児島公共職業安定所,4601-928620-5,可,カブシキガイシャハマテック カゴシマシテン,"株式会社ハマテック
鹿児島支店",891-0202,鹿児島県鹿児島市喜入中名町1000-31,JR指宿枕崎線中名駅 から 徒歩5分,鹿児島支店長 立石忠浩,4020002044551,https://hama-tec.co.jp,21,6,昭和44年,300万円,"建設業 (石油備蓄基地および油槽所等での配管、機器等の保全業務
) ","ENEOS喜入基地および志布志石油備蓄内で年間を通じ設備 (タ
ンク、配管、ポンプ、バルブ類) の保全業務を親会社である久保田
化工機から受注している。",正社員,タンク及び配管の工事施工【東串良町】,"○主に志布志石油備蓄基地内でのタンクおよび配管工事の施工ならびに石油基
地内の機器の点検整備等を親会社である久保田化工機から請け負っている。
*タンク本体の補修
*タンク付属設備 (バルブ等) の分解点検整備
*配管の溶接補修
*基地内ポンプの分解点検整備
*種々の機器類の故障個所の補修
《変更範囲:なし》",893-1615,鹿児島県肝属郡東串良町川東新洲崎5024-1,,2,0,0,"あれば尚可
普通自動車免許 (AT限定不可、入社後の取得可) ",なし,可,なし,なし,225000,225000,あり,あり,20,,土日祝 その他,08:00-17:00,,,122,可,令和8年10月1日以降,可,随時,鹿児島支店長,立石 忠浩,タテイシ タダヒロ,099-345-2674,099-345-0067,tateishi@kce-plant.co.jp,"○半休制度あり
○履歴書:手書き·パソコン作成どちらも可
○選考場所については、鹿屋市内に変更の可能性あり
○応募前職場見学について
希望の際には事前に担当者までお問い合わせください。","○資格合格祝金:溶接士JPIE種1級 5万円
資格手当:溶接技能士各種専門級取得 それぞれ月額2000円
役付手当は、主任以上4000円〜10万円
○期末手当の支給のケース有:2025年3月は5万円〜10万円
○選考旅費、赴任旅費:実費支給",083,091,091-99,091,091-06,鹿児島県肝属郡東串良町,,,0620,,,,,,,,,,,,,2025年07月09日 12:48,2025年07月09日 12:48,バーコードスキャン,求人番号_46010-418869.pdf,建設・土木・電気工事の職業,建設の職業（建設躯体工事の職業を除く）,その他の建設の職業,建設/建築/土木に関わる,建築,建設・土木・電気工事の職業,建設の職業（建設躯体工事の職業を除く）,配管工,建設/建築/土木に関わる,建築,0,669,その他の建設従事者,666,配管従事者
2025,46040-11969,国分公共職業安定所,4604-101140-8,可,シャカイフクシホウジンツボミノカイショウガイシャシエンシセツ ツカワキ,社会福祉法人つぼみの会 障害者支援施設 つかわき,899-4461,鹿児島県霧島市国分上之段2287-1,,理事長 福永 政和,8340005002529,https://tubominokai.com,30,29,平成2年,,知的障害者、自閉症者の生活支援び作業活動支援,知的障害者を入所させ支援する福祉施設である。,正社員,生活支援員,"1.利用者の生活支援業務全般に従事します。
ア) 利用者の日常生活 (食事、入浴、日中活動等) を支援します。
イ) 利用者支援の日誌や、活動内容をパソコンを使用して記録します。
ウ) 利用者のレクリェーション等の外出を支援します。
2.パソコンを使用して、計画書等文書を作成します。",899-4461,鹿児島県霧島市国分上之段2287-1,,2,0,0,"必須
普通自動車1種免許 (AT限定可) 
【入社後取得可】",なし,可,なし,なし,157900,212795,あり,あり,2,変形労働時間制 (1ヶ月単位),その他,08:30-17:30,07:00-16:00,10:00-19:00,102,可,令和8年10月1日以降,可,随時,施設長,福 永,フクナガ,0995-48-2776,0995-48-2865,,"*就業時間において、 (4) 17:00〜翌日10:00の夜勤が
月3〜4回あります。
* (1) 〜 (4) のシフト勤務です。
*その他手当 (会社規定による) 
·扶養手当 上限31,500円
·住居手当 上限25,000円","*従事すべき業務の変更範囲:変更なし
*履歴書:手書き·パソコン作成どちらでも可",855,049,049-04,,,鹿児島県霧島市,,,0587,,,,,,,,,,,,,2025年07月09日 11:56,2025年07月09日 11:56,バーコードスキャン,求人番号_46040-11969.pdf,福祉・介護の職業,福祉・介護の専門的職業,障害者福祉施設指導専門員,医療/福祉に関わる,介護,,,,,,0,162,福祉施設指導専門員,,
2025,46010-387669,鹿児島公共職業安定所,4601-104954-2,可,カブシキガイシャオーリック,株式会社オーリック,890-0033,鹿児島県鹿児島市西別府町2941番地26,,代表取締役 濱田龍太郎,9340001001814,,1485,39,昭和24年,"5,000万円","酒類食品販売業
【県女性活躍推進宣言企業】","業務用酒類卸販売で九州一円のネットワークを構築しています。ま
た、業務スーパーを数店舗運営しています。",正社員,"業務スーパー店舗スタッフ【熊本市】
業務スーパー南高江店","〇オーリックが運営している『業務スーパー』で正社員として、
スーパー部門·惣菜部門·青果部門·精肉部門を経験していただき、
配属先を決定します。
·商品の品出しや売場づくり、レジ対応、店舗運営
·惣菜の調理、野菜や果物のカット·陳列、肉のカット·パック詰め
《変更範囲:なし》",861-4106,"熊本県熊本市南区南高江6丁目6-16
業務スーパー南高江店",,3,0,0,不問,あり,可,なし,なし,186500,227700,あり,あり,20,変形労働時間制 (1年単位),その他,07:00-16:00,09:00-18:00,12:00-21:00,110,不可,,可,随時,人事課,森永,モリナガ,099-298-5600,099-283-2515,a-morinaga@alliq.co.jp,"○転勤の可能性:下記店舗のいずれか
【鹿児島県】谷山店、上荒田店、真砂店、姶良店、鹿屋店、
出水店、川内店
【熊本県】南高江店
○履歴書:手書き·パソコン作成どちらも可","○応募前職場見学を希望される場合は事前にご連絡ください。
○就業時間は (1)  (2)  (3) のシフト制で、週40時間以内で
調整します。",585,045,045-05,045,045-06,熊本県熊本市南区,,,0579,,,,,,,,,,,,,2025年07月09日 08:54,2025年07月09日 08:54,バーコードスキャン,求人番号_46010-387669.pdf,販売・営業の職業,販売員,食品スーパーマーケット販売店員,販売に関わる,販売,販売・営業の職業,販売員,飲食料品販売店員,販売に関わる,販売,0,323,販売店員,323,販売店員
2025,46040-90569,国分公共職業安定所,4604-21529-6,可,カブシキガイシャ キリシマエッグ,株式会社 霧島エッグ,899-4202,鹿児島県霧島市霧島永水3925-4,,代表取締役社長 竹下 泰皓,6340001008168,https://kirishima-egg.com/company/,217,29,昭和45年,"3,000万円","採卵場の育成·飼育ならびに、鶏卵の生産、販売等養鶏に関する一
切の業務。
鶏糞の加工·販売","近代設備を整え、自動化された大型養鶏場で、チームワークを、モ
ットーに新鮮鶏卵の供給を着実に延ばしている。",正社員,"鶏卵の製造に伴う選別·検品及び生産管理業
務(末吉GP)","○鶏卵の製造、包装作業を中心とした業務に従事していただきます。
·鶏卵の選別作業
·検品〜包装〜出荷における一連の業務
·製造ラインにおける生産および品質管理
·その他付随する業務
·従事すべき業務の変更の範囲:業務全般",899-8606,"鹿児島県曽於市末吉町深川5341
「末吉GPセンター」",,3,0,0,"必須
普通自動車1種免許
 (AT限定可) 
⇒入社後、取得可
*入社時までに普通自動車1種免許 (AT限定可) を取得しておく
事が望ましい。",あり,可,なし,なし,206808,206808,あり,あり,30,,その他,08:00-17:00,,,77,可,令和8年10月1日以降,可,補足事項欄参照,人事·総務課長,池田 誠,イケダ マコト,0995-57-1197,0995-57-1675,kirishima.egg@xqd.biglobe.ne.jp,"*基本給=日給8617円×24.0日で算出
*鶏卵検査の為、視力 (0.8以上コンタクトレンズ·メガネ可) 
*応募前職場見学実施予定 (日程は打ち合わせにより決定します) 
*36協定:注文の集中と納期の切迫に対処するため、時間外労働
及び休日労働を合算した時間数は、1箇月について100時間未満
でなければならず、かつ2箇月から6箇月までを平均して
80時間を超過しないこと。
*履歴書:手書き、パソコン作成どちらも可。","*鶏病の予防の為、自宅にて鳥類を飼育している、ご家族が鳥類
関係のお仕事をされている方はご遠慮願います。
·学生間と職場でのコミュニケーションは、異なる事を充分に理解
することを望む。
·職場環境、業務の理解を深め、適正な職業選択に活かして欲し
い。",012,064,064-03,098,098-01,鹿児島県曽於市,,,0542,,,,,,あり,,,,,,,2025年07月09日 08:29,2025年07月21日 17:29,バーコードスキャン,求人番号_46040-90569.pdf,農林漁業の職業,農業の職業（養畜・動物飼育・植木・造園を含む）,家畜・家きん飼育作業員,農林水産業に関わる,農業,運搬・清掃・包装・選別等の職業,選別・ピッキング作業員,選別作業員,運輸/物流に関わる,倉庫/作業,1,462,養畜従事者,739,その他の運搬・清掃・包装等従事者
2025,46040-92769,国分公共職業安定所,4604-21529-6,可,カブシキガイシャ キリシマエッグ,株式会社 霧島エッグ,899-4202,鹿児島県霧島市霧島永水3925-4,,代表取締役社長 竹下 泰皓,6340001008168,https://kirishima-egg.com/company/,217,22,昭和45年,"3,000万円","採卵場の育成·飼育ならびに、鶏卵の生産、販売等養鶏に関する一
切の業務。
鶏糞の加工·販売","近代設備を整え、自動化された大型養鶏場で、チームワークを、モ
ットーに新鮮鶏卵の供給を着実に延ばしている。",正社員,施設及び養鶏管理業務(末吉農場),"○養鶏に関する全般の業務に従事していただきます。
·鶏の飼養管理業務
·施設内の保全、整備、清掃、消毒業務
·器具、機械の保守メンテナンス業務
·その他付随する業務
·従事すべき業務の変更の範囲:業務全般",899-8606,"鹿児島県曽於市末吉町深川5360
「末吉農場」",,3,0,0,"必須
普通自動車1種免許
 (AT限定可) 
⇒入社後、取得可
*入社時までに普通自動車1種免許 (AT限定可) を取得しておく
事が望ましい。",あり,可,なし,なし,206808,206808,あり,あり,2,,その他,08:00-17:00,,,77,可,令和8年10月1日以降,可,補足事項欄参照,人事·総務課長,池田 誠,イケダ マコト,0995-57-1197,0995-57-1675,kirishima.egg@xqd.biglobe.ne.jp,"*基本給=日給8617円×24.0日で算出
*養鶏に関する全般業務に従事します
*応募前職場見学実施予定 (日程は打ち合わせにより決定します) 
*36協定:注文の集中と納期の切迫に対処するため、時間外労働
及び休日労働を合算した時間数は、1箇月について100時間未満
でなければならず、かつ2箇月から6箇月までを平均して80時間
を超過しないこと。
*履歴書:手書き、パソコン作成どちらも可。","*鶏病の予防の為、自宅にて鳥類を飼育している、ご家族が鳥類
関係のお仕事をされている方はご遠慮願います。
·学生間と職場でのコミュニケーションは、異なる事を充分に理解
しておくことを望む。
·職場環境、業務の理解を深め、適正な職業選択に活かして欲し
い。",012,064,064-03,096,096-99,鹿児島県曽於市,,,0541,,,,,,あり,,,,,,,2025年07月09日 08:29,2025年07月21日 17:28,バーコードスキャン,求人番号_46040-92769.pdf,農林漁業の職業,農業の職業（養畜・動物飼育・植木・造園を含む）,家畜・家きん飼育作業員,農林水産業に関わる,農業,運搬・清掃・包装・選別等の職業,清掃・洗浄作業員,その他の清掃・洗浄作業員,接客/サービスに関わる,清掃,1,462,養畜従事者,719,その他の清掃従事者
2025,46010-413469,鹿児島公共職業安定所,4601-14462-9,可,カブシキガイシャ ナンコウ,株式会社 南光,891-0132,鹿児島県鹿児島市七ツ島二丁目1番地,,代表取締役社長 上田平 勝一,7340001003044,http://www.nanko.co.jp/,237,38,昭和46年,1億円,金属二次加工,"近代技術をもつ南九州最大の工場である。川内·都城等にも工場を
有する。",正社員,生産管理事務職(都城工場),"○生産管理·設計業務
お客様より頂いた図面を展開し、加工図を工場へ流し製品加工·
組立業務へつなげる仕事です。
また製品が出来上がるまでの工程管理を行います。
 (顧客対応·発注·受注·営業等) 
※入社後、教育·研修を行います。
《変更範囲:なし》",885-0004,"宮崎県都城市都北町7460-1
株式会社 南光 都城工場",,2,0,0,"必須
*普通自動車一種免許 (AT限定可) 入社後取得可",なし,可,なし,なし,187000,201200,あり,あり,10,変形労働時間制 (1年単位),土日 その他,08:00-17:20,,,110,可,令和8年10月1日以降,可,補足事項欄参照,総務課長,黒田 政司,クロダ マサシ,099-263-0890,099-262-3551,info@nanko.co.jp,"○賃金等について:借家に居住している場合住宅手当を別途支給
○決算手当 (賞与) について:年度業績に応じて支給
○年次有給休暇を計画的に利用できます。
リフレッシュ休暇/アニバーサリー休暇/一斉付与休暇 計5日
○所定の労働日·休日·始業終業時刻は勤務シフト表により決定し
週平均の労働時間を法定労働時間に設定します。","○応募前職場見学について、希望の際は
事前に担当者までお問い合わせください。
○モノづくりに興味があれば、学科は問いません。
○9月17日以降の選考日については、別途通知します。
○選考旅費:一律1,000円支給
○履歴書:手書き·パソコン作成どちらも可
※https://e-jinzai.net/nanko/
も是非ご覧ください。",259,039,039-01,,,宮崎県都城市,,,0502,,,,,,,,,,,,,2025年07月08日 15:47,2025年07月08日 15:47,バーコードスキャン,求人番号_46010-413469.pdf,事務的職業,生産関連事務の職業,生産現場事務員,事務に関わる,生産事務,,,,,,1,271,生産現場事務員,,
2025,46010-416669,鹿児島公共職業安定所,4601-14462-9,可,カブシキガイシャ ナンコウ,株式会社 南光,891-0132,鹿児島県鹿児島市七ツ島二丁目1番地,,代表取締役社長 上田平 勝一,7340001003044,http://www.nanko.co.jp/,237,38,昭和46年,1億円,金属二次加工,"近代技術をもつ南九州最大の工場である。川内·都城等にも工場を
有する。",正社員,技能職(都城工場),"機械技能職 1 NC工作機械 (レーザー工程、ワイヤーフォーミング工程) 
2 ロボット溶接機を用いた加工
溶接技能職 1 アーク溶接
2 ティグ溶接
3 玉掛技能·クレーン運転
※入社後、教育·研修を行います。
《変更範囲:なし》",885-0004,"宮崎県都城市都北町7460-1
株式会社 南光 都城工場",,2,0,0,"必須
*普通自動車一種免許 (AT限定可) 入社後取得可",なし,可,なし,なし,187000,201200,あり,あり,10,変形労働時間制 (1年単位),土日 その他,08:00-17:20,,,110,可,令和8年10月1日以降,可,補足事項欄参照,総務課長,黒田 政司,クロダ マサシ,099-263-0890,099-262-3551,info@nanko.co.jp,"○賃金等について:借家に居住している場合住宅手当を別途支給
○決算手当 (賞与) について:年度業績に応じて支給
○年次有給休暇を計画的に利用できます。
リフレッシュ休暇/アニバーサリー休暇/一斉付与休暇 計5日
○所定の労働日·休日·始業終業時刻は勤務シフト表により決定し
週平均の労働時間を法定労働時間に設定します。","○応募前職場見学について、希望の際は
事前に担当者までお問い合わせください。
○モノづくりに興味があれば、学科は問いません。
○9月17日以降の選考日については、別途通知します。
○選考旅費:一律1,000円支給
○履歴書:手書き·パソコン作成どちらも可
※https://e-jinzai.net/nanko/
も是非ご覧ください。",259,071,071-06,071,071-13,宮崎県都城市,,,0501,,,,,,,,,,,,,2025年07月08日 15:47,2025年07月08日 15:47,バーコードスキャン,求人番号_46010-416669.pdf,製造・修理・塗装・製図等の職業,製品製造・加工処理工（金属製品）,数値制御金属工作機械工,生産/製造に関わる,製造/加工(金属),製造・修理・塗装・製図等の職業,製品製造・加工処理工（金属製品）,金属溶接・溶断工,生産/製造に関わる,製造/加工(金属),0,523,金属工作機械作業従事者,528,金属溶接・溶断従事者
2025,46040-161369,国分公共職業安定所,4604-914825-6,可,ヤワタキンゾク カブシキガイシャ コクブコウジョウ,八幡金属 株式会社 国分工場,899-4317,鹿児島県霧島市国分上野原テクノパーク7番1号,,代表取締役 社長 河木 徳夫,2130001045913,http://www.ymetal.kokubu.jp,309,86,昭和26年,"5,380万円","1自動車部品向け/電子部品向けプレス金型設計·製作プレス加工
2電気部品·半導体製造装置部品·ロボット産業部品·その他産業
機器部品向けの精密部品加工 3風力発電機の製造","当社は、たゆみなく前進する近代工業に即応した新しい加工方法の
開発と高度な精密部品の生産に努力しております。
【2603-80198-5】*パンフレット:画像あり",正社員,マシニングセンタオペレーター,"○工場内にてマシニングセンタ切削加工オペレーター (コンピューター制御の
工作機械を使って金属や樹脂を高精度に削り出す専門職) 業務に従事する。
■主な仕事の流れ
 (1) 段取り、セットアップ  (2) プログラムの確認、入力
 (3) 加工、監視
 (4) 寸法検査、調整
 (CAD·CAMプログラム作成、顕微鏡による寸法検査) 
※当初はオペレーターの助手として作業し経験を通じて専門教育指導していき
ます。",899-4317,鹿児島県霧島市国分上野原テクノパーク7番1号,,3,0,0,"あれば尚可
エクセル·ワードの理解度、スキル。",なし,可,なし,なし,145000,210000,あり,あり,5,変形労働時間制 (1年単位),土日 その他,08:10-17:00,,,105,可,令和8年10月1日以降,可,随時,総務課 総務部長,福 崎 健 二,フクザキ ケンジ,0995-46-7887,0995-46-8699,fukuzaki@yawata-metal.co.jp,"*応募前職場見学:随時受け付けてます
*試用期間:3ヶ月 時給1100円
*履歴書:手書き·パソコン作成どちらでも可
*従事すべき業務の変更範囲:会社が定める業務","*昇給·賞与
前年度に新規学卒者の採用実績がなかったことにより実績が空欄
になっていますが、制度はあります。
 (過去実績) 昇給:3000円〜15000円
賞与:年1回、1ヶ月分",273,071,071-06,071,071-12,鹿児島県霧島市,,,0499,,,,,,,,,,,,,2025年07月08日 15:37,2025年07月08日 15:37,バーコードスキャン,求人番号_46040-161369.pdf,製造・修理・塗装・製図等の職業,製品製造・加工処理工（金属製品）,数値制御金属工作機械工,生産/製造に関わる,製造/加工(金属),製造・修理・塗装・製図等の職業,製品製造・加工処理工（金属製品）,金属製器具・建具・金型等製造工,生産/製造に関わる,製造/加工(金属),0,523,金属工作機械作業従事者,529,その他の製品製造・加工処理従事者（金属製品）
2025,46040-43769,国分公共職業安定所,4604-100060-9,可,フクナガケンセツ カブシキガイシャ,福永建設 株式会社,899-5231,鹿児島県姶良市加治木町反土16-35,JR加治木駅 から 徒歩10分,代表取締役 福永 和則,9340001007992,,40,40,昭和54年,"3,800万円","建設業
*事業所パンフレットあり","総合建設業として創業以来、誠意と技術で豊かな地域社会づくりと
、快適な住環境を提供する事をモットーに、若いスタッフがお客様
第一主義で、自然にやさしい環境づくりに頑張っております。",正社員,現場施工管理(土木),"未来をつくる仕事に挑戦しませんか?
土木工事の現場で、測量や施工管理を担当し、安全で快適な街づくりを支える
仕事です。設計や書類管理も行い、工事のスムーズな進行をサポートします。
未経験でも安心!先輩がしっかりサポートしながら、実践的なスキルを身につ
けられます。
*従事すべき業務の変更範囲:変更なし",899-5231,鹿児島県姶良市加治木町反土16-35,JR加治木駅 から 徒歩10分,1,0,0,"あれば尚可
土木に関する科目の履修者優遇
2級土木施工管理技士 (1次試験合格者) ",なし,可,あり,なし,185000,215000,あり,あり,10,,土日 その他,08:00-17:00,,,112,可,令和8年10月1日以降,可,随時,代表取締役,福永 和則,フクナガ カズノリ,0995-63-0400,0995-63-0901,soumu@fukunaga-k.net,"*希望する方には、会社と相談の上、OJT (実務研修) を受けな
がら専門学校へ通学することが可能です。学費は会社が負担するた
め、自己負担はありません。働きながらスキルを身につけ、資格取
得を目指せます。
*履歴書:手書き·パソコン作成どちらでも可
*現場範囲:鹿児島県内一円","※昇給:制度はありますが、5月を基準とし、入社して1年後の5
月を予定しています。そのため求人票上、前年度実績なしと記載し
ています。
*業務に関する知識を問う試験:60分程度
*作文:800〜1200字、60分程度",061,008,008-05,,,鹿児島県姶良市,,,0488,,,,,,あり,,,,,,,2025年07月08日 15:37,2025年07月16日 06:02,バーコードスキャン,求人番号_46040-43769.pdf,研究・技術の職業,建築・土木・測量技術者,土木施工管理技術者,建設/建築/土木に関わる,その他(建設/建築/土木に関わる),,,,,,0,092,土木技術者,,
2025,46040-44169,国分公共職業安定所,4604-100060-9,可,フクナガケンセツ カブシキガイシャ,福永建設 株式会社,899-5231,鹿児島県姶良市加治木町反土16-35,JR加治木駅 から 徒歩10分,代表取締役 福永 和則,9340001007992,,40,40,昭和54年,"3,800万円","建設業
*事業所パンフレットあり","総合建設業として創業以来、誠意と技術で豊かな地域社会づくりと
、快適な住環境を提供する事をモットーに、若いスタッフがお客様
第一主義で、自然にやさしい環境づくりに頑張っております。",正社員,現場施工管理(建築),"建築のプロを目指しませんか?
建物の設計や施工管理を通じて、安全で快適な空間をつくる仕事です。現場で
の測量や監督業務に加え、設計や書類管理も担当し、建築プロジェクトを支え
ます。
未経験でも安心!先輩がしっかりサポートしながら、実践的なスキルを身につ
けられます。
*従事すべき業務の変更範囲:変更なし",899-5231,鹿児島県姶良市加治木町反土16-35,JR加治木駅 から 徒歩10分,1,0,0,"あれば尚可
建築に関する科目の履修者優遇
2級建築施工管理技士 (1次試験合格者) ",なし,可,あり,なし,185000,215000,あり,あり,10,,土日 その他,08:00-17:00,,,112,可,令和8年10月1日以降,可,随時,代表取締役,福永 和則,フクナガ カズノリ,0995-63-0400,0995-63-0901,soumu@fukunaga-k.net,"*希望する方には、会社と相談の上、OJT (実務研修) を受けな
がら専門学校へ通学することが可能です。学費は会社が負担するた
め、自己負担はありません。働きながらスキルを身につけ、資格取
得を目指せます。
*履歴書:手書き·パソコン作成どちらでも可
*現場範囲:鹿児島県内一円","*昇給:制度はありますが、5月を基準とし、入社して1年後の5
月を予定しています。そのため求人票上、前年度実績なしと記載し
ています。
*業務に関する知識を問う試験:60分程度
*作文:800〜1200字、60分程度",061,008,008-02,,,鹿児島県姶良市,,,0487,,,,,,あり,,,,,,,2025年07月08日 15:37,2025年07月16日 06:02,バーコードスキャン,求人番号_46040-44169.pdf,研究・技術の職業,建築・土木・測量技術者,建築施工管理技術者,建設/建築/土木に関わる,その他(建設/建築/土木に関わる),,,,,,0,091,建築技術者,,
2025,46040-45669,国分公共職業安定所,4604-100060-9,可,フクナガケンセツ カブシキガイシャ,福永建設 株式会社,899-5231,鹿児島県姶良市加治木町反土16-35,JR加治木駅 から 徒歩10分,代表取締役 福永 和則,9340001007992,,40,40,昭和54年,"3,800万円","建設業
*事業所パンフレットあり","総合建設業として創業以来、誠意と技術で豊かな地域社会づくりと
、快適な住環境を提供する事をモットーに、若いスタッフがお客様
第一主義で、自然にやさしい環境づくりに頑張っております。",正社員,重機オペレーター,"大きな機械を操るプロになりませんか?
工事現場で重機を運転し、道路や建物の基礎をつくる仕事です。機械操作だけ
でなく、現場での作業もあり、体を動かしながら働くことができます。
未経験でも安心!先輩がしっかりサポートしながら、資格取得を目指せます。
会社負担で免許取得も可能なので、働きながらスキルアップできます
*従事すべき業務の変更範囲:変更なし",899-5231,鹿児島県姶良市加治木町反土16-35,JR加治木駅 から 徒歩10分,1,0,0,"あれば尚可
土木に関する科目の履修者優遇
2級土木施工管理技士 (1次試験合格者) ",なし,可,あり,なし,185000,210000,あり,あり,10,,土日 その他,08:00-17:00,,,112,可,令和8年10月1日以降,可,随時,代表取締役,福永 和則,フクナガ カズノリ,0995-63-0400,0995-63-0901,soumu@fukunaga-k.net,"*希望する方には、会社と相談の上、OJT (実務研修) を受けな
がら専門学校へ通学することが可能です。学費は会社が負担するた
め、自己負担はありません。働きながらスキルを身につけ、資格取
得を目指せます。
*履歴書:手書き·パソコン作成どちらでも可
*現場範囲:鹿児島県内一円","※昇給:制度はありますが、5月を基準とし、入社して1年後の5
月を予定しています。そのため求人票上、前年度実績なしと記載し
ています。
*業務に関する知識を問う試験:60分程度
*作文:800〜1200字、60分程度",061,089,089-05,092,092-01,鹿児島県姶良市,,,0486,,,,,,あり,,,,,,,2025年07月08日 15:37,2025年07月16日 06:02,バーコードスキャン,求人番号_46040-45669.pdf,配送・輸送・機械運転の職業,施設機械設備操作・建設機械運転の職業,建設機械運転工,運輸/物流に関わる,機械運転,建設・土木・電気工事の職業,土木の職業,建設・土木作業員,建設/建築/土木に関わる,土木工事,0,645,建設・さく井機械運転従事者,681,土木従事者
2025,46040-46969,国分公共職業安定所,4604-100060-9,可,フクナガケンセツ カブシキガイシャ,福永建設 株式会社,899-5231,鹿児島県姶良市加治木町反土16-35,JR加治木駅 から 徒歩10分,代表取締役 福永 和則,9340001007992,,40,40,昭和54年,"3,800万円","建設業
*事業所パンフレットあり","総合建設業として創業以来、誠意と技術で豊かな地域社会づくりと
、快適な住環境を提供する事をモットーに、若いスタッフがお客様
第一主義で、自然にやさしい環境づくりに頑張っております。",正社員,建設現場支援スタッフ,"建設現場の技術者をサポートする業務です。
先輩に教わりながら、現場で使われるデータの整理や提出書類の作成、ICT
機器の操作を行います。最新ソフトウェアの操作方法も学べるので、働きなが
ら専門的なスキルを身につけることができます。
現場の技術者と連携して作業を進めるため、実際の工事に関わるやりがいも感
じられます。
*従事すべき業務の変更範囲:変更なし",899-5231,鹿児島県姶良市加治木町反土16-35,JR加治木駅 から 徒歩10分,1,0,0,"あれば尚可
簿記の基礎知識
EXCEL、WORDの基本操作ができる方
CADソフトの基本操作ができる方、または学んだ経験のある方
パソコン基本操作に慣れておりデータ入力やファイル管理ができる
方
建設業に関心がありICTや最新ソフトウェアの操作に意欲のある
方",なし,可,あり,なし,185000,200000,あり,あり,10,,土日 その他,08:00-17:00,,,112,可,令和8年10月1日以降,可,随時,代表取締役,福永 和則,フクナガ カズノリ,0995-63-0400,0995-63-0901,soumu@fukunaga-k.net,"*希望する方には、会社と相談の上、OJT (実務研修) を受けな
がら専門学校へ通学することが可能です。学費は会社が負担するた
め、自己負担はありません。働きながらスキルを身につけ、資格取
得を目指せます。
*履歴書:手書き·パソコン作成どちらでも可
*現場範囲:鹿児島県内一円","※昇給:制度はありますが、5月を基準とし、入社して1年後の5
月を予定しています。そのため求人票上なしと記載しています。
*業務に関する知識を問う試験:60分程度
*作文:800〜1200字程度、60分程度",061,008,008-06,,,鹿児島県姶良市,,,0485,,,,,,あり,,,,,,,2025年07月08日 15:37,2025年07月16日 06:01,バーコードスキャン,求人番号_46040-46969.pdf,研究・技術の職業,建築・土木・測量技術者,土木技術者（設計・施工管理を除く）,建設/建築/土木に関わる,その他(建設/建築/土木に関わる),,,,,,0,092,土木技術者,,
2025,46040-72069,国分公共職業安定所,4604-916529-6,可,カブシキガイシャ サカイヒッコシセンター カゴシマヒガシシシャ,株式会社 サカイ引越センター 鹿児島東支社,899-5116,鹿児島県霧島市隼人町内1320番地,日当山駅 から 徒歩5分,支店長 福岡 竜之介,6120101002720,http://www.hikkoshi-sakai.co.jp,6032,74,昭和46年,"47億3,100万円","創業以来、引越業一筋!まごころこめたサービスを提供しています
。全国に広がるネットワークで、安全·安心·スピーディにお届け
するサカイならではの品質がお客様から高い信頼を得ています。","「まごころこめておつきあい」それが引越業界NО.1のサカイの
モットーです。人と社会の幸せを願う「まごころ」。社員が生き生
きと働くことができる環境つくりに全力を注いでいます。",正社員,引越スタッフ,"『充実した研修でゼロから学べる☆お客様の新たな門出を最高のものに!』
新生活の際に必ず生じる「引越」はまさに人生の一大イベント。
お客様の大事な瞬間に立ち会い、大切なご家財を運ぶ仕事です。
2〜4名のチーム制で1日平均2件のお引越しを担当します。
先輩社員が丁寧に指導いたしますので、未経験の方も全く心配ありません。
最初はアシスタントとしての勤務ですが、将来的にはトラックの運転を含めた
「チームリーダー」や管理職、講師として活躍してください!
会社や社会人の基礎知識等を学べるまごころ現業学校や考動力研修、
チューター制度導入済!フォロー体制万全♪※変更範囲:全職種·全ての業務",899-5116,鹿児島県霧島市隼人町内1320番地,日当山駅 から 徒歩5分,5,0,0,"あれば尚可
普通自動車免許 (МT推奨)  (入社後取得可) 
※内定承諾者向け免許取得支援制度あり (入社前) 
☆2025年4月の法改正により、18歳誕生日の半年前から
自動車学校の入校が可能になりました!
※正社員向け免許取得支援制度あり (入社後) ",なし,可,なし,なし,220000,220000,あり,あり,20,変形労働時間制 (1年単位),その他,07:30-16:30,07:00-16:00,,115,可,令和8年10月1日以降,可,随時,南九州推進課 係長,黒川 / 梅本,クロカワ/ウメモト,096-284-1148,096-349-1156,s.minamikyusyu@hikkoshi-sakai.co.jp,"〇応募前職場見学への参加の有無によって、
採否を決定するものではありません。
〇応募書類作成:手書き·PC入力どちらでも可
〇就業場所:希望があれば、全国の希望支社へ配属可能。
関東·関西は寮完備。詳しくはお問合せ下さい。
〇転勤有無:原則として無。但し本人の希望あれば相談後転勤可能
〇既卒者の入社日:毎月1日付の入社 〇試用期間:3ヶ月
◆手取り見込み額:183,188円 (控除額36,812円) 
≪賃金について≫入社後3ヶ月〜最長3年程度を目安に
基本給+業績給 (最低220,000円保証+諸手当) に変更。","≪昇給≫人事管理規定に基づき、各人の能力、技術、勤怠成績、
資格及びその他必要な事項を勘案して決定します。
≪当社規定による資格取得支援及び資格手当、他≫
*免許支援制度:入社前に普通免許·準中型免許取得者は最大
30万円の支援 (規定条件あり) 入社後の準中型免許取得は
最大15万円の支援 (規定条件あり) 
*誕生日祝い金制度:独身者は自身の誕生日に3万円支給!
結婚後は配偶者の誕生日に5万円の支給!
◆奨学金返済支援制度·資格取得支援制度、誕生日休暇
他様々な制度でフォロー充実♪",441,095,095-02,,,鹿児島県霧島市,,,0406,,,,,,あり,,,,,,,2025年07月07日 13:16,2025年07月16日 05:49,バーコードスキャン,求人番号_46040-72069.pdf,運搬・清掃・包装・選別等の職業,荷役・運搬作業員,陸上荷役・運搬作業員,運輸/物流に関わる,倉庫/作業,,,,,,0,703,陸上荷役・運搬従事者,,
2025,46030-59769,鹿屋公共職業安定所,4603-102878-4,可,キヨウドウクミアイナンシユウコウヤマミートセンター,協同組合 南州高山ミートセンター,893-1206,鹿児島県肝属郡肝付町前田3550,,代表理事 本田 玲子,4340005007011,,98,98,平成12年,"1,500万円","畜産食料品の製造·販売と、それに付随する一切の事業
【パンフレットあり】","大隅半島で牛·豚の生産から食肉処理、加工、販売を一貫して行っ
ている。",正社員,一般事務,"○食肉処理工場で行う事務作業の仕事です。
主な仕事内容は
·書類整理やファイリング·データ入力·資料作成·伝票チェック
·受発注管理·契約管理·備品管理·来客対応 (電話や来訪) などです。
○入社後は、グループ企業で1ヶ月程度研修を行います。
★応募前見学可能です★ 見学希望の場合は、お気軽にお問い合わせ下さい。
【変更範囲:会社の定める業務】",893-1206,鹿児島県肝属郡肝付町前田3550,,1,0,0,"必須
普通自動車免許 (AT限定可) 
※入社後取得可",あり,可,なし,なし,200000,200000,あり,あり,7,変形労働時間制 (1年単位),日祝 その他,08:00-17:20,,,105,可,令和8年10月1日以降,可,随時,総務部,前田 祥悟,マエダ ショウゴ,0994-65-3161,0994-65-3162,recruit@nanshunojo.or.jp,"○畜産物の生産·処理·加工·販売までの一貫経営をしている南州
農場のと畜·カット処理場として、安心安全な製品作りを推進し
ています。
○平成26年1月にFSSC22000の認証を受け、しっかりと
した衛生管理を行っています。
○博多阪急·福岡パルコ等その他各地に、当工場で処理されたもの
が出荷されています。
○鹿屋市の「焼肉南州農場」·レストラン「クートン」などで、
自社で製造した商品なども販売しており、購入可能です。
*新卒者入社日:令和9年4月1日","*履歴書 :手書き·パソコン作成どちらでも可
*試用期間 :3ヶ月 (労働条件変更なし) 
*通勤手当 :距離に応じて支給
*転勤の可能性について
農場 (佐多·田代·根占·野尻野) 、加工場 (鹿屋市2ヶ所) 
飲食店 (鹿屋2店舗·福岡1店舗) 
※本人の希望を考慮した上でグループ企業内での転籍の可能性も
あります。
 (南州農場·南州ミート·南州ファーム·南州エコプロジェクト) 
◆令和8年6月16日「公正な採用·選考のために」等にて説明済",091,034,034-01,,,鹿児島県肝属郡肝付町,,,0384,,,,,,,,,,,,,2025年07月07日 13:03,2025年07月07日 13:03,バーコードスキャン,求人番号_46030-59769.pdf,事務的職業,一般事務・秘書・受付の職業,一般事務員,事務に関わる,一般事務,,,,,,0,257,総合事務員,,
2025,46030-58469,鹿屋公共職業安定所,4603-102878-4,可,キヨウドウクミアイナンシユウコウヤマミートセンター,協同組合 南州高山ミートセンター,893-1206,鹿児島県肝属郡肝付町前田3550,,代表理事 本田 玲子,4340005007011,,98,98,平成12年,"1,500万円","畜産食料品の製造·販売と、それに付随する一切の事業
【パンフレットあり】","大隅半島で牛·豚の生産から食肉処理、加工、販売を一貫して行っ
ている。",正社員,機械設備·保守,"◎食肉処理工場の建物内外の設備点検や保守巡回·営繕業務などのお仕事です
·工場内の設備点検 ·機械が正常に動いているかのチェック
·建物まわりの保守巡回 ·簡単な修理や営繕作業
☆体を動かす仕事が中心で、先輩が丁寧に教えてくれるので
未経験でも安心して働けます。
○配属先は本人の希望を踏まえ、選考後決定いたします。
 (配属先によって作業内容は異なります) 
○入社後は、グループ企業内で1ヶ月程度研修を行います。
【変更範囲:会社の定める業務】",893-1206,鹿児島県肝属郡肝付町前田3550,,1,0,0,"必須
普通自動車免許 (AT限定可) 
※入社後取得可",なし,可,なし,なし,200000,200000,あり,あり,6,変形労働時間制 (1年単位),日祝 その他,08:00-17:20,,,105,可,令和8年10月1日以降,可,随時,総務部,前田 祥悟,マエダ ショウゴ,0994-65-3161,0994-65-3162,recruit@nanshunojo.or.jp,"○畜産物の生産·処理·加工·販売までの一貫経営をしている
南州農場の、と畜·カット処理場として、安心安全な製品作りを
推進しています。
○平成26年1月にFSSC22000の認証を受け、しっかりと
した衛生管理を行っています。
○「博多阪急」·「福岡パルコ」その他各地に、
当工場で処理されたものが出荷されています。
○鹿屋市の「焼肉南州農場」レストラン「クートン」にて
自社で製造した商品などを販売しており購入可能です。
*新卒者入社日:令和9年4月1日","*履歴書 :手書き·パソコン作成どちらでも可
*試用期間:3ヶ月 (労働条件変更なし) 
*通勤手当:距離に応じて支給
*転 勤:原則ありませんが、本人の希望を考慮した上で
グループ企業内での転籍の可能性があります
※南州農場·南州ミート·南州ファーム·南州エコプロジュエクト
★応募前見学可★ 見学ご希望の方は、お気軽にご連絡ください。
◆令和8年6月16日「公正な採用·選考のために」等にて説明済",091,075,075-02,,,鹿児島県肝属郡肝付町,,,0383,,,,,,,,,,,,,2025年07月07日 13:03,2025年07月07日 13:03,バーコードスキャン,求人番号_46030-58469.pdf,製造・修理・塗装・製図等の職業,機械整備・修理工,電気機械器具整備・修理工,生産/製造に関わる,整備/修理,,,,,,0,552,電気機械器具整備・修理従事者,,
2025,46030-57569,鹿屋公共職業安定所,4603-102878-4,可,キヨウドウクミアイナンシユウコウヤマミートセンター,協同組合 南州高山ミートセンター,893-1206,鹿児島県肝属郡肝付町前田3550,,代表理事 本田 玲子,4340005007011,,98,98,平成12年,"1,500万円","畜産食料品の製造·販売と、それに付随する一切の事業
【パンフレットあり】","大隅半島で牛·豚の生産から食肉処理、加工、販売を一貫して行っ
ている。",正社員,食肉加工,"◎食肉加工作業全般のお仕事です。
豚のと畜作業·部分肉処理作業·カット肉の包装計量や出荷業を行います。
○配属先は本人の希望を踏まえ、選考後決定いたします。
 (配属先によって作業内容は異なります。) 
○入社後は、グループ企業内で1ヶ月程度研修を行います。
★応募前見学可★ 見学希望の場合は、お気軽にお問い合わせ下さい。
【変更範囲:会社の定める業務】",893-1206,鹿児島県肝属郡肝付町前田3550,,1,0,0,不問,あり,可,なし,なし,200000,200000,あり,あり,6,変形労働時間制 (1年単位),金日祝 その他,08:00-17:20,,,105,可,令和8年10月1日以降,可,随時,総務部,前田 祥悟,マエダ ショウゴ,0994-65-3161,0994-65-3162,recruit@nanshunojo.or.jp,"○畜産物の生産·処理·加工·販売までの一貫経営をしている南州
農場のと畜·カット処理場として、安心安全な製品作りを推進し
ています。
○平成26年1月にFSSC22000の認証を受け、しっかりと
した衛生管理を行っています。
○博多阪急、福岡パルコ等その他各地に、当工場で処理されたもの
が出荷されています。
〇鹿屋市に「焼肉南州農場」·レストラン「クートン」などあり、
自社で製造した商品なども販売しており、購入可能です。
*新卒者入社日:令和9年4月1日","*履歴書 :手書き·パソコン作成どちらでも可
*試用期間:3ヶ月 (労働条件変更なし) 
*通勤手当:距離に応じて支給
*転勤の可能性について
農場 (佐多·田代·根占·野尻野) 、加工場 (鹿屋市2ヶ所) 、
飲食店 (鹿屋2店舗、福岡1店舗) 
※本人の希望を考慮した上でグループ企業内での転籍の可能性も
あります
 (南州農場、南州ミート、南州ファーム、南州エコプロジェクト) 
◆令和8年6月16日「公正な採用·選考のために」等にて説明済",091,072,072-02,,,鹿児島県肝属郡肝付町,,,0382,,,,,,,,,,,,,2025年07月07日 13:03,2025年07月07日 13:03,バーコードスキャン,求人番号_46030-57569.pdf,製造・修理・塗装・製図等の職業,製品製造・加工処理工（食料品等）,食肉加工工,生産/製造に関わる,製造/加工(食料品),,,,,,0,533,食料品製造従事者,,
2025,46030-100369,鹿屋公共職業安定所,4603-25348-4,可,ナンシュウファーム カブシキガイシャ,南州ファーム 株式会社,893-2601,鹿児島県肝属郡南大隅町佐多伊座敷5950,,代表取締役 本田 晴花,3340005006749,http://www.nanshunojo.or.jp,13,7,昭和51年,732万円,養牛事業,"昭和51年設立。グループ企業に南州農場株式会社、協同組合南州
高山ミートセンター、株式会社南州ミートがあります。",正社員,"養牛生産スタッフ
【南大隅町·錦江町】","◎養牛管理 (飼育·出荷作業全般) 
*繁殖·肥育及び附帯する管理作業全般の仕事です。
 (餌やり·畜舎の清掃·糞等の片付け·疾病の治療等) 
*農場内での交配·分娩·肥育
【変更範囲:会社の定める業務】
★応募前職場見学歓迎します!★
見学をご希望の方は、お気軽にご連絡下さい
◇会社概要は、南州農場HPをご覧ください◇",893-2505,"鹿児島県肝属郡南大隅町根占辺田5588-4
「野尻野農場 (繁殖農場) 」",,0,0,1,"必須
普通自動車運転免許 (AT限定可) 
*入社後取得可",あり,可,あり,なし,200000,200000,あり,あり,7,,その他,08:30-16:50,,,73,可,令和8年10月1日以降,可,随時,総務部,西垂水,ニシタルミズ,0994-26-4141,0994-26-4545,,"◎私たちは社員一人ひとりが誇りを持てる会社づくりを進めていま
す。命と尊厳を大切にする姿勢を飼養工程のすべてで重んじてい
ます。牛が安心して育つよう最初に目指す姿を思い描いて管理し
ます。その姿に近づけるため、毎日見るポイントを明確にして決
めた軸を大切にした管理で牛の健康を守ることを心がけています
◎気づいたことを落ち着いて共有し飼養の質を高めています。
◎小さな気づきを丁寧に積み重ねより良い飼養につなげています。
◎先輩が基礎から教えることに加えて、継続的にサポートします。
動物が好きで成長したい方を歓迎します。
●履歴書 :手書き·パソコン作成どちらも可","○新卒者入社日:令和9年4月1日
〇試用期間 :3ヶ月 (労働条件変更なし) 
○昇給·賞与 :業績によるため金額等明示できません。
※入社1年目の賞与は年2回会社規程により支給します
○入居可能住宅 (単身用) :戸建て 家賃月額:20,000円
水道光熱費は自己負担となります。
○転勤範囲:田代農場 (錦江町) ·野尻野農場 (南大隅町) 
※本人の希望を考慮した上で、グループ企業内 (南州農場) で
転籍の可能性もあります。
◆令和8年6月24日「公正な採用·選考のために」等にて説明済",091,064,064-03,,,鹿児島県肝属郡南大隅町,,,0381,,,,,,,,,,,,,2025年07月07日 13:03,2025年07月07日 13:03,バーコードスキャン,求人番号_46030-100369.pdf,農林漁業の職業,農業の職業（養畜・動物飼育・植木・造園を含む）,家畜・家きん飼育作業員,農林水産業に関わる,農業,,,,,,0,462,養畜従事者,,
2025,46030-103469,鹿屋公共職業安定所,4603-614232-1,可,ナンシュウノウジョウ カブシキガイシャ,南州農場 株式会社,893-2503,鹿児島県肝属郡南大隅町根占横別府2843番,,代表取締役 本田 玲子,1340001014773,http://www.nanshunojo.or.jp,172,80,平成23年,"1,000万円","養豚業、食肉処理業、食品加工卸売業、販売業
【事業所案内あり】","平成23年設立。グループ企業に協同組合南州高山ミートセンター
、南州ファーム株式会社、南州農場株式会社くろぶたの丘、株式会
社南州ミートがあります。",正社員,養豚生産スタッフ,"◎養豚管理 (飼養管理·出荷作業全般) のお仕事です。
·餌やり·畜舎の清掃·糞等の片付け·疾病の治療等
○繁殖·肥育部門があります。
繁殖部門は交配 (種付) および分娩 (出産から離乳までの管理) を行います
肥育部門は仔豚を健康に育て出荷までの管理を行います。
*軽トラック (MT車·AT車) を運転することもあります。
*パソコン操作 (ワード·エクセルを使用し、定型フォームへの入力) 
【変更範囲:会社の定める業務】
★応募前職場見学歓迎!★ご希望の方は、お気軽にご連絡ください。",893-2601,"鹿児島県肝属郡南大隅町佐多伊座敷5950
「佐多農場」",,0,0,3,"必須
普通自動車免許取得
 (MTが望ましいがAT限定でも可) 
※入社後取得可",あり,可,あり,なし,200000,200000,あり,あり,7,,日祝 その他,08:30-16:50,,,73,可,令和8年10月1日以降,可,随時,総務部,西垂水,ニシタルミズ,0994-26-4141,0994-26-4545,,"◎私たちは社員一人ひとりが誇りを持てる会社づくりを進めていま
す。命を預かる者として尊厳を大切にする姿勢を全行程で共有し
ています。まず「どんな姿に育てたいか」というゴールを決めて
管理します。そのゴールに合わせて毎日見るポイントをはっきり
させ、決めた軸を大切にした管理で豚の健康を守ることを心がけ
ています。
◎新人もベテランもフラットに意見を交わせる体制があり、日々の
小さな気付きを丁寧に積み重ね、より良い飼育につなげています
◎先輩が基礎から教えることに加えて継続的にサポートします。
学びながら成長したい方を歓迎します。","●履歴書 :手書き·パソコン作成どちらも可
○試用期間:3ヶ月 (労働条件変更なし) 
○通勤手当:距離に応じて支給
○特別に支払われる手当:会社規程に則り支給します。
○入居可能住宅 (単身用) :一戸建て·家賃月額20,000円
水道光熱費は、自費負担となります。
○転勤範囲:根占農場 (南大隅町) ·田代農場 (錦江町) 
※本人の希望を考慮した上で、グループ企業内 (南州ファーム) 
での転籍の可能性もあります。
◆令和8年6月24日「公正な採用·選考のために」等にて説明済",012,064,064-03,,,鹿児島県肝属郡南大隅町,,,0380,,,,,,,,,,,,,2025年07月07日 12:58,2025年07月07日 12:58,バーコードスキャン,求人番号_46030-103469.pdf,農林漁業の職業,農業の職業（養畜・動物飼育・植木・造園を含む）,家畜・家きん飼育作業員,農林水産業に関わる,農業,,,,,,0,462,養畜従事者,,
2025,46030-102569,鹿屋公共職業安定所,4603-614232-1,可,ナンシュウノウジョウ カブシキガイシャ,南州農場 株式会社,893-2503,鹿児島県肝属郡南大隅町根占横別府2843番,,代表取締役 本田 玲子,1340001014773,http://www.nanshunojo.or.jp,172,80,平成23年,"1,000万円","養豚業、食肉処理業、食品加工卸売業、販売業
【事業所案内あり】","平成23年設立。グループ企業に協同組合南州高山ミートセンター
、南州ファーム株式会社、南州農場株式会社くろぶたの丘、株式会
社南州ミートがあります。",正社員,事務スタッフ,"◎養豚場の運営に関わる総務事務の仕事です。
労務管理·経理管理など様々な業務があります。
早朝の消毒当番 (車両のタイヤ洗浄) もあります。
*母豚5,000頭一貫管理
●入社後は研修を行い、会社の事業内容への理解を深めるため
養豚·養牛·食肉処理加工·販売·接客も経験してもらいます。
【変更範囲:会社の定める業務】
★応募前職場見学歓迎します!★見学をご希望の方は、お気軽にご連絡下さい
◇会社概要は、当社HPをご覧下さい◇",893-2601,"鹿児島県肝属郡南大隅町佐多伊座敷5950
「佐多農場」",,0,0,1,"必須
○普通自動車免許取得 (AT限定可) 
※入社後取得可
○基本的なパソコン操作 (ワード、エクセル) 必須",あり,可,あり,なし,200000,200000,あり,あり,7,,日祝 その他,08:30-16:50,,,73,可,令和8年10月1日以降,可,随時,総務部,西垂水,ニシタルミズ,0994-26-4141,0994-26-4545,,"◎パソコンでのデータ入力や書類作成を担当します。
社員が困らないよう書類や手続きを分かりやすく整える仕事です
事務は会社運営を支え、働く環境を整える大切な役割です。
書類や数字を扱い会社の流れを支えるため、
必要な情報を整理して現場が動きやすい状況を作ります。
日々の工夫が会社の仕事を進めやすくします。
◎先輩が基礎から教えるので、未経験でも安心です。
学びながら成長したい方を歓迎します。
●履歴書:手書き·パソコン作成どちらも可","〇試用期間 :3か月 (労働条件変更なし) 
○通勤手当 :距離に応じて支給
○特別に支払われる手当:会社規程に則り支給します。
○入居可能住宅 (単身用) :一戸建て家賃月額:20,000円
水道光熱費は自己負担となります。
◇転勤範囲 :佐多農場·根占農場 (南大隅町) 
くろぶたの丘 (鹿屋市) になります。
※本人の希望を考慮した上で、グループ企業内 (南州ファーム) 
での転籍の可能性もあります。
◆令和8年6月24日「公正な採用·選考のために」等にて説明済",012,033,033-01,,,鹿児島県肝属郡南大隅町,,,0379,,,,,,,,,,,,,2025年07月07日 12:58,2025年07月07日 12:58,バーコードスキャン,求人番号_46030-102569.pdf,事務的職業,総務・人事・企画事務の職業,総務事務員,事務に関わる,一般事務,,,,,,0,251,庶務事務員,,
2025,46030-101269,鹿屋公共職業安定所,4603-614232-1,可,ナンシュウノウジョウ カブシキガイシャ,南州農場 株式会社,893-2503,鹿児島県肝属郡南大隅町根占横別府2843番,,代表取締役 本田 玲子,1340001014773,http://www.nanshunojo.or.jp,172,80,平成23年,"1,000万円","養豚業、食肉処理業、食品加工卸売業、販売業
【事業所案内あり】","平成23年設立。グループ企業に協同組合南州高山ミートセンター
、南州ファーム株式会社、南州農場株式会社くろぶたの丘、株式会
社南州ミートがあります。",正社員,設備管理スタッフ,"◎豚舎·牛舎の建設や修繕、水道工事、機械器具の保守点検など
農場内の設備管理全般の業務です。
*全員作業として豚の出荷があります。
*軽トラック (MT車·AT車) を運転することもあります。
※就業場所は佐多農場ですが、修理や工事の為に近隣の農場へ
出向くことがあります。
【変更範囲:会社の定める業務】
★応募前職場見学歓迎します!★見学ご希望の方は、お気軽にご連絡ください
◆会社概要につきましては、当社HPをご覧下さい◆",893-2601,"鹿児島県肝属郡南大隅町佐多伊座敷5950
「佐多農場」",,0,0,1,"必須
普通自動車運転免許
MTが望ましいが、AT限定でも可
※入社後取得可",あり,可,あり,なし,200000,200000,あり,あり,7,,日祝 その他,08:30-16:50,,,73,可,令和8年10月1日以降,可,随時,総務部,西垂水,ニシタルミズ,0994-26-4141,0994-26-4545,,"◎設備管理は豚や牛の生産の流れを守る大切な仕事です。
設備の状態が分かるので、自分の成長を実感できます。
次世代畜舎の設計から施工まで経験できます。
運用後の改善にも関わることで学びを次に生かせます。
予防保全を重視し生産スタッフと連携して進めます。
ものづくりや仕組み化が好きな方に向きます。
設備改善が生産向上に直結する面白さがあります。
◎先輩が基礎から教えることに加えて継続的にサポートします。
技術を学び成長したい方を歓迎します。","●履歴書 :手書き·パソコン作成どちらも可
○試用期間 :3ヶ月 (労働条件変更なし) 
○通勤手当 :距離に応じて支給
○特別に支払われる手当:会社規程に則り支給します。
○入居可能住宅 (単身用) :一戸建て 家賃月額:20,000円
水道光熱費は自己負担となります。
○転勤範囲 :根占農場 (南大隅町) ·田代農場 (錦江町) 
※本人の希望を考慮した上で、グループ企業内 (南州ファーム) 
での転籍の可能性もあります。
◆令和8年6月24日「公正な採用·選考のために」等にて説明",012,091,091-01,091,091-06,鹿児島県肝属郡南大隅町,,,0378,,,,,,,,,,,,,2025年07月07日 12:58,2025年07月07日 12:58,バーコードスキャン,求人番号_46030-101269.pdf,建設・土木・電気工事の職業,建設の職業（建設躯体工事の職業を除く）,大工,建設/建築/土木に関わる,建築,建設・土木・電気工事の職業,建設の職業（建設躯体工事の職業を除く）,配管工,建設/建築/土木に関わる,建築,0,661,大工,666,配管従事者
2025,46010-193769,鹿児島公共職業安定所,4601-13341-5,可,カブシキガイシャアクシーズ,株式会社 アクシーズ,890-0014,鹿児島県鹿児島市草牟田2-1-8 昭和室内ビル3F,,代表取締役社長 伊地知 高正,5340001000258,https://www.axyz-grp.co.jp/,863,13,昭和37年,"4億5,237万円","食品製造業
鶏肉の生産製造加工販売","自社生産の鶏肉を加工し全国へと販売しています。主な販売先は特
にケンタッキーフライドチキンやニチレイ等の大手企業です。東京
証券取引所へ株式上場も行っており、更なる発展を目指しています",正社員,設備保全【串良事務所:鹿屋市】,"○養鶏場を管理する事業所でのお仕事です。
事務所へ出社後、各養鶏場へ向かい設備メンテナンスを行います。
養鶏場内外の生産機械の保全に係る作業全般
 (更新、電気工事、給排水設備工事、溶接など) 
様々なことを経験していただけます。
※先輩社員の指導のもと、少しずつ仕事を覚えてもらいます。
※社用車移動がありますが、最初から運転はありません。
【業務の変更範囲:変更なし】",893-1602,"鹿児島県鹿屋市串良町有里7319-1
「串良事務所」",,2,0,0,"必須
※ (1) 第2種電気工事士 (取得見込み可) 
 (2) 2級ボイラー技士 (取得見込み可) 
 (3) 機械保全技能士 (取得見込み可) 
 (1) 〜 (3) のいずれか取得見込みであれば応募可能",あり,可,なし,なし,195000,222800,あり,あり,20,変形労働時間制 (1年単位),日祝 その他,08:00-17:00,,,105,可,令和8年10月1日以降,可,随時,経営企画室,折田,オリタ,099-223-7385,099-223-0584,jinji@axyz-grp.co.jp,"〇応募前職場見学を希望の際は、事前に担当者まで
お問い合わせください。
○試用期間:3ヶ月 (労働条件:基本給·通勤手当のみ支給) 
〇昇給は会社業績·本人の勤務状況を考慮の上、決定します。
〇履歴書:手書き·パソコン作成どちらも可",,091,094,094-05,075,075-01,鹿児島県鹿屋市,,,0369,,,,,,,,,,,,,2025年07月07日 12:58,2025年07月07日 12:58,バーコードスキャン,求人番号_46010-193769.pdf,建設・土木・電気工事の職業,電気・通信工事の職業,電気工事作業員,建設/建築/土木に関わる,電気工事,製造・修理・塗装・製図等の職業,機械整備・修理工,はん用・生産用・業務用機械器具整備・修理工,生産/製造に関わる,整備/修理,0,679,その他の電気工事従事者,551,はん用・生産用・業務用機械器具整備・修理従事者
2025,46010-198069,鹿児島公共職業安定所,4601-13341-5,可,カブシキガイシャアクシーズ,株式会社 アクシーズ,890-0014,鹿児島県鹿児島市草牟田2-1-8 昭和室内ビル3F,,代表取締役社長 伊地知 高正,5340001000258,https://www.axyz-grp.co.jp/,863,20,昭和37年,"4億5,237万円","食品製造業
鶏肉の生産製造加工販売","自社生産の鶏肉を加工し全国へと販売しています。主な販売先は特
にケンタッキーフライドチキンやニチレイ等の大手企業です。東京
証券取引所へ株式上場も行っており、更なる発展を目指しています",正社員,社内システムの運用·管理【本社】,"·社内ネットワーク環境の整備
·自社システムの運用、管理、保守、点検
·社内の様々なデータの管理
·備品の受発注
·手順書の作成
※入社後は単純なデータ入力などから担当していただきます。
※仕事は先輩社員が少しずつ教えます。
※まれに社用車の使用あり (AT車) 
【業務の変更範囲:変更なし】",890-0014,鹿児島県鹿児島市草牟田2-1-8 昭和室内ビル3F,,2,0,0,"あれば尚可
*ITパスポート、基本情報技術者などの資格 (取得見込み可) 
*普通自動車運転免許 (AT限定可·入社後取得可) ",あり,可,あり,なし,183000,203000,あり,あり,20,変形労働時間制 (1年単位),日祝 その他,08:00-17:00,07:00-16:00,09:30-18:30,105,可,令和8年10月1日以降,可,随時,経営企画室,折田,オリタ,099-223-7385,099-223-0584,jinji@axyz-grp.co.jp,"〇応募前職場見学を希望の際は、事前に担当者まで
お問い合わせください。
○試用期間:3ヶ月 (労働条件:基本給·通勤手当のみ支給) 
〇就業時間について
*交替で早番 (7時〜) ·遅番 (9時30分〜) 勤務あり
*所定の労働時間·休日·始業終業時刻は勤務表により決定し
週平均の労働時間を法定労働時間以内に設定します。
〇昇給は会社業績·本人の勤務状況を考慮の上、決定します。",〇履歴書:手書き·パソコン作成どちらも可,091,010,010-04,,,鹿児島県鹿児島市,,,0368,,,,,,,,,,,,,2025年07月07日 12:58,2025年07月07日 12:58,バーコードスキャン,求人番号_46010-198069.pdf,研究・技術の職業,情報処理・通信技術者（ソフトウェア開発を除く）,IT システム運用管理者,情報処理/通信技術に関わる,システム運用管理,,,,,,0,105,システム運用管理者,,
2025,46010-182569,鹿児島公共職業安定所,4601-13341-5,可,カブシキガイシャアクシーズ,株式会社 アクシーズ,890-0014,鹿児島県鹿児島市草牟田2-1-8 昭和室内ビル3F,,代表取締役社長 伊地知 高正,5340001000258,https://www.axyz-grp.co.jp/,863,246,昭和37年,"4億5,237万円","食品製造業
鶏肉の生産製造加工販売","自社生産の鶏肉を加工し全国へと販売しています。主な販売先は特
にケンタッキーフライドチキンやニチレイ等の大手企業です。東京
証券取引所へ株式上場も行っており、更なる発展を目指しています",正社員,鶏肉製造加工【川上工場】,"○自社飼育したブロイラー (鶏) のカット、加工、出荷等一連の作業に
従事していただきます。
·食鳥処理 (ブロイラーを食べられる状態に加工する作業) 
·製造機械の操作、点検、整備 (知識不要、丁寧に教えます) 
·解体作業 (ブロイラーからモモ肉やムネ肉をカットする作業) 
·検品作業 (製品の規格検査、カット技術の評価) 
·出荷作業 (製品の箱詰め、在庫の管理、積込作業) 
※それぞれの担当部門にて、少しずつ仕事を覚えてもらいます。
【業務の変更範囲:変更なし】",892-0875,"鹿児島県鹿児島市川上町3149
【 (株) アクシーズ 川上工場】",,2,0,0,不問,なし,可,あり,なし,205000,205000,あり,あり,20,変形労働時間制 (1年単位),日祝 その他,06:50-16:00,07:50-17:00,,105,可,令和8年10月1日以降,可,随時,経営企画室,折田,オリタ,099-223-7385,099-223-0584,jinji@axyz-grp.co.jp,"〇応募前職場見学を希望の際は、事前に担当者まで
お問い合わせください。
○試用期間:1ヶ月 (労働条件:基本給·通勤手当のみ支給) 
〇昇給は会社業績·本人の勤務状況を考慮の上、決定します。
〇履歴書:手書き·パソコン作成どちらも可",,091,072,072-02,,,鹿児島県鹿児島市,,,0367,,,,,,,,,,,,,2025年07月07日 12:58,2025年07月07日 12:58,バーコードスキャン,求人番号_46010-182569.pdf,製造・修理・塗装・製図等の職業,製品製造・加工処理工（食料品等）,食肉加工工,生産/製造に関わる,製造/加工(食料品),,,,,,0,533,食料品製造従事者,,
2025,46010-187969,鹿児島公共職業安定所,4601-13341-5,可,カブシキガイシャアクシーズ,株式会社 アクシーズ,890-0014,鹿児島県鹿児島市草牟田2-1-8 昭和室内ビル3F,,代表取締役社長 伊地知 高正,5340001000258,https://www.axyz-grp.co.jp/,863,246,昭和37年,"4億5,237万円","食品製造業
鶏肉の生産製造加工販売","自社生産の鶏肉を加工し全国へと販売しています。主な販売先は特
にケンタッキーフライドチキンやニチレイ等の大手企業です。東京
証券取引所へ株式上場も行っており、更なる発展を目指しています",正社員,設備保全【川上工場】,"○食肉工場で設備管理業務を行っていただきます。
○工場内外の生産機械の保全に係る作業全般
 (更新、電気工事、給排水設備工事、溶接など) 
様々なことを経験していただけます。
※先輩社員の指導のもと、少しずつ仕事を覚えてもらいます。
【業務の変更範囲:変更なし】",892-0875,"鹿児島県鹿児島市川上町3149
【 (株) アクシーズ 川上工場】",,1,0,0,"必須
※ (1) 第2種電気工事士 (取得見込み可) 
 (2) 2級ボイラー技士 (取得見込み可) 
 (3) 機械保全技能士 (取得見込み可) 
 (1) 〜 (3) のいずれかを取得見込みであれば応募可能",あり,可,あり,なし,195000,220200,あり,あり,20,変形労働時間制 (1年単位),日祝 その他,07:50-17:00,,,105,可,令和8年10月1日以降,可,随時,経営企画室,折田,オリタ,099-223-7385,099-223-0584,jinji@axyz-grp.co.jp,"〇応募前職場見学を希望の際は、事前に担当者まで
お問い合わせください。
○試用期間:3ヶ月 (労働条件:基本給·通勤手当のみ支給) 
〇昇給は会社業績·本人の勤務状況を考慮の上、決定します。
〇履歴書:手書き·パソコン作成どちらも可",,091,075,075-01,094,094-05,鹿児島県鹿児島市,,,0366,,,,,,,,,,,,,2025年07月07日 12:58,2025年07月07日 12:58,バーコードスキャン,求人番号_46010-187969.pdf,製造・修理・塗装・製図等の職業,機械整備・修理工,はん用・生産用・業務用機械器具整備・修理工,生産/製造に関わる,整備/修理,建設・土木・電気工事の職業,電気・通信工事の職業,電気工事作業員,建設/建築/土木に関わる,電気工事,0,551,はん用・生産用・業務用機械器具整備・修理従事者,679,その他の電気工事従事者
2025,46010-197869,鹿児島公共職業安定所,4601-13341-5,可,カブシキガイシャアクシーズ,株式会社 アクシーズ,890-0014,鹿児島県鹿児島市草牟田2-1-8 昭和室内ビル3F,,代表取締役社長 伊地知 高正,5340001000258,https://www.axyz-grp.co.jp/,863,46,昭和37年,"4億5,237万円","食品製造業
鶏肉の生産製造加工販売","自社生産の鶏肉を加工し全国へと販売しています。主な販売先は特
にケンタッキーフライドチキンやニチレイ等の大手企業です。東京
証券取引所へ株式上場も行っており、更なる発展を目指しています",正社員,ひよこの孵化業務【帖佐工場:姶良市】,"○工場内でのひよこの孵化作業となります。
·卵の選別作業
·ふ卵機等の機械操作、メンテナンス
·工場の清掃作業等
【業務の変更範囲:変更なし】",899-5414,"鹿児島県姶良市深水535
【 (株) アクシーズ 帖佐工場】",,2,0,0,不問,なし,可,あり,なし,205000,205000,あり,あり,20,変形労働時間制 (1年単位),その他,06:00-15:35,07:30-17:05,,123,可,令和8年10月1日以降,可,随時,経営企画室,折田,オリタ,099-223-7385,099-223-0584,jinji@axyz-grp.co.jp,"〇応募前職場見学を希望の際は、事前に担当者まで
お問い合わせください。
○試用期間:1ヶ月 (労働条件:基本給·通勤手当のみ支給) 
○就業時間について
所定の労働時間·休日·始業終業時刻は勤務表により決定し
週平均の労働時間を法定労働時間以内に設定します。
〇昇給は会社業績·本人の勤務状況を考慮の上、決定します。",〇履歴書:手書き·パソコン作成どちらも可,091,064,064-03,,,鹿児島県姶良市,,,0362,,,,,,,,,,,,,2025年07月07日 12:58,2025年07月07日 12:58,バーコードスキャン,求人番号_46010-197869.pdf,農林漁業の職業,農業の職業（養畜・動物飼育・植木・造園を含む）,家畜・家きん飼育作業員,農林水産業に関わる,農業,,,,,,0,462,養畜従事者,,
2025,46010-190269,鹿児島公共職業安定所,4601-13341-5,可,カブシキガイシャアクシーズ,株式会社 アクシーズ,890-0014,鹿児島県鹿児島市草牟田2-1-8 昭和室内ビル3F,,代表取締役社長 伊地知 高正,5340001000258,https://www.axyz-grp.co.jp/,863,46,昭和37年,"4億5,237万円","食品製造業
鶏肉の生産製造加工販売","自社生産の鶏肉を加工し全国へと販売しています。主な販売先は特
にケンタッキーフライドチキンやニチレイ等の大手企業です。東京
証券取引所へ株式上場も行っており、更なる発展を目指しています",正社員,設備保全【帖佐工場:姶良市】,"○食肉工場での設備管理業務を行っていただきます。
工場内外の生産機械の保全に係る作業全般
 (更新、電気工事、給排水設備工事、溶接など) 
様々なことを経験していただけます。
※先輩社員の指導のもと、少しずつ仕事を覚えてもらいます。
【業務の変更範囲:変更なし】",899-5414,"鹿児島県姶良市深水535
【 (株) アクシーズ 帖佐工場】",,2,0,0,"必須
※ (1) 第2種電気工事士 (取得見込み可) 
 (2) 2級ボイラー技士 (取得見込み可) 
 (3) 機械保全技能士 (取得見込み可) 
 (1) 〜 (3) のいずれかを取得見込みであれば応募可能",あり,可,あり,なし,195000,222800,あり,あり,20,変形労働時間制 (1年単位),日祝 その他,08:00-17:35,06:00-15:35,,123,可,令和8年10月1日以降,可,随時,経営企画室,折田,オリタ,099-223-7385,099-223-0584,jinji@axyz-grp.co.jp,"〇応募前職場見学を希望の際は、事前に担当者まで
お問い合わせください。
○試用期間:3ヶ月 (労働条件:基本給·通勤手当のみ支給) 
○就業時間について
所定の労働時間·休日·始業終業時刻は勤務表により決定し
週平均の労働時間を法定労働時間以内に設定します。
〇昇給は会社業績·本人の勤務状況を考慮の上、決定します。",〇履歴書:手書き·パソコン作成どちらも可,091,075,075-01,094,094-05,鹿児島県姶良市,,,0361,,,,,,,,,,,,,2025年07月07日 12:58,2025年07月07日 12:58,バーコードスキャン,求人番号_46010-190269.pdf,製造・修理・塗装・製図等の職業,機械整備・修理工,はん用・生産用・業務用機械器具整備・修理工,生産/製造に関わる,整備/修理,建設・土木・電気工事の職業,電気・通信工事の職業,電気工事作業員,建設/建築/土木に関わる,電気工事,0,551,はん用・生産用・業務用機械器具整備・修理従事者,679,その他の電気工事従事者
2025,46010-185169,鹿児島公共職業安定所,4601-13341-5,可,カブシキガイシャアクシーズ,株式会社 アクシーズ,890-0014,鹿児島県鹿児島市草牟田2-1-8 昭和室内ビル3F,,代表取締役社長 伊地知 高正,5340001000258,https://www.axyz-grp.co.jp/,863,200,昭和37年,"4億5,237万円","食品製造業
鶏肉の生産製造加工販売","自社生産の鶏肉を加工し全国へと販売しています。主な販売先は特
にケンタッキーフライドチキンやニチレイ等の大手企業です。東京
証券取引所へ株式上場も行っており、更なる発展を目指しています",正社員,"鶏肉製造加工
【宮之城工場:薩摩郡さつま町】","○自社飼育したブロイラー (鶏) のカット、加工、出荷等一連の作業に
従事していただきます。
·食鳥処理 (ブロイラーを食べられる状態に加工する作業) 
·簡単な製造機械の操作 (知識不要、丁寧に教えます) 
·解体作業 (ブロイラーからモモ肉やムネ肉をカットする作業) 
·検品作業 (製品の規格検査、カット技術の評価) 
·出荷作業 (製品の箱詰め、在庫の管理、積込作業) 
※それぞれの担当部門にて、少しずつ仕事を覚えてもらいます。
【業務の変更範囲:変更なし】",895-1721,"鹿児島県薩摩郡さつま町山崎334
【 (株) アクシーズ 宮之城工場】",山崎城ノ下 (バス停) 駅 から 徒歩3分,3,0,0,不問,なし,可,なし,なし,205000,205000,あり,あり,20,変形労働時間制 (1年単位),日祝 その他,07:00-16:15,07:40-16:55,08:00-17:15,105,可,令和8年10月1日以降,可,随時,経営企画室,折田,オリタ,099-223-7385,099-223-0584,jinji@axyz-grp.co.jp,"〇応募前職場見学を希望の際は、事前に担当者まで
お問い合わせください。
○試用期間:1ヶ月 (労働条件:基本給·通勤手当のみ支給) 
○早出手当2,500〜9,000円
〇昇給は会社業績·本人の勤務状況を考慮の上、決定します。
〇履歴書:手書き·パソコン作成どちらも可",,091,072,072-02,,,鹿児島県薩摩郡さつま町,,,0359,,,,,,,,,,,,,2025年07月07日 12:41,2025年07月07日 12:41,バーコードスキャン,求人番号_46010-185169.pdf,製造・修理・塗装・製図等の職業,製品製造・加工処理工（食料品等）,食肉加工工,生産/製造に関わる,製造/加工(食料品),,,,,,0,533,食料品製造従事者,,
2025,46010-192469,鹿児島公共職業安定所,4601-13341-5,可,カブシキガイシャアクシーズ,株式会社 アクシーズ,890-0014,鹿児島県鹿児島市草牟田2-1-8 昭和室内ビル3F,,代表取締役社長 伊地知 高正,5340001000258,https://www.axyz-grp.co.jp/,863,200,昭和37年,"4億5,237万円","食品製造業
鶏肉の生産製造加工販売","自社生産の鶏肉を加工し全国へと販売しています。主な販売先は特
にケンタッキーフライドチキンやニチレイ等の大手企業です。東京
証券取引所へ株式上場も行っており、更なる発展を目指しています",正社員,設備保全【宮之城工場:薩摩郡さつま町】,"○食肉工場で設備管理業務を行っていただきます。
工場内外の生産機械の保全に係る作業全般
 (更新、電気工事、給排水設備工事、溶接など) 
様々なことを経験していただけます。
※先輩社員の指導のもと、少しずつ仕事を覚えてもらいます。
【業務の変更範囲:変更なし】",895-1721,"鹿児島県薩摩郡さつま町山崎334
【 (株) アクシーズ 宮之城工場】",山崎城ノ下 (バス停) 駅 から 徒歩3分,1,0,0,"必須
※ (1) 第2種電気工事士 (取得見込み可) 
 (2) 2級ボイラー技士 (取得見込み可) 
 (3) 機械保全技能士 (取得見込み可) 
 (1) 〜 (3) のいずれか取得見込みであれば応募可能",あり,可,なし,なし,195000,220200,あり,あり,20,変形労働時間制 (1年単位),日祝 その他,08:00-17:15,,,105,可,令和8年10月1日以降,可,随時,経営企画室,折田,オリタ,099-223-7385,099-223-0584,jinji@axyz-grp.co.jp,"〇応募前職場見学を希望の際は、事前に担当者まで
お問い合わせください。
○試用期間:3ヶ月 (労働条件:基本給·通勤手当のみ支給) 
〇昇給は会社業績·本人の勤務状況を考慮の上、決定します。
〇履歴書:手書き·パソコン作成どちらも可",,091,094,094-05,075,075-01,鹿児島県薩摩郡さつま町,,,0358,,,,,,,,,,,,,2025年07月07日 12:41,2025年07月07日 12:41,バーコードスキャン,求人番号_46010-192469.pdf,建設・土木・電気工事の職業,電気・通信工事の職業,電気工事作業員,建設/建築/土木に関わる,電気工事,製造・修理・塗装・製図等の職業,機械整備・修理工,はん用・生産用・業務用機械器具整備・修理工,生産/製造に関わる,整備/修理,0,679,その他の電気工事従事者,551,はん用・生産用・業務用機械器具整備・修理従事者
2025,46010-194169,鹿児島公共職業安定所,4601-13341-5,可,カブシキガイシャアクシーズ,株式会社 アクシーズ,890-0014,鹿児島県鹿児島市草牟田2-1-8 昭和室内ビル3F,,代表取締役社長 伊地知 高正,5340001000258,https://www.axyz-grp.co.jp/,863,109,昭和37年,"4億5,237万円","食品製造業
鶏肉の生産製造加工販売","自社生産の鶏肉を加工し全国へと販売しています。主な販売先は特
にケンタッキーフライドチキンやニチレイ等の大手企業です。東京
証券取引所へ株式上場も行っており、更なる発展を目指しています",正社員,食品加工【鹿児島工場:薩摩郡さつま町】,"○からあげやレバー煮込みといった加工食品を製造します。
·原料を機械に入れる業務
·製品のチェック
·段ボールへの箱詰め、出荷作業 等
※それぞれの担当部門にて、少しずつ仕事を覚えてもらいます。
【業務の変更範囲:変更なし",895-1721,"鹿児島県薩摩郡さつま町山崎334
【 (株) アクシーズ 鹿児島工場】",山崎城ノ下 (バス停) 駅 から 徒歩3分,1,0,0,不問,なし,可,なし,なし,205000,205000,あり,あり,20,変形労働時間制 (1年単位),日祝 その他,08:00-16:45,,,105,可,令和8年10月1日以降,可,随時,経営企画室,折田,オリタ,099-223-7385,099-223-0584,jinji@axyz-grp.co.jp,"〇応募前職場見学を希望の際は、事前に担当者まで
お問い合わせください。
○試用期間:1ヶ月 (労働条件:基本給·通勤手当のみ支給) 
〇昇給は会社業績·本人の勤務状況を考慮の上、決定します。
〇履歴書:手書き·パソコン作成どちらも可",,091,073,073-99,,,鹿児島県薩摩郡さつま町,,,0357,,,,,,,,,,,,,2025年07月07日 12:41,2025年07月07日 12:41,バーコードスキャン,求人番号_46010-194169.pdf,製造・修理・塗装・製図等の職業,製品製造・加工処理工（金属製品・食料品等を除く）,その他の製品製造・加工処理工（金属製品・食料品等を除く）,生産/製造に関わる,製造/加工(その他),,,,,,0,539,その他の製品製造・加工処理従事者（金属製品を除く）,,
2025,46010-183469,鹿児島公共職業安定所,4601-13341-5,可,カブシキガイシャアクシーズ,株式会社 アクシーズ,890-0014,鹿児島県鹿児島市草牟田2-1-8 昭和室内ビル3F,,代表取締役社長 伊地知 高正,5340001000258,https://www.axyz-grp.co.jp/,863,182,昭和37年,"4億5,237万円","食品製造業
鶏肉の生産製造加工販売","自社生産の鶏肉を加工し全国へと販売しています。主な販売先は特
にケンタッキーフライドチキンやニチレイ等の大手企業です。東京
証券取引所へ株式上場も行っており、更なる発展を目指しています",正社員,鶏肉製造加工【薩摩工場:薩摩郡さつま町】,"○自社飼育したブロイラー (鶏) のカット、加工、出荷等一連の作業に
従事していただきます。
·食鳥処理 (ブロイラーを食べられる状態に加工する作業) 
·簡単な製造機械の操作 (知識不要、丁寧に教えます) 
·解体作業 (ブロイラーからモモ肉やムネ肉をカットする作業) 
·検品作業 (製品の規格検査、カット技術の評価) 
·出荷作業 (製品の箱詰め、在庫の管理、積込作業) 
※それぞれの担当部門にて、少しずつ仕事を覚えてもらいます。
【業務の変更範囲:変更なし】",895-2201,"鹿児島県薩摩郡さつま町求名12161番地2
【 (株) アクシーズ 薩摩工場】",別府原 (バス停) 駅 から 徒歩2分,3,0,0,不問,なし,可,なし,なし,205000,205000,あり,あり,20,変形労働時間制 (1年単位),日祝 その他,07:00-16:10,08:00-17:10,,105,可,令和8年10月1日以降,可,随時,経営企画室,折田,オリタ,099-223-7385,099-223-0584,jinji@axyz-grp.co.jp,"〇応募前職場見学を希望の際は、事前に担当者まで
お問い合わせください。
○試用期間:1ヶ月 (労働条件:基本給·通勤手当のみ支給) 
〇昇給は会社業績·本人の勤務状況を考慮の上、決定します。
〇履歴書:手書き·パソコン作成どちらも可",,091,072,072-02,,,鹿児島県薩摩郡さつま町,,,0356,,,,,,,,,,,,,2025年07月07日 12:41,2025年07月07日 12:41,バーコードスキャン,求人番号_46010-183469.pdf,製造・修理・塗装・製図等の職業,製品製造・加工処理工（食料品等）,食肉加工工,生産/製造に関わる,製造/加工(食料品),,,,,,0,533,食料品製造従事者,,
2025,46010-191569,鹿児島公共職業安定所,4601-13341-5,可,カブシキガイシャアクシーズ,株式会社 アクシーズ,890-0014,鹿児島県鹿児島市草牟田2-1-8 昭和室内ビル3F,,代表取締役社長 伊地知 高正,5340001000258,https://www.axyz-grp.co.jp/,863,182,昭和37年,"4億5,237万円","食品製造業
鶏肉の生産製造加工販売","自社生産の鶏肉を加工し全国へと販売しています。主な販売先は特
にケンタッキーフライドチキンやニチレイ等の大手企業です。東京
証券取引所へ株式上場も行っており、更なる発展を目指しています",正社員,設備保全【薩摩工場:薩摩郡さつま町】,"○食肉工場で設備管理業務を行っていただきます。
○工場内外の生産機械の保全に係る作業全般
 (更新、電気工事、給排水設備工事、溶接など) 
様々なことを経験していただけます。
※先輩社員の指導のもと、少しずつ仕事を覚えてもらいます。
【業務の変更範囲:変更なし】",895-2201,"鹿児島県薩摩郡さつま町求名12161番地2
【 (株) アクシーズ 薩摩工場】",,1,0,0,"必須
※ (1) 第2種電気工事士 (取得見込み可) 
 (2) 2級ボイラー技士 (取得見込み可) 
 (3) 機械保全技能士 (取得見込み可) 
 (1) 〜 (3) のいずれか取得見込みであれば応募可能",あり,可,なし,なし,195000,220200,あり,あり,20,変形労働時間制 (1年単位),日祝 その他,08:00-17:10,,,105,可,令和8年10月1日以降,可,随時,経営企画室,折田,オリタ,099-223-7385,099-223-0584,jinji@axyz-grp.co.jp,"〇応募前職場見学を希望の際は、事前に担当者まで
お問い合わせください。
○試用期間:3ヶ月 (労働条件:基本給·通勤手当のみ支給) 
〇昇給は会社業績·本人の勤務状況を考慮の上、決定します。
〇履歴書:手書き·パソコン作成どちらも可",,091,075,075-01,094,094-05,鹿児島県薩摩郡さつま町,,,0355,,,,,,,,,,,,,2025年07月07日 12:41,2025年07月07日 12:41,バーコードスキャン,求人番号_46010-191569.pdf,製造・修理・塗装・製図等の職業,機械整備・修理工,はん用・生産用・業務用機械器具整備・修理工,生産/製造に関わる,整備/修理,建設・土木・電気工事の職業,電気・通信工事の職業,電気工事作業員,建設/建築/土木に関わる,電気工事,0,551,はん用・生産用・業務用機械器具整備・修理従事者,679,その他の電気工事従事者
2025,46090-80369,出水公共職業安定所,4609-614350-0,可,カブシキガイシャパックカゴシマ ナガシマファームジギョウショ,株式会社P.A.C鹿児島 長島ファーム事業所,899-1304,鹿児島県出水郡長島町城川内2901番地1,,代表取締役 原田 幸二,2340001014566,,68,50,平成20年,"1,000万円","鹿屋市に本社があり、令和5年度からグループに加わった、長島フ
ァーム事業所では、豚の生産から販売までを一貫して経営。
【応募前職場見学可】","未経験者も多数在籍。経験豊富なスタッフが丁寧に指導致します。
各国からの実習生も受け入れています。
夕焼けの美しい農場です。",正社員,豚舎洗浄作業員,"○養豚豚舎における洗浄業務に従事していただきます。
〈主な担当業務〉
·洗浄機による豚舎の洗浄業務 (豚舎の水洗いなど清掃中心の業務です) 
·豚の移動など
·その他、付随する業務
※業務の変更範囲:変更なし",899-1304,鹿児島県出水郡長島町城川内2901番地1,,2,0,0,不問,なし,可,あり,なし,210000,210000,あり,あり,5,,その他,08:00-17:00,,,78,可,令和8年10月1日以降,可,随時,総務,兒玉、西村,コダマ、ニシムラ,0996-88-6228,0996-88-6017,nagashima-f5307@mopera.net,"単身住宅:宿舎費用15,000円·月 光熱費は実費負担
履歴書:手書き作成·パソコン作成いずれも可。","※労働基準法41条 (労働時間、休日等に関する規定の適用除外) 
に該当
※試用期間:あり (1ヶ月·同条件) ",012,064,064-03,,,鹿児島県出水郡長島町,,,0351,,,,,,,,,,,,,2025年07月07日 12:41,2025年07月07日 12:41,バーコードスキャン,求人番号_46090-80369.pdf,農林漁業の職業,農業の職業（養畜・動物飼育・植木・造園を含む）,家畜・家きん飼育作業員,農林水産業に関わる,農業,,,,,,0,462,養畜従事者,,
2025,46090-77169,出水公共職業安定所,4609-614350-0,可,カブシキガイシャパックカゴシマ ナガシマファームジギョウショ,株式会社P.A.C鹿児島 長島ファーム事業所,899-1304,鹿児島県出水郡長島町城川内2901番地1,,代表取締役 原田 幸二,2340001014566,,68,50,平成20年,"1,000万円","鹿屋市に本社があり、令和5年度からグループに加わった、長島フ
ァーム事業所では、豚の生産から販売までを一貫して経営。
【応募前職場見学可】","未経験者も多数在籍。経験豊富なスタッフが丁寧に指導致します。
各国からの実習生も受け入れています。
夕焼けの美しい農場です。",正社員,営繕作業員,"○養豚豚舎における営繕に従事していただきます。
〈主な担当業務〉
·豚舎の柵の修理 (溶接作業) 
·機械、設備什器などの修理
·保守点検
·その他、営繕作業に付随する補助業務
※業務の変更範囲:変更なし",899-1304,鹿児島県出水郡長島町城川内2901番地1,,2,0,0,不問,なし,可,あり,なし,210000,210000,あり,あり,5,,その他,08:00-17:00,,,78,可,令和8年10月1日以降,可,随時,総務,兒玉、西村,コダマ、ニシムラ,0996-88-6228,0996-88-6017,nagashima-f5307@mopera.net,"単身住宅:宿舎費用15,000円·月 光熱費は実費負担
履歴書:手書き作成·パソコン作成いずれも可。","※労働基準法41条 (労働時間、休日等に関する規定の適用除外) 
に該当
※試用期間:あり (1ヶ月·同条件) 
【資格手当について】資格取得者の場合、下記手当が有ります。
アーク溶接手当:10,000円/ガス溶接手当:10,000円",012,064,064-03,,,鹿児島県出水郡長島町,,,0350,,,,,,,,,,,,,2025年07月07日 12:26,2025年07月07日 12:26,バーコードスキャン,求人番号_46090-77169.pdf,農林漁業の職業,農業の職業（養畜・動物飼育・植木・造園を含む）,家畜・家きん飼育作業員,農林水産業に関わる,農業,,,,,,0,462,養畜従事者,,
2025,46090-79969,出水公共職業安定所,4609-614350-0,可,カブシキガイシャパックカゴシマ ナガシマファームジギョウショ,株式会社P.A.C鹿児島 長島ファーム事業所,899-1304,鹿児島県出水郡長島町城川内2901番地1,,代表取締役 原田 幸二,2340001014566,,68,50,平成20年,"1,000万円","鹿屋市に本社があり、令和5年度からグループに加わった、長島フ
ァーム事業所では、豚の生産から販売までを一貫して経営。
【応募前職場見学可】","未経験者も多数在籍。経験豊富なスタッフが丁寧に指導致します。
各国からの実習生も受け入れています。
夕焼けの美しい農場です。",正社員,養豚飼育管理,"○養豚飼育管理全般に従事していただきます。
養豚場における豚の飼養、衛生管理、繁殖豚·肥育豚への給餌 交配、出荷
など。 (母豚2500頭の一貫経営を行っており、現在約50名の作業員で従
事。) 
※業務の変更範囲:変更なし",899-1304,鹿児島県出水郡長島町城川内2901番地1,,3,0,0,不問,なし,可,あり,なし,210000,210000,あり,あり,5,,その他,08:00-17:00,,,78,可,令和8年10月1日以降,可,随時,総務,兒玉、西村,コダマ、ニシムラ,0996-88-6228,0996-88-6017,nagashima-f5307@mopera.net,"◆単身用住居:宿舎費用15,000円/月 光熱費は実費負担
◆履歴書:手書き作成·パソコン作成いずれも可","※労働基準法41条 (労働時間、休日等に関する規定の適用除外) 
に該当
※試用期間:あり (1ヶ月·同条件) ",012,064,064-03,,,鹿児島県出水郡長島町,,,0349,,,,,,,,,,,,,2025年07月07日 12:26,2025年07月07日 12:26,バーコードスキャン,求人番号_46090-79969.pdf,農林漁業の職業,農業の職業（養畜・動物飼育・植木・造園を含む）,家畜・家きん飼育作業員,農林水産業に関わる,農業,,,,,,0,462,養畜従事者,,
2025,46010-363869,鹿児島公共職業安定所,4601-18493-5,可,カブシキガイシャフェニックス,株式会社 フェニックス,891-0131,鹿児島県鹿児島市谷山港2丁目2-17,JR坂之上駅 から 徒歩30分,代表取締役 岩元 浩海,4340001003658,http://www.fenix-g.co.jp/,950,85,昭和49年,"3,000万円","そば、うどん専門店、及び鹿児島の黒豚を食材にしたしゃぶしゃぶ
専門店等を経営している飲食サービス業又県内の高校食堂を経営。","水車の回っている「そば茶屋吹上庵」そば、うどん専門店と黒豚を
主体とした和·洋折衷の飲食店を県内外に40店舗を展開、県内で
はトップクラスのサービス業で今後一層の発展が期待できます",正社員,食品製造,"〇そば茶屋「吹上庵」·黒豚しゃぶ「いちにいさん」·天ぷら「左膳」
ステーキ&ビア「素敵庵」·鹿児島鮨舗「喜鶴寿司」·
学校食堂「ビッグポット」で使用する食品製造
〇その他、パン·和菓子 (もなか·おはぎ) などの製造
《業務の変更範囲:なし》",891-0131,鹿児島県鹿児島市谷山港2丁目2-17,JR坂之上駅 から 徒歩30分,10,0,0,"必須
*普通自動車運転免許 (AT限定可·入社後取得可) ",なし,可,なし,なし,153000,210450,あり,あり,28,,日 その他,08:00-17:20,,,108,可,令和8年10月1日以降,可,補足事項欄参照,総務部 部長,笹尾 要,ササオ カナメ,099-261-8888,099-261-8422,kyujin@fenix-g.co.jp,"〇札幌·東京·熊本·鹿児島に40店舗を展開
〇就業時間
*所定の労働時間·休日·始業終業時刻は勤務表により決定し
週平均の労働時間を法定労働時間以内に設定します。
 (171.33時間/月) ","〇応募前職場見学を希望の際は事前に担当者までご連絡ください。
〇福利厚生等について
·各保険制度·各お祝い制度·慶弔制度·特別休暇制度·
各レクレーション等充実した制度あり
〇ライフワークバランスへ積極的に取り組んでおります。
〇仕事の習得具合、リーダーシップ、積極性によっては早期の昇進
昇格、昇給等のチャンスがあります。
ぜひ何事にも向上心を持って取り組んでください。
〇履歴書:手書き、パソコン作成どちらも可",761,007,007-01,072,072-01,鹿児島県鹿児島市,,,0348,,,,,,,,,,,,,2025年07月07日 12:26,2025年07月07日 12:26,バーコードスキャン,求人番号_46010-363869.pdf,研究・技術の職業,製造技術者,食品製造技術者,生産/製造に関わる,技術/開発,製造・修理・塗装・製図等の職業,製品製造・加工処理工（食料品等）,パン・菓子製造工,生産/製造に関わる,製造/加工(食料品),0,081,食品技術者（開発を除く）,533,食料品製造従事者
2025,46010-362969,鹿児島公共職業安定所,4601-18493-5,可,カブシキガイシャフェニックス,株式会社 フェニックス,891-0131,鹿児島県鹿児島市谷山港2丁目2-17,JR坂之上駅 から 徒歩30分,代表取締役 岩元 浩海,4340001003658,http://www.fenix-g.co.jp/,950,40,昭和49年,"3,000万円","そば、うどん専門店、及び鹿児島の黒豚を食材にしたしゃぶしゃぶ
専門店等を経営している飲食サービス業又県内の高校食堂を経営。","水車の回っている「そば茶屋吹上庵」そば、うどん専門店と黒豚を
主体とした和·洋折衷の飲食店を県内外に40店舗を展開、県内で
はトップクラスのサービス業で今後一層の発展が期待できます",正社員,調理師,"〇そば茶屋「吹上庵」·黒豚しゃぶ「いちにいさん」·天ぷら「左膳」
ステーキ&ビア「素敵庵」·鹿児島鮨舗「喜鶴寿司」
〇調理において専門的知識、技術を習得していただき、調理全般の業務に
従事していただきます。
《業務の変更範囲:なし》",891-0131,"鹿児島県鹿児島市谷山港2丁目2-17
配属先:鹿児島県内各店舗",JR坂之上駅 から 徒歩30分,10,0,0,"あれば尚可
*普通自動車運転免許 (AT限定可·入社後取得可) ",あり,可,なし,なし,153000,210450,あり,あり,28,変形労働時間制 (1ヶ月単位),その他,08:00-17:20,10:00-19:20,12:00-21:20,108,可,令和8年10月1日以降,可,補足事項欄参照,総務部 部長,採用担当者,,099-261-8888,099-261-8422,kyujin@fenix-g.co.jp,"〇札幌·東京·熊本·鹿児島に40店舗を展開
〇配属:店舗、勤務時間の要望等相談に乗れる範囲で対応します。
〇転勤可能性:鹿児島県内26店舗
 (鹿児島市·南九州市·日置市·霧島市·姶良市·
鹿屋市·志布志市) 
○マイカー通勤可の事業所あり: (駐車場有無は店舗による) 
〇就業時間
* (1) 〜 (3) の交代勤務制 (店舗により異なる場合あり) 
*1ヶ月単位の変形労働時間制 (171.33時間/月) ","〇応募前職場見学を希望の際は事前に担当者までご連絡ください。
〇福利厚生等について
·各保険制度·各お祝い制度·慶弔制度·特別休暇制度·
各レクレーション等充実した制度あり
〇ライフワークバランスへ積極的に取り組んでおります。
〇仕事の習得具合、リーダーシップ、積極性によっては早期の昇進
昇格、昇給等のチャンスがあります。
ぜひ何事にも向上心を持って取り組んでください。
〇履歴書:手書き、パソコン作成どちらも可",761,055,055-01,,,鹿児島県鹿児島市,鹿児島県霧島市,鹿児島県鹿屋市,0347,,,,,,,,,,,,,2025年07月07日 12:26,2025年07月07日 12:26,バーコードスキャン,求人番号_46010-362969.pdf,サービスの職業,飲食物調理の職業,日本料理調理人,接客/サービスに関わる,飲食,,,,,,0,391,調理人,,
2025,46010-361669,鹿児島公共職業安定所,4601-18493-5,可,カブシキガイシャフェニックス,株式会社 フェニックス,891-0131,鹿児島県鹿児島市谷山港2丁目2-17,JR坂之上駅 から 徒歩30分,代表取締役 岩元 浩海,4340001003658,http://www.fenix-g.co.jp/,950,40,昭和49年,"3,000万円","そば、うどん専門店、及び鹿児島の黒豚を食材にしたしゃぶしゃぶ
専門店等を経営している飲食サービス業又県内の高校食堂を経営。","水車の回っている「そば茶屋吹上庵」そば、うどん専門店と黒豚を
主体とした和·洋折衷の飲食店を県内外に40店舗を展開、県内で
はトップクラスのサービス業で今後一層の発展が期待できます",正社員,店長候補,"〇そば茶屋「吹上庵」·黒豚しゃぶ「いちにいさん」·天ぷら「左膳」
ステーキ&ビア「素敵庵」·鹿児島鮨舗「喜鶴寿司」
〇店舗における調理、接客、発注、シフト作成、スタッフ教育など
店舗業務全般のお仕事です。
《業務の変更範囲:なし》",891-0131,"鹿児島県鹿児島市谷山港2丁目2-17
配属先:鹿児島県内店舗",JR坂之上駅 から 徒歩30分,10,0,0,"あれば尚可
*普通自動車運転免許 (AT限定可·入社後取得可) ",あり,可,なし,なし,153000,210450,あり,あり,28,変形労働時間制 (1ヶ月単位),その他,08:00-17:20,10:00-19:20,12:00-21:20,108,可,令和8年10月1日以降,可,補足事項欄参照,総務部 部長,笹尾 要,ササオ カナメ,099-261-8888,099-261-8422,kyujin@fenix-g.co.jp,"〇札幌·東京·熊本·鹿児島に40店舗を展開
〇配属:店舗、勤務時間の要望等相談に乗れる範囲で対応します。
〇転勤可能性:鹿児島県内26店舗
 (鹿児島市·南九州市·日置市·霧島市·姶良市·
鹿屋市·志布志市) 
○マイカー通勤可の事業所あり: (駐車場有無は店舗による) 
〇就業時間
* (1) 〜 (3) の交代勤務制 (店舗により異なる場合あり) 
*1ヶ月単位の変形労働時間制 (171.33時間/月) ","〇応募前職場見学を希望の際は事前に担当者までご連絡ください。
〇福利厚生等について
·各保険制度·各お祝い制度·慶弔制度·特別休暇制度·
各レクレーション等充実した制度あり
〇ライフワークバランスへ積極的に取り組んでおります。
〇仕事の習得具合、リーダーシップ、積極性によっては早期の昇進
昇格、昇給等のチャンスがあります。
ぜひ何事にも向上心を持って取り組んでください。
〇履歴書:手書き、パソコン作成どちらも可",761,056,056-01,,,鹿児島県鹿児島市,鹿児島県霧島市,鹿児島県鹿屋市,0346,,,,,,,,,,,,,2025年07月07日 12:26,2025年07月07日 12:26,バーコードスキャン,求人番号_46010-361669.pdf,サービスの職業,接客・給仕の職業,飲食店店長,接客/サービスに関わる,接客,,,,,,0,401,飲食店主・店長,,
2025,46010-821969,鹿児島公共職業安定所,4601-11225-3,可,カゴシマソウゴウケイビホショウ カブシキガイシャ,鹿児島綜合警備保障 株式会社,890-0062,鹿児島県鹿児島市与次郎1丁目2番1号,,代表取締役社長 荒武 貞夫,7340001000891,http://www.kasokei.co.jp/,693,153,昭和41年,"2,000万円","綜合警備業務。各種センサーの監視により行う機械警備、警備員を
常駐させて行う常駐警備 (空港においての手荷物検査を行う空港保
安警備も含む) 、特殊車両による警備輸送、その他各種警備業務。","昭和41年に九州で最初に設立された警備会社で地元鹿児島の安全
、安心を守る。最新、最高のシステムを駆使し、一般家庭から国家
事業まで幅広いユーザーを持ち、県下ナンバー1の実績を持つ。",正社員,技術系(セキュリティ工事·点検),"〇セキュリティ工事·点検 (警備技術) 
警備システムや各種最新の防犯·防災機器など、最適なセキュリティ環境の
設計から、機器の設置工事での施工管理を行います。
設置後は24時間体制でメンテナンスも担い、エンジニアとしてお客様の
「安全·安心」をトータルにサポートします。
現場で警備業務のカバーをすることもあります。
《変更範囲:なし》",890-0062,鹿児島県鹿児島市与次郎1-6-33 (本社),,5,0,0,"必須
普通自動車第一種免許 (AT限定可·入社後取得可) ",あり,可,なし,なし,200000,200000,あり,あり,30,変形労働時間制 (1ヶ月単位),その他,09:00-18:00,,,107,可,令和8年10月1日以降,可,随時,人事部 採用課,採用担当者,,099-251-0991,099-251-0979,jinji@kasokei.co.jp,"〇各種手当:通勤手当、住宅手当、駐車場手当、役職手当、
赴任手当など (会社規程による) 
〇昇 給:年1回の人事考課により昇給額決定
〇業務内容詳細は弊社ホームページの採用情報 (高校生向け) 参照
○福利厚生倶楽部が利用できます
○選考旅費:離島の船便全額保証 (領収書をご提出ください) ","○応募前職場見学を希望の際は事前に担当者までご連絡ください。
○選考:日時は別途通知します。
《試験内容》個人面接·適性検査· (簡易) 体力測定
アンケート (業務、勤務地の希望を記入) 
〇履歴書:手書き·パソコン作成どちらも可
【書類提出先】
〒890-8508鹿児島市与次郎1-6-33
鹿児島綜合警備保障 (株) 人事部宛",923,094,094-05,,,鹿児島県鹿児島市,,,0345,,,,,,,,,,,,,2025年07月07日 12:26,2025年07月07日 12:26,バーコードスキャン,求人番号_46010-821969.pdf,建設・土木・電気工事の職業,電気・通信工事の職業,電気工事作業員,建設/建築/土木に関わる,電気工事,,,,,,0,679,その他の電気工事従事者,,
2025,46010-820669,鹿児島公共職業安定所,4601-11225-3,可,カゴシマソウゴウケイビホショウ カブシキガイシャ,鹿児島綜合警備保障 株式会社,890-0062,鹿児島県鹿児島市与次郎1丁目2番1号,,代表取締役社長 荒武 貞夫,7340001000891,http://www.kasokei.co.jp/,693,693,昭和41年,"2,000万円","綜合警備業務。各種センサーの監視により行う機械警備、警備員を
常駐させて行う常駐警備 (空港においての手荷物検査を行う空港保
安警備も含む) 、特殊車両による警備輸送、その他各種警備業務。","昭和41年に九州で最初に設立された警備会社で地元鹿児島の安全
、安心を守る。最新、最高のシステムを駆使し、一般家庭から国家
事業まで幅広いユーザーを持ち、県下ナンバー1の実績を持つ。",正社員,事務系(事務·資金管理·コールセンター),"〇事務【警備事務】警備現場のサポートあり
配置される部署の総務·経理·人事等の各種事務業務を主に行い、
警備·営業·技術の仕事が滞りなく運ぶようサポートします。
〇資金管理【警備輸送 (資金管理) 】警備現場サポートあり
契約先への現金配金に伴う書類作成や現金の計数、契約先への現金の
配送準備を行います。
〇コールセンター【機械警備 (ガードセンター) 】警備現場のサポートあり
お客様からの電話応対を主に行います。現場の近くにいる警備員に連絡し
被害の拡大防止に努めます。 《変更範囲:警備系》",000-0000,"本社、警送支店、中央支店、北薩支店、霧島支店、鹿屋支店
のいずれか",,3,0,0,"必須
*普通自動車第一種免許 (AT限定可·入社後取得可) ",あり,可,なし,なし,200000,200000,あり,あり,15,変形労働時間制 (1ヶ月単位),その他,09:00-18:00,18:00-09:00,,107,可,令和8年10月1日以降,可,随時,人事部 採用課,採用担当者,,099-251-0991,099-251-0979,jinji@kasokei.co.jp,"〇各種手当:通勤手当、住宅手当、駐車場手当、役職手当、
赴任手当など (会社規程による) 
〇昇 給:年1回の人事考課により昇給額決定
○就業時間:週40時間を基本とした交替制
*就業時間 (2) 深夜勤務手当支給 (休憩180分) 
〇業務は会社のニーズおよび本人の希望を考慮して配置します。
〇業務内容詳細は弊社ホームページの採用情報 (高校生向け) 参照
○福利厚生倶楽部が利用できます。
○選考旅費:離島の船便全額保証 (領収書をご提出ください) ","○応募前職場見学を希望の際は事前に担当者までご連絡ください。
○選考:日時は別途通知します。
《試験内容》個人面接·適性検査· (簡易) 体力測定
アンケート (業務、勤務地の希望を記入) 
〇履歴書:手書き·パソコン作成どちらも可
【書類提出先】
〒890-8508鹿児島市与次郎1-6-33
鹿児島綜合警備保障 (株) 人事部宛",923,034,034-01,036,036-01,鹿児島県鹿児島市,鹿児島県薩摩川内市,鹿児島県鹿屋市,0344,,,,,,,,,,,,,2025年07月07日 12:26,2025年07月07日 12:26,バーコードスキャン,求人番号_46010-820669.pdf,事務的職業,一般事務・秘書・受付の職業,一般事務員,事務に関わる,一般事務,事務的職業,電話・インターネットによる応接事務の職業,コールセンターオペレーター,事務に関わる,一般事務,0,257,総合事務員,256,電話応接事務員
2025,46010-819469,鹿児島公共職業安定所,4601-11225-3,可,カゴシマソウゴウケイビホショウ カブシキガイシャ,鹿児島綜合警備保障 株式会社,890-0062,鹿児島県鹿児島市与次郎1丁目2番1号,,代表取締役社長 荒武 貞夫,7340001000891,http://www.kasokei.co.jp/,693,693,昭和41年,"2,000万円","綜合警備業務。各種センサーの監視により行う機械警備、警備員を
常駐させて行う常駐警備 (空港においての手荷物検査を行う空港保
安警備も含む) 、特殊車両による警備輸送、その他各種警備業務。","昭和41年に九州で最初に設立された警備会社で地元鹿児島の安全
、安心を守る。最新、最高のシステムを駆使し、一般家庭から国家
事業まで幅広いユーザーを持ち、県下ナンバー1の実績を持つ。",正社員,"警備系(機械警備·施設警備·空港保安·貴
重品輸送)","〇機械警備 警備機器が設置された施設の、異常を感知した際に急行し警報の
対応や管理を行い、メインフィールドで「安全·安心」を支えます。
〇施設警備 (常駐警備)  オフィスビル·複合施設や重要施設等に人員を
配置し、施設の巡回、セキュリティ機器の稼働確認や施設管理を行います。
〇空港保安 (空港保安警備)  空港での手荷物検査やボディチェックを行い、
危険物の持込を防止します。地上から空の「安全·安心」を支えます。
〇貴重品輸送 (警備輸送)  現金や有価証券など、お客様の大切な財産を
輸送するほか、金融機関ATMへの現金の装填や回収を行います。
《変更範囲:事務系》",000-0000,"本社、警送支店、中央支店、北薩支店、霧島支店、鹿屋支店、
常駐川内支店、常駐空港支店 のいずれか",,15,0,0,"必須
*普通自動車第一種免許 (AT限定可·入社後取得可) ",あり,可,なし,なし,200000,200000,あり,あり,30,変形労働時間制 (1ヶ月単位),その他,09:00-18:00,18:00-09:00,,107,可,令和8年10月1日以降,可,随時,人事部 採用課,採用担当者,,099-251-0991,099-251-0979,jinji@kasokei.co.jp,"〇各種手当:通勤手当、住宅手当、駐車場手当、役職手当、
赴任手当など (会社規程による) 
〇昇 給:年1回の人事考課により昇給額決定
○就業時間:週40時間を基本とした交替制
*就業時間 (2) 深夜勤務手当支給 (休憩180分) 
〇業務は会社のニーズおよび本人の希望を考慮して配置します。
〇業務内容詳細は弊社ホームページの採用情報 (高校生向け) 参照
○福利厚生倶楽部が利用できます。
○選考旅費:離島の船便全額保証 (領収書をご提出ください) ","○応募前職場見学を希望の際は事前に担当者までご連絡ください。
○選考:日時は別途通知します。
《試験内容》個人面接·適性検査· (簡易) 体力測定
アンケート (業務、勤務地の希望を記入) 
〇履歴書:手書き·パソコン作成どちらも可
【書類提出先】
〒890-8508鹿児島市与次郎1-6-33
鹿児島綜合警備保障 (株) 人事部宛",923,059,059-01,059,059-99,鹿児島県鹿児島市,鹿児島県薩摩川内市,鹿児島県鹿屋市,0343,,,,,,,,,,,,,2025年07月07日 12:26,2025年07月07日 12:26,バーコードスキャン,求人番号_46010-819469.pdf,警備・保安の職業,警備員,施設警備員,警備/保安に関わる,警備員,警備・保安の職業,警備員,その他の警備員,警備/保安に関わる,警備員,0,453,警備員,453,警備員
2025,46030-50169,鹿屋公共職業安定所,4603-613319-6,可,カブシキガイシャ モリファーム,株式会社 森ファーム,899-8511,鹿児島県鹿屋市輝北町市成3378-1,,代表取締役 森 義之,4340005007093,,44,40,昭和62年,500万円,"畜産業 (牛の肥育·生産<約4,000頭>) 、アグリ事業部門","森産業グループ20社の1社として社員の融和をもって畜産王国鹿
児島の中核地域の繁栄に取り組んでいます。",正社員,飼育管理業務,"○鹿児島県産黒毛和牛の一貫飼育 (約4000頭) に関する餌やり
畜舎清掃等の飼育管理業務全般のお仕事です。
【変更範囲:なし】
★応募前職場見学も可能です★
ご希望の方は、学校を通じてお気軽にご連絡ください。",899-8511,鹿児島県鹿屋市輝北町市成3378-1,,0,0,2,不問,あり,可,あり,なし,204750,204750,あり,あり,10,,その他,07:30-17:00,,,56,可,令和8年10月1日以降,可,随時,代表取締役,森 義之,モリ ヨシユキ,099-481-1515,099-481-1500,,"*新卒者入社日:令和9年4月1日
*試用期間 :3ヶ月 (労働条件変更なし) 
*配 置 :入社後3カ月かけて、生産牛から肥育牛の
飼育管理全般について研修しその後配置します。
*通 勤 :マイカー可 (駐車場無料) 
*通勤手当 :距離に応じて支給 (上限10,000円) 
*宿 舎 :1部屋1人、4.5畳/1人、通勤5分
*履歴書 :手書き·パソコン作成どちらでも可","*転勤範囲:将来的にグループ企業の
 (株) 森ファーム宮崎
 (宮崎県児湯郡高鍋町大字上江6573-2) 
への転勤の可能性があります。
※労基法第41条第1号該当 (畜産) 業種のため
労働時間·休日·休憩等に関しては労基法適用除外
◆令和8年6月16日「公正な採用·選考のために」等にて説明済",012,064,064-03,,,鹿児島県鹿屋市,,,0302,,,,,,あり,,,,,,,2025年07月07日 12:26,2025年07月16日 05:42,バーコードスキャン,求人番号_46030-50169.pdf,農林漁業の職業,農業の職業（養畜・動物飼育・植木・造園を含む）,家畜・家きん飼育作業員,農林水産業に関わる,農業,,,,,,0,462,養畜従事者,,
2025,46010-579169,鹿児島公共職業安定所,4601-2977-0,可,カゴシマシンヨウキンコ,鹿児島信用金庫,892-0821,鹿児島県鹿児島市名山町1-23,,理事長 市川 博海,8340005001464,https://www.shinkin.co.jp/kashin/,385,13,大正11年,"43億1,033万円","信用金庫業務 (預金、融資、内国為替、外国為替) のほかに、代理
業務、日本銀行歳入代理店等の付随業務、国債窓販業務
【県女性活躍推進宣言企業】","鹿児島信用金庫は、2022年10月に創立100周年を迎えた協
同組織金融機関です。「かしんの杜」をはじめとした地域貢献活動
にも力を入れており、地域社会の発展を目指しています。",正社員,総合職,"〇渉外担当
*個人·法人ともに得意先や新規先への資産運用相談·提案業務
〇内勤担当
*信用金庫窓口業務
新規口座開設や入出金、送金、税金納付等の受付·事務手続き。
*資産運用相談業務
お客様のニーズやライフプランに応じた商品·サービスのご提案。
《変更範囲:なし》",000-0000,離島を除く鹿児島県内 本支店37ヶ所 (特記事項参照),,2,0,0,不問,あり,可,あり,あり,220000,220000,あり,あり,9,,土日祝 その他,08:40-17:00,08:40-17:40,,120,可,令和8年10月1日以降,可,随時,総務部人事グループ 副調査役,相良 菜季紗,サガラ ナギサ,099-224-8435,099-224-5098,jinji@kashin.co.jp,"〇就業時間 (2) は、月初·週初·週末·25日〜月末まで。
〇福利厚生等について
退職金制度、全国信用金庫厚生年金基金、職員融資制度、
育児休業制度、介護休業制度、スポーツジムとの提携、
人間ドック、契約保養施設 (40数ヶ所) 、長期療養欠勤制度、
資格取得奨励金あり","○応募前職場見学について希望の際には事前に担当者まで
お問い合わせください。
○就業場所および転勤の勤務地
·鹿児島市16店舗 ·姶良、伊佐8店舗
·日置市 3店舗 ·北薩 4店舗
·南薩 4店舗 ·大隅 2店舗
○入庫3カ月後に有給休暇10日付与
○履歴書:手書き·パソコン作成どちらも可",631,048,048-07,038,038-02,鹿児島県鹿児島市,鹿児島県鹿屋市,鹿児島県薩摩川内市,0301,,,,,,,,,,,,,2025年07月07日 12:26,2025年07月07日 12:26,バーコードスキャン,求人番号_46010-579169.pdf,販売・営業の職業,営業の職業,金融・保険営業員,営業に関わる,営業,事務的職業,会計事務の職業,預・貯金窓口事務員,事務に関わる,会計事務,1,346,金融・保険営業職業従事者,262,預・貯金窓口事務員
2025,46010-580869,鹿児島公共職業安定所,4601-2977-0,可,カゴシマシンヨウキンコ,鹿児島信用金庫,892-0821,鹿児島県鹿児島市名山町1-23,,理事長 市川 博海,8340005001464,https://www.shinkin.co.jp/kashin/,385,13,大正11年,"43億1,033万円","信用金庫業務 (預金、融資、内国為替、外国為替) のほかに、代理
業務、日本銀行歳入代理店等の付随業務、国債窓販業務
【県女性活躍推進宣言企業】","鹿児島信用金庫は、2022年10月に創立100周年を迎えた協
同組織金融機関です。「かしんの杜」をはじめとした地域貢献活動
にも力を入れており、地域社会の発展を目指しています。",正社員,一般職,"○内勤担当
*信用金庫窓口業務
新規口座開設や入出金、送金、税金納付等の受付·事務手続き。
*資産運用相談業務
お客様のニーズやライフプランに応じた商品·サービスのご提案。
《変更範囲:なし》",000-0000,"南薩4店舗、北薩4店舗、大隅2店舗 (特記事項参照)
※自宅通勤圏内",,2,0,0,不問,あり,可,なし,なし,200000,200000,あり,あり,9,,土日祝 その他,08:40-17:00,08:40-17:40,,120,可,令和8年10月1日以降,可,随時,総務部人事グループ 副調査役,相良 菜季紗,サガラ ナギサ,099-224-8435,099-224-5098,jinji@kashin.co.jp,"○就業時間 (2) は、月初·週初·週末·25日〜月末まで。
○福利厚生等について
退職金制度、全国信用金庫厚生年金基金、職員融資制度、
育児休業制度、介護休業制度、スポーツジムとの提携、
人間ドック、契約保養施設 (40数ヶ所) 、長期療養欠勤制度、
資格手当、資格取得奨励金あり
○履歴書:手書き·パソコン作成どちらも可","○応募前職場見学について希望の際は、事前に担当者まで
お問い合わせください。
○就業場所および転勤の勤務地
·南薩4店舗 (指宿·枕崎·加世田·知覧) 
·北薩4店舗 (川内·出水·阿久根·宮之城) 
·大隅2店舗 (鹿屋·志布志) 
※自宅通勤圏内 (各地区内での転勤あり) 
○入庫3カ月後に有給休暇10日付与",631,038,038-02,048,048-07,鹿児島県鹿児島市,鹿児島県鹿屋市,鹿児島県薩摩川内市,0300,,,,,,,,,,,,,2025年07月07日 11:20,2025年07月07日 11:20,バーコードスキャン,求人番号_46010-580869.pdf,事務的職業,会計事務の職業,預・貯金窓口事務員,事務に関わる,会計事務,販売・営業の職業,営業の職業,金融・保険営業員,営業に関わる,営業,0,262,預・貯金窓口事務員,346,金融・保険営業職業従事者
2025,46030-85969,鹿屋公共職業安定所,4603-15081-8,可,キモツキドケンカブシキガイシャ,肝付土建 株式会社,893-1103,鹿児島県鹿屋市吾平町麓3992-5,,代表取締役 谷口 和幸,8340001013876,https://www.kimotsukidoken.com,23,23,昭和41年,"5,500万円","土木工事をメインにこれまで、国·県·市発注を中心に道路·河川
·砂防·舗装などの様々な工事を行っております。","昭和41年設立で今年で60年目をむかえ堅実な姿勢で事業展開を
続け、安定経営を続けてきた会社です。若手や熟練の仲も良く、
みんなで会社を盛り上げています。",正社員,現場監督補助,"○道路·河川等の土木工事の現場管理及び付随する書類作成等の補助
*慣れるまでは先輩社員が丁寧に指導します。
将来的には現場監督として、現場を管理していただきます。
※変更の範囲:会社の定める業務",893-1103,鹿児島県鹿屋市吾平町麓3992-5,,2,0,0,"必須
普通自動車運転免許 (AT限定可) 
※入社後取得可",なし,可,なし,なし,190000,221000,あり,あり,10,,土日 その他,07:45-17:15,,,110,可,令和8年10月1日以降,可,随時,代表取締役,谷口 和幸,タニグチ カズユキ,0994-58-7131,0994-58-8216,,"*応募前見学は可ですが、時期によりますのでご連絡頂ければその
都度対応いたします。
*試用期間は3ヶ月で条件変更はありません。
*入社1年目の賞与は採用後6ヶ月経過後より対象となるため、
初年度は年1回となります。
*入社日は令和9年4月1日となります。
*履歴書:手書き作成のみ","※特別に支払われる手当について
資格手当:当社の定める資格を保有している場合
遠方手当:遠方の現場に配置した場合
現場手当:現場の担当として配置された場合
※高校既卒者の応募可 (既卒5年以内) 
*鹿児島労働局のホームページで企業PR動画掲載中です。
◆令和8年6月19日「公正な採用·選考のために」等にて説明済",061,039,039-01,,,鹿児島県鹿屋市,,,0298,,,,,,,,,,,,,2025年07月07日 11:20,2025年07月07日 11:20,バーコードスキャン,求人番号_46030-85969.pdf,事務的職業,生産関連事務の職業,生産現場事務員,事務に関わる,生産事務,,,,,,0,271,生産現場事務員,,
2025,46010-329969,鹿児島公共職業安定所,4601-2110-3,可,マルエーフェリーカブシキガイシャ,マルエーフェリー 株式会社,892-0822,鹿児島県鹿児島市泉町16番4号,鹿児島市電 朝日通り電停から徒歩3分,代表取締役 有村 和晃,5340001010554,http://www.aline-ferry.com/,225,8,昭和28年,"4億5,500万円","一般旅客定期航路事業〔国内における貨客船を運航。鹿児島〜奄美
〜沖縄〕内航海運業 (国内における貨物船を運航。東京航路·阪神
航路·北九州航路) ","昭和28年会社設立。関東·関西·北九州·南九州から奄美·沖縄
ヘの物流·旅客輸送サービスを提供している船社です。",正社員,"貨物受付業務に付随する一般事務
[志布志市]","○自社船舶にて貨物を安心·安全にお届けするためのハンドリング業務を
お任せします。
·既存取引先を訪問し、貨物輸送について提案営業をお願いします。
 (最初は先輩と二人で取引先を回っていただきます) 
·入出港の立ち会い (船員や荷役会社との打ち合わせ等) 
·見積もり対応·船に乗せる貨物の予定調整 (ブッキング) 
·貨物を運ぶ協力会社やトラック会社の手配
·コンテナ·シャーシ等機材の管理·提供 など
*南九州支店勤務 《業務の変更範囲:なし》",899-7104,鹿児島県志布志市志布志町安楽3447番地1,JR日南線·志布志駅 から 車5分,1,0,0,"必須
*普通自動車運転免許 (AT限定可) 入社後取得可",なし,可,なし,なし,217143,217143,あり,あり,20,変形労働時間制 (1ヶ月単位),その他,08:30-17:30,,,125,可,令和8年10月1日以降,可,補足事項欄参照,総務部,新垣真亜,アラカキマア,099-224-2111,099-226-4146,soumu@aline-ferry.com,"○就業場所:今年4月に新事務所が完成しました。
志布志地区のリーダーを目指していただきます。
○就業時間:満20歳到達後は月3回程度下記シフトがあります。
 (1) 3:30〜12:30
 (2) 4:30〜13:30
※週の所定労働時間を法定労働時間に設定します。
○家賃補助制度:経路10km圏内他、支給条件あり。
○応募前職場見学を希望の際は、事前に担当者までご連絡下さい。","○休日:基本、土日祝休みですが、船の入出港に合わせて
月に3回程度の出勤あり ※出勤分は振替で取得
入社半年後に有休が付与されますので、
それまでの欠勤については賃金控除があります。
○勤務シフトは毎月25日を目途に翌月シフトを決定します。
希望日を事前に申告してもらい調整します。
 (ただし船の入出港の関係で希望が叶わない場合もあります) 
○選考:南九州支店 (志布志市) にて
面接および適性検査 (WEB) を実施予定
○履歴書:手書き·パソコン作成どちらも可",452,034,034-01,048,048-99,鹿児島県志布志市,,,0296,,,,,,,,,,,,,2025年07月07日 11:20,2025年07月07日 11:20,バーコードスキャン,求人番号_46010-329969.pdf,事務的職業,一般事務・秘書・受付の職業,一般事務員,事務に関わる,一般事務,販売・営業の職業,営業の職業,その他の営業の職業,営業に関わる,営業,0,257,総合事務員,349,その他の営業職業従事者
2025,46010-905269,鹿児島公共職業安定所,4601-2428-5,可,イワサキサンギョウ カブシキガイシャ,岩崎産業 株式会社,892-0816,鹿児島県鹿児島市山下町9-5,,代表取締役 岩崎 芳太郎,5340001000497,,563,125,大正11年,"3,800万円","鹿児島を拠点に、石油販売事業や指宿·種子島·屋久島でのホテル
事業などを中心としながら、南九州最大規模の公共交通網を含む約
30社のグループ企業を傘下に様々な事業を展開しています。","グループが有する多彩なサービスと交通網を駆使し、鹿児島の魅力
を国内外へ、地方から世界へと発信している企業です。2017年
には経済産業省より「地域未来牽引企業」に選定されました。",正社員,エネルギー販売関連事業,"弊社は、カーライフサポート部門 (サービスステーション) 、法人セールス部
門、物流部門、販売サポート (事務) 部門で構成されたエネルギー関連事業を
行っており、個人個人の適性に対応した配属が可能な職場です。
鹿児島県22店舗·宮崎県1店舗のサービスステーションを運営しており、カ
ーコーティング施工、洗車、軽整備、自動車燃料の提供を行っております。
希望勤務地があればそれを考慮して配属を行っていきますので、安心して働け
る環境です。
《変更範囲:本人の適性に応じグループ内で転属·転籍を行う場合あり》",890-0064,"·鹿児島市鴨池新町 エネルギー本部
·鹿児島県内 22店舗
·宮崎県都城市 1店舗",,0,0,5,"あれば尚可
乙種第4類危険物取扱者 (入社後取得可) ",あり,可,あり,なし,195000,203000,あり,あり,25,変形労働時間制 (1年単位),その他,07:00-15:45,08:55-17:40,12:15-21:00,110,可,令和8年10月1日以降,可,随時,採用担当,岩永 優希,イワナガ ユキ,099-223-0112,099-225-0027,somu.ghq@iwasaki-group.com,"○試用期間:3ヶ月 (日給:9,176円) 
◯昇給賞与は会社の業績や個人の業務·評価により変動
○現業手当は店舗配属となった場合支給
◯通勤手当は3km以上で16,000円を上限として支給
◯自宅から通勤が困難な場合、寮または借上社宅に入居可能
○履歴書:手書き·パソコン作成どちらでも可
◯既卒者の応募等のご相談はご連絡ください (個別対応) 
○応募前職場見学を希望される場合は、事前に担当者まで
ご連絡ください。","*記載されている勤務時間は一例です。7:00〜21:00間で
1日実働465分の交代制勤務。店舗により勤務時間は異なる。
*1年単位の変形労働時間制です。特定の日·週には法定労働時間
を超えて勤務することがありますが、変形期間を平均すると法定
労働時間内での勤務となります。
○賃金月額には残業代は含まれていません。別途支給されます。
○特別に支払われる手当
危険物乙四類·自動車整備士3級等1,000〜6,000円/月
離島手当 (本土からの赴任) 45,000円〜/月",605,045,045-13,,,鹿児島県鹿児島市,鹿児島県霧島市,宮崎県都城市,0293,,,,,,あり,,,,,,,2025年07月07日 11:20,2025年07月16日 05:40,バーコードスキャン,求人番号_46010-905269.pdf,販売・営業の職業,販売員,ガソリンスタンド店員,販売に関わる,販売,,,,,,0,323,販売店員,,
2025,46030-47369,鹿屋公共職業安定所,4603-103439-4,可,カブシキガイシャ モリケンセツ,株式会社 森建設,893-0201,鹿児島県鹿屋市輝北町上百引3945-1,,代表取締役 森 義大,3340001014169,https://mori-construction.jp/,111,101,昭和30年,"2,000万円","1995年創業。鹿児島県内4支店、宮崎·熊本·福岡にも支店展
開。土木建築、舗装·港湾工事など、地域のあらゆる建設事業に携
わっており、『地域未来牽引企業 (経済産業省) 』に認定。","男女問わず、社員が仕事と生活の調和を大切にしながら働ける職場
を目指し『かごしま子育て応援企業』『イクボス宣言』『女性活躍
推進宣言』に取り組んでいます。女性技術者も活躍中。",正社員,土木·建築施工管理,"★建物や道路などを作るため、計画から完成までを支える仕事です。
工事の進み具合をチェックしたり、職人さんと相談しながら現場をまとめま
す。経験を積むことで、材料や図面の知識·スケジュール管理·安全確認等
幅広い知識や技術が自然と身につきます。パソコンを使った書類作成や
スケジュール管理等、現場での業務だけでなくデスクワークも行います。
☆完成した建物や道路を見るたび「自分が関わった場所だ」と思えるのが
この仕事のやりがいです。ものづくりが好きな方、チームで働くのが
好きな方にぴったりの仕事です。
☆「健康経営優良法人2025」認定企業 【変更範囲:変更なし】",893-0201,鹿児島県鹿屋市輝北町上百引3945-1,,0,0,3,"必須
·普通自動車免許 (AT限定可) 
※入社後取得可
·入社時に、建設に関する知識·技術は必要ありません。
※入社後知識·技術が身につく研修を行います。
☆新入社員育成プログラムがあり、入社後の知識、技術が身につ
く研修や資格取得をサポートします。",なし,可,あり,なし,185000,226627,あり,あり,20,,土日祝 その他,08:00-17:00,,,115,可,令和8年10月1日以降,可,随時,総務部 部長 兼 資材部 部長,前田 浩幸,マエダ ヒロユキ,099-486-1131,099-486-0662,,"*入社日 :令和9年4月1日
*昇 給 :人事考課制度により毎年 (6月) 昇給の可能性有
*履歴書:手書き·パソコン作成どちらでも可
*『かごしま子育て応援企業』:だれでも長く働き続けられるよう
社員の仕事と子育ての両立支援に積極的に取り組んでいます。
*『社内預金制度』『中小企業退職金共済制度』あり
安心して働き続けられるよう、様々な制度を導入しています。
◆高校生向け採用サイト職場見学ムービー公開中♪","*Netflixが見放題!休日や仕事後はゆっくり動画鑑賞♪
*新入社員育成プログラム:社内研修と社外研修を組み合わせ
安心して現場に出られるようサポートを行っています。
*女性技術者も活躍中!:当社では4名 (うち3名は有資格者) 
の女性技術者が活躍しています。
*社員同士の親睦を図るため社員旅行 (実績:上海、北海道) 
や、全社員参加の親睦会を年2回〜3回実施しています。
◆令和8年6月15日「公正な採用·選考のために」等にて説明済
◆初めての一人暮らしを応援!若手社員向け住宅手当あり
上限有り:3万円",061,008,008-05,,,鹿児島県鹿屋市,,,0288,,,,,,,,,,,,,2025年07月07日 09:53,2025年07月07日 09:53,バーコードスキャン,求人番号_46030-47369.pdf,研究・技術の職業,建築・土木・測量技術者,土木施工管理技術者,建設/建築/土木に関わる,その他(建設/建築/土木に関わる),,,,,,0,092,土木技術者,,
2025,46030-42169,鹿屋公共職業安定所,4603-103439-4,可,カブシキガイシャ モリケンセツ,株式会社 森建設,893-0201,鹿児島県鹿屋市輝北町上百引3945-1,,代表取締役 森 義大,3340001014169,https://mori-construction.jp/,111,101,昭和30年,"2,000万円","1995年創業。鹿児島県内4支店、宮崎·熊本·福岡にも支店展
開。土木建築、舗装·港湾工事など、地域のあらゆる建設事業に携
わっており、『地域未来牽引企業 (経済産業省) 』に認定。","男女問わず、社員が仕事と生活の調和を大切にしながら働ける職場
を目指し『かごしま子育て応援企業』『イクボス宣言』『女性活躍
推進宣言』に取り組んでいます。女性技術者も活躍中。",正社員,建設ディレクター,"★現場技術者の負担軽減のために、測量業務や品質管理などの施工管理を
サポートする仕事です。
☆働く中で、建設に関する専門用語や書類の種類·工事の流れ·安全や品質の
考え方など、新しい技術や実務を通じて自然に学べるため、知識がなくても
安心。チームの一員として現場をサポートし、「街づくり」に関われること
ができとてもやりがいのある仕事です。
☆新しいものに興味がある人、コツコツ取り組むことが得意な人に
ピッタリの仕事です。
☆「健康経営優良法人2025」認定企業 【変更範囲:変更なし】",893-0201,鹿児島県鹿屋市輝北町上百引3945-1,,0,0,3,"必須
·普通自動車免許 (AT限定可) 
※入社後取得可
·入社時に、建設に関する知識·技術は必要ありません。
※入社後に知識·技術が身につく研修を行ないます。
☆新入社員育成プログラムがあり、入社後の知識、技術が
身につく研修や資格取得をサポートします。",なし,可,あり,なし,185000,226627,あり,あり,20,,土日祝 その他,08:00-17:00,,,115,可,令和8年10月1日以降,可,随時,総務部 部長 兼 資材部 部長,前田 浩幸,マエダ ヒロユキ,099-486-1131,099-486-0662,,"*新卒者の入社日:令和9年4月1日
*昇 給:人事考課制度により毎年 (6月) 昇給の可能性有
*履歴書:手書き·パソコン作成どちらも可
*社内預金制度·中小企業退職金共済制度あり
☆安心して働き続けられるよう、様々な制度を導入しています。
*『かごしま子育て応援企業』:誰でも長く働き続けられるよう
社員の仕事と子育ての両立支援に積極的に取り組んでいます。
〇高校生向け採用サイト職場見学ムービー公開中♪","*Netflixが見放題!休日や仕事後はゆっくり動画鑑賞♪
*新入社員育成プログラム:社内研修と社外研修を組み合わせ
安心して現場に出られるようサポートを行っています。
*女性技術者も活躍中!当社では4名 (うち、3名は有資格者) 
の女性技術者が活躍しています。
*社員同士の親睦を図るため、社員旅行 (実績:上海、北海道) 
や、全社員参加の親睦会を年2回〜3回実施しています。
◆令和8年6月15日「公正な採用·選考のために」等にて説明済
◆初めての一人暮らしを応援!若手社員向け住宅手当あり
上限有り:3万円",061,039,039-01,,,鹿児島県鹿屋市,,,0287,,,,,,,,,,,,,2025年07月07日 09:53,2025年07月07日 09:53,バーコードスキャン,求人番号_46030-42169.pdf,事務的職業,生産関連事務の職業,生産現場事務員,事務に関わる,生産事務,,,,,,0,271,生産現場事務員,,
2025,46010-98669,鹿児島公共職業安定所,4601-2190-7,不可,カゴシマソウゴシンヨウキンコ,鹿児島相互信用金庫,890-0062,鹿児島県鹿児島市与次郎一丁目6番30号,,"理事長
永倉 悦雄",7340005001465,https://www.shinkin.co.jp/kasosin/,613,611,昭和6年,"70億5,792万円",奄美市及び大島郡を除く鹿児島県一円と宮崎県都城市を営業地区と して、地元の中小企業者や住民が会員となって、お互いに助け合い 発展していくことを理念としている相互扶助型の金融機関です。,当金庫は” そうしん’’ の愛称で親しまれており、地域社会の繁栄を 願い『地元とともに』を合言葉に、地域活性化に尽力しています。 【県女性活躍推進宣言企業】,正社員,一般職(窓口事務、窓口営業、営業、融資事務、融資営業等),"○金融業務における全般及び定型一般業務に従事していただきます。
窓口、融資、営業等の係を担当していただきます。
*就業場所は、入社後決定いたします。
*原則、転居を伴わない転勤があります。
《変更範囲:事業所の定める業務》",890-0000,"鹿児島県内の本支店55店舗
鹿児島県 曽於市
勤務地は鹿児島市勤務、地元勤務のどちらでも可能です。",,20,0,0,"あれば尚可 商業に関する知識 (簿記など) 
第286号
08. 7. 06 進路指導",あり,,なし,なし,200000,200000,あり,あり,12,,土日祝 その他,08:40-17:00,08:40-17:40,,122,不可,,可,随時,人財開発部 課長,池之平 諭,イケノヒラ サトシ,099-202-0589,099-259-5255,sosin.jinji@kasosin.com,"○試用期間: 3ヶ月 日給制:日額8,500円 (令和8年度実績) 
○転勤の可能性のある就業場所 (計55店舗) 
鹿児島地区 21店舗 南薩店舗 5店舗 中薩地区 6店舗 北薩地区 5店舗 始良地区 4 店舗 曾於地区 4店舗 肝付地区 7店舗 種子島地区 3店舗
○企業年金には、厚生年金基金のほかに確定給付年金もあります。
○クラブ活動:野球·卓球·テニス·サッカー·ボート等 ○履歴書:手書き·パソコン作成どちらも可 (選考に影響なし) ",○選考日:別途通知いたします。 ○就業時間 (2) :週の始め、終わり及び月始め、月末の場合 ○応募前職場見学:希望者は事前に担当者にご連絡下さい。 ○有給休暇について ·試用期間終了後、7月1日に有給休暇が10日付与されます。 ·翌年度に限り繰越しができ、最高40日付与。 その他慶弔休暇等があります。,631,038,038-02,048,048-07,鹿児島県鹿児島市,鹿児島県薩摩川内市,鹿児島県南さつま市,0286,,,,,,,,,,,,,2025年07月07日 09:53,2025年07月07日 09:53,PDFアップロード,20250707093545.pdf,事務的職業,会計事務の職業,預・貯金窓口事務員,事務に関わる,会計事務,販売・営業の職業,営業の職業,金融・保険営業員,営業に関わる,営業,2,262,預・貯金窓口事務員,346,金融・保険営業職業従事者
2025,46010-61469,鹿児島公共職業安定所,4601-3036-4,可,カゴシマコウギョウシンヨウクミアイ,鹿児島興業信用組合,892-0842,鹿児島県鹿児島市東千石町17-11,天文館電停駅 から 徒歩3分,理事長 満田 學,2340005001536,https://www.ka-kousin.co.jp,196,196,昭和28年,"54億5,300万円","預金、融資、国内為替業務及び政府金融機関代理業務。
経常収益24億8600万円","鹿児島県下一円に25店舗あり、明るく和やかで働きやすい職場と
して整備され、「コミュニティバンクこうしん」の名称でお客様に
親しまれております。",正社員,事務職(窓口業務),"※金融機関の事務職は、接客が伴います。お客さまから依頼され、事務処理を
行う一連の業務の中で、「いらっしゃいませ」から始まる接客用語を使い分
け、「ありがとうございました」と送り出すまでが、業務完了となります。
○窓口を訪れるお客さまの入出金や振込み、各種届出などの受付処理と、
閉店後の現金集計や伝票チェックなどの事務全般を行います。
○当組合商品PRも行います。来店客をはじめとするお客さまへの
大切な告知として取り組んでいただきます。
《変更範囲:営業職》",892-0842,"鹿児島県鹿児島市東千石町17-11
他、県内25店舗のいずれか",,4,0,0,"必須
*普通自動車運転免許 (AT限定可·入社後取得可) ",あり,可,あり,あり,200000,200000,あり,あり,1,変形労働時間制 (1ヶ月単位),土日祝,08:45-17:30,08:45-18:15,,120,不可,,可,補足事項欄参照,経営企画部 部次長,宮崎 洋輔,ミヤザキ ヨウスケ,099-224-3175,099-239-0365,soumu@ka-kousin.co.jp,"○就業場所·転勤可能性店舗:下記25店舗のいずれか
【鹿児島市11店舗·鹿屋市5店舗·伊佐市2店舗·
姶良市·霧島市·枕崎市·曽於市·志布志市·肝属郡·曽於郡】
4月の本部研修終了後、本人の適性や営業店の人員配置等を
考慮して決定します。
○転勤は2〜3年を目処に行います。
○所定の労働日·休日·始業終業時刻は勤務表により決定し、
週平均の労働時間を法定時間内に設定します。
○月末は事務処理量増加のため、終業を45分延長しています。","○応募前の職場見学は、本部にて対応します。
見学希望の候補日を2〜3日挙げていただければ、
スケジュール調整します。
○入居可能な住宅は、現在家族向け·単身用社宅とも鹿児島市内と
霧島市内に各1カ所ずつあります。
○マイカー通勤は各人の交通事情などを考慮して、駐車場の確保は
可能な限り行い、月1千円程度の使用料を目処にしています。
○各種手当はそれぞれ支給条件あり (社内規定) 
住宅手当、営業手当、残業手当、家族手当、単身赴任手当
○履歴書:手書き·パソコン作成どちらも可",631,038,038-02,040,040-99,鹿児島県鹿児島市,鹿児島県鹿屋市,鹿児島県霧島市,0285,,,,,,,,,,,,,2025年07月07日 09:53,2025年07月07日 09:53,バーコードスキャン,求人番号_46010-61469.pdf,事務的職業,会計事務の職業,預・貯金窓口事務員,事務に関わる,会計事務,事務的職業,営業・販売関連事務の職業,その他の営業・販売関連事務の職業,事務に関わる,営業事務,0,262,預・貯金窓口事務員,289,その他の営業・販売事務従事者
2025,46010-60569,鹿児島公共職業安定所,4601-3036-4,可,カゴシマコウギョウシンヨウクミアイ,鹿児島興業信用組合,892-0842,鹿児島県鹿児島市東千石町17-11,天文館電停駅 から 徒歩3分,理事長 満田 學,2340005001536,https://www.ka-kousin.co.jp,196,196,昭和28年,"54億5,300万円","預金、融資、国内為替業務及び政府金融機関代理業務。
経常収益24億8600万円","鹿児島県下一円に25店舗あり、明るく和やかで働きやすい職場と
して整備され、「コミュニティバンクこうしん」の名称でお客様に
親しまれております。",正社員,営業職(渉外業務),"※当組合の営業職は、初めに窓口業務 (事務処理) を担当します。
その後、先輩職員に付いてお客さまのお宅や事務所を訪問し、預金や融資
相談、各種届出事項の問い合せ等に対応することになります。
○窓口を訪れるお客さまの入出金や振込み、各種届出などの受付処理と、
閉店後の現金集計や伝票チェックなどの事務全般を行います。
○当組合商品PRも行います。来店客をはじめとするお客さまへの
大切な告知として取り組んでいただきます。
○お客さま取引先への定期訪問、各種提案および新規顧客開拓
○主に原動機付自転車による預金、融資勧誘業務 《変更範囲:事務職》",892-0842,"鹿児島県鹿児島市東千石町17-11
他、県内25店舗のいずれか",,2,0,0,"必須
*原動機付自転車免許 (入社後取得可) 
*普通自動車免許 (AT限定可·入社後取得可) ",あり,可,あり,あり,200000,200000,あり,あり,1,変形労働時間制 (1ヶ月単位),土日祝,08:45-17:30,08:45-18:15,,120,不可,,可,補足事項欄参照,経営企画部 部次長,宮崎 洋輔,ミヤザキ ヨウスケ,099-224-3175,099-239-0365,soumu@ka-kousin.co.jp,"○就業場所·転勤可能性店舗:下記25店舗のいずれか
【鹿児島市11店舗·鹿屋市5店舗·伊佐市2店舗·
姶良市·霧島市·枕崎市·曽於市·志布志市·肝属郡·曽於郡】
4月の本部研修終了後、本人の適性や営業店の人員配置等を
考慮して決定します。
○転勤は2〜3年を目処に行います。
○所定の労働日·休日·始業終業時刻は勤務表により決定し、
週平均の労働時間を法定時間内に設定します。
○月末は事務処理量増加のため、終業を45分延長しています。","○応募前の職場見学は、本部にて対応します。
見学希望の候補日を2〜3日挙げていただければ、
スケジュール調整します。
○入居可能な住宅は、現在家族向け·単身用社宅とも鹿児島市内と
霧島市内に各1カ所ずつあります。
○マイカー通勤は各人の交通事情などを考慮して、駐車場の確保は
可能な限り行い、月1千円程度の使用料を目処にしています。
○各種手当はそれぞれ支給条件あり (社内規定) 
住宅手当、営業手当、残業手当、家族手当、単身赴任手当
○履歴書:手書き·パソコン作成どちらも可",631,048,048-07,038,038-02,鹿児島県鹿児島市,鹿児島県鹿屋市,鹿児島県霧島市,0284,,,,,,,,,,,,,2025年07月07日 09:53,2025年07月07日 09:53,バーコードスキャン,求人番号_46010-60569.pdf,販売・営業の職業,営業の職業,金融・保険営業員,営業に関わる,営業,事務的職業,会計事務の職業,預・貯金窓口事務員,事務に関わる,会計事務,0,346,金融・保険営業職業従事者,262,預・貯金窓口事務員
2025,46020-87269,川内公共職業安定所,4602-25121-7,可,ヤマモトサンギョウカブシキガイシャウナギノヤマゲン,山元産業株式会社 うなぎのやまげん,895-0066,鹿児島県薩摩川内市五代町82,,代表取締役 山元,4340001008715,http://www.unagino-yamagen.co.jp/,65,16,昭和44年,"1,000万円",うなぎのやまげん 川内店、鴨池店、加治屋店,"鰻料理専門店 【こころがあって味がある】をモットーにおいし
い鰻を提供出来るよう日々努力しています。",正社員,【正社員】店舗スタッフ,"*接客業務
*うなぎ店の厨房での調理業務全般
*出前配達 (当社出前車ありAT車) 
*広告宣伝活動
 (ポップ制作·やまげんインスタグラム投稿·画像制作) 
「変更範囲:事業所の定める業務」",895-0066,"鹿児島県薩摩川内市若松町8-19「川内店」鹿児島市加治屋町3
-17「加治屋店」、鹿児島市鴨池2丁目5-15「鴨池店」",,4,0,0,"あれば尚可
入社後に運転免許取得可",あり,可,なし,なし,156000,212532,あり,あり,20,変形労働時間制 (1年単位),その他,10:00-18:25,14:05-21:30,,85,可,令和8年10月1日以降,可,補足事項欄参照,取締役副社長,山元 みゆき,ヤマモト ミユキ,0996-27-1488,0996-22-7988,,"*通勤手当は、事業所規定あり
*昇給·賞与については、事業所実績による","*応募前職場見学可 (要:事前連絡) 
「履歴書:手書き·パソコン作成どちらでも可」",761,055,055-08,082,082-01,鹿児島県薩摩川内市,鹿児島県鹿児島市,,0274,,,,,,,,,,,,,2025年07月07日 09:34,2025年07月07日 09:34,バーコードスキャン,求人番号_46020-87269.pdf,サービスの職業,飲食物調理の職業,調理補助者、調理人見習,接客/サービスに関わる,飲食,配送・輸送・機械運転の職業,配送・集荷の職業,荷物配達員,運輸/物流に関わる,配達/集荷,0,391,調理人,705,配達員
2025,46020-89469,川内公共職業安定所,4602-25121-7,可,ヤマモトサンギョウカブシキガイシャウナギノヤマゲン,山元産業株式会社 うなぎのやまげん,895-0066,鹿児島県薩摩川内市五代町82,,代表取締役 山元,4340001008715,http://www.unagino-yamagen.co.jp/,65,4,昭和44年,"1,000万円",うなぎのやまげん 川内店、鴨池店、加治屋店,"鰻料理専門店 【こころがあって味がある】をモットーにおいし
い鰻を提供出来るよう日々努力しています。",正社員,【正社員】加工場スタッフ,"※五代町加工場にて製造業務
※薩摩川内市本社から鹿児島市2店舗へ資材·食材等の配送
社用車あり (AT車) 
※うなぎのやまげん川内店にてフロアー接客又は厨房での調理業務全般
出前配達 (当社出前車ありAT車) のサポート
「変更範囲:事業所の定める業務」",895-0066,鹿児島県薩摩川内市五代町82,,2,0,0,"あれば尚可
入社後運転免許取得可",あり,可,なし,なし,156000,212532,あり,あり,20,変形労働時間制 (1年単位),その他,08:00-17:00,,,85,可,令和8年10月1日以降,可,補足事項欄参照,取締役副社長,山元 みゆき,ヤマモト ミユキ,0996-27-1488,0996-22-7988,,"*通勤手当は、事業所規定あり
*昇給·賞与については、事業所実績による","*応募前職場見学可 (要:事前連絡) 
「履歴書:手書き·パソコン作成どちらでも可」",761,055,055-08,082,082-01,鹿児島県薩摩川内市,,,0273,,,,,,,,,,,,,2025年07月07日 09:34,2025年07月07日 09:34,バーコードスキャン,求人番号_46020-89469.pdf,サービスの職業,飲食物調理の職業,調理補助者、調理人見習,接客/サービスに関わる,飲食,配送・輸送・機械運転の職業,配送・集荷の職業,荷物配達員,運輸/物流に関わる,配達/集荷,0,391,調理人,705,配達員
2025,46010-550569,鹿児島公共職業安定所,4601-114250-9,可,カブシキガイシャ コウノコウギョウショ,株式会社 河野工業所,891-0202,鹿児島県鹿児島市喜入中名町1000-32,JR指宿枕崎線 中名駅 から 徒歩7分,代表取締役 茂谷 憲二,5340001001628,www.kohno-k.co.jp/,41,35,昭和48年,"3,000万円","溶接や鉄鋼関係の組立技術を活かし、日本有数の石油基地にてタン
クや各種設備のメンテナンスを主体に工事を実施しています。また
、県内各地で鋼構造物の製作や補修を行っています。","石油基地の大型タンクや配管のメンテナンスに長年携わり培った経
験と実績をお客様に高く評価して頂いています。この技術を次世代
に受け継ぐため、ベテランと若手が協力しながら頑張っています。",正社員,"製品製造·加工処理工
(製缶工、鉄工、溶接工)","○自社工場において、お客様から受注したプラント設備等の加工·組立·溶接
○お客様の現場において、自社工場で作成した新規設備の据付
○お客様の現場において、お客様のプラント設備の補修、改造
《変更範囲:なし》",891-0202,鹿児島県鹿児島市喜入中名町1000-32,JR指宿枕崎線 中名駅 から 徒歩7分,3,0,0,"あれば尚可
普通自動車免許 (AT限定不可:入社後取得可) ",あり,可,あり,なし,200000,210000,あり,あり,5,,日祝 その他,08:00-17:00,,,114,可,令和8年10月1日以降,可,随時,総務部採用担当,指宿 祐一,イブスキ ユウイチ,080-5172-9798,099-345-2522,kouno@po3.synapse.ne.jp,"○喜入地区 (本社·工場) 入居可能住宅あり (入居上限3年) 
○東串良出張所 入居可能住宅あり (入居上限3年) ","○履歴書:手書き·パソコン作成どちらも可
○応募前職場見学を希望される場合は、事前に担当者まで
ご連絡ください。",072,071,071-08,067,067-08,鹿児島県鹿児島市,,,0258,,,,,,,,,,,,,2025年07月07日 09:24,2025年07月07日 09:24,バーコードスキャン,求人番号_46010-550569.pdf,製造・修理・塗装・製図等の職業,製品製造・加工処理工（金属製品）,鉄工、製缶工,生産/製造に関わる,製造/加工(金属),製造・修理・塗装・製図等の職業,生産設備オペレーター（金属製品）,金属溶接・溶断設備オペレーター,生産/製造に関わる,機械操作,0,525,鉄工，製缶従事者,498,金属溶接・溶断設備制御・監視員
2025,46010-177169,鹿児島公共職業安定所,4601-23411-1,可,カブシキガイシャ ヒゴサンギョウ,株式会社 肥後産業,891-0131,鹿児島県鹿児島市谷山港3丁目4-13,,肥後 貴哉 代表取締役社長,9340001003579,http://www.higosangyo.co.jp/,329,101,昭和47年,"2,550万円","·一般貨物自動車運送業·エコエネルギー事業
·ロジスティクス事業·貨物運送取扱事業","昭和47年創業以来、順調に業績を伸ばしている成長企業である。
平成29年 地域未来牽引企業認定 (経済産業省) 
令和元年 事業継続力強化計画 (経済産業省) ",正社員,整備管理,"〇普通自動車·トラック (4t〜) 車両の整備管理業務全般
·各車両の車検期限等の管理
·車両の帳票 (車検証等) の管理
·エンジン等のメンテナンス及び保守業務 等
〇教育について
·入社後、研修で会社のことや就業規則、業務内容について学びます。
·他部署での業務内容を把握するため、総務経理や運行管理、各支店への
訪問研修等の新人研修を予定しています。
《変更範囲:運行管理、総務経理など会社が定める業務》",891-0131,鹿児島県鹿児島市谷山港3丁目4-13,,2,0,0,"必須
3級自動車整備士 (取得見込み可) 
普通自動車運転免許 (AT限定不可) 入社後取得可",あり,可,なし,なし,110000,217000,あり,あり,30,,日 その他,08:00-17:00,,,108,可,令和8年10月1日以降,可,随時,総務部 次長,宮原 亨太,ミヤハラ コウタ,099-261-7733,099-296-8886,,"〇経済産業省選定 地域未来牽引企業
〇物流効率化法 国土交通省認定企業
〇事業継続力強化計画 経済産業省認定企業
〜福利厚生、他〜
·本社社員食堂完備 ·有給取得積極推進
·免許取得支援制度 ·母の日&奥様へお花ギフト
·マッサージチェア付休憩室 ·個室仮眠施設 他
*応募前職場見学をご希望の方は、事前にご連絡ください
○勤務時間について:週40時間調整","〇選考日については、別途連絡します
○履歴書:手書き·パソコン作成どちらでも可
〇賃金について
·職務手当は一律支給します
·昇給は各自の業務評価により支給します
〇賞与は業績により支給します
〇就業場所:勤務後、各支店及び営業所への転勤可能性があります
≪物流センター≫≪南栄センター≫:鹿児島市
≪隼人支店≫≪鹿児島空港支店≫≪臨空センター≫:霧島市
≪熊本支店≫≪福岡支店≫≪大阪営業所≫≪静岡支店≫ 他",441,075,075-03,,,鹿児島県鹿児島市,,,0256,,,,,,あり,,,,,,,2025年07月07日 09:24,2025年07月16日 05:37,バーコードスキャン,求人番号_46010-177169.pdf,製造・修理・塗装・製図等の職業,機械整備・修理工,自動車整備・修理工,生産/製造に関わる,整備/修理,,,,,,0,553,自動車整備・修理従事者,,
2025,46010-181269,鹿児島公共職業安定所,4601-23411-1,可,カブシキガイシャ ヒゴサンギョウ,株式会社 肥後産業,891-0131,鹿児島県鹿児島市谷山港3丁目4-13,,肥後 貴哉 代表取締役社長,9340001003579,http://www.higosangyo.co.jp/,329,101,昭和47年,"2,550万円","·一般貨物自動車運送業·エコエネルギー事業
·ロジスティクス事業·貨物運送取扱事業","昭和47年創業以来、順調に業績を伸ばしている成長企業である。
平成29年 地域未来牽引企業認定 (経済産業省) 
令和元年 事業継続力強化計画 (経済産業省) ",正社員,総合職(事務員),"〇運行管理業務
〇総務·経理業務
〇倉庫業務 (現場での作業有) 
〇営業業務
〇整備管理業務
◆当社には「人材」育成のため外部講師を招いた財務研修プログラム、
各種資格取得支援制度を設け、皆さんのやりたい夢をかなえる
手助けを致します。
《変更範囲:会社が定める業務》",891-0131,鹿児島県鹿児島市谷山港3丁目4-13,,2,0,0,"あれば尚可
普通自動車第一種免許 (AT限定可) 入社後取得可",あり,可,なし,なし,110000,217000,あり,あり,30,,日 その他,08:00-17:00,,,108,可,令和8年10月1日以降,可,随時,総務部 次長,宮原 亨太,ミヤハラ コウタ,099-261-7733,099-296-8886,,"〇経済産業省選定 地域未来牽引企業
〇物流効率化法 国土交通省認定企業
〇事業継続力強化計画 経済産業省認定企業
〜福利厚生、他〜
·本社社員食堂完備 ·有給取得積極推進
·免許取得支援制度 ·母の日&奥様へお花ギフト
·マッサージチェア付休憩室 ·個室仮眠施設 他
*応募前職場見学をご希望の方は、事前にご連絡ください
○勤務時間について:週40時間調整","〇選考日については、別途連絡します
○履歴書:手書き·パソコン作成どちらでも可
〇賃金について
·職務手当は一律支給します
·昇給は各自の業務評価により支給します
〇賞与は業績により支給します
〇就業場所:勤務後、各支店及び営業所への転勤可能性があります
≪物流センター≫≪南栄センター≫:鹿児島市
≪隼人支店≫≪鹿児島空港支店≫≪臨空センター≫:霧島市
≪熊本支店≫≪福岡支店≫≪大阪営業所≫≪静岡支店≫ 他",441,042,042-02,,,鹿児島県鹿児島市,,,0255,,,,,,あり,,,,,,,2025年07月07日 09:24,2025年07月16日 05:37,バーコードスキャン,求人番号_46010-181269.pdf,事務的職業,運輸・郵便事務の職業,運行管理事務員,事務に関わる,物流事務,,,,,,0,302,運行管理事務員,,
2025,46010-594769,鹿児島公共職業安定所,4601-2261-1,可,カブシキガイシャ ミナミニッポンギンコウ,株式会社 南日本銀行,892-8611,鹿児島県鹿児島市山下町1-1,,取締役頭取 田中 暁爾,7340001004232,https://nangin.jp/,837,806,大正2年,"133億5,100万円",普通銀行業務,"南日本銀行は鹿児島県を中心に64店舗を展開し、お客さまの本業
支援や経営改善支援に積極的に取り組むとともに、ともに働く役職
員が“働きがい”を感じられる職場環境の構築に尽力しています。",正社員,総合職(銀行業務全般),"普通銀行業務【預金·融資·渉外業務】
·口座開設やご預金の入出金
·相続手続、資産運用のご提案
·ご融資相談受付、返済管理
·当行独自のWIN-WINネット業務 他
《変更範囲:変更なし》",892-8611,鹿児島県鹿児島市山下町1番1号 (本店所在地),"市電「朝日通」電停から徒歩1分
【就業場所】本支店、本部 ※特記事項参照",10,0,0,"必須
*普通自動車運転免許 (AT限定可) 入行後取得可
※特記事項参照",あり,可,あり,あり,200000,200000,あり,あり,11,,土日祝 その他,08:30-17:00,08:30-17:30,,120,可,令和8年10月1日以降,可,随時,人事総務部人事企画グループ,外園·櫻井,ホカゾノ·サクライ,099-226-2620,099-226-3095,,"○応募前職場見学は、居住地の最寄り支店で1〜2時間程度
ご見学いただけます。
ご希望の際は、人事総務部·外園宛てお問い合わせください。
○選考日は別途通知します。 (1日を予定しています) 
○履歴書:手書き·パソコン作成どちらも可能です。
*普通運転免許:業務で「自動車」または「原動機付自転車」を
使用します。入行前の取得推奨ですが、入行前に
取得が難しい場合は、入行後取得いただきます","○マイカー通勤:「可」ですが、原則は公共交通機関利用です。
○就業場所:本人適性等により決定します。
○就業場所·転勤可能性
本支店、本部 (鹿児島市26、北薩7、南薩7、姶良4、
大隅5、離島6、宮崎2、熊本4、福岡2、
東京1、本部11) 
○就業時間:月初·25日·月末3営業日は
 (2) 8:30〜17:30となります。
○手当:時間外手当、地域手当、家族手当 他",622,048,048-07,,,鹿児島県鹿児島市,,,0251,,,,,,,,,,,,,2025年07月07日 09:24,2025年07月07日 09:24,バーコードスキャン,求人番号_46010-594769.pdf,販売・営業の職業,営業の職業,金融・保険営業員,営業に関わる,営業,,,,,,0,346,金融・保険営業職業従事者,,
2025,46010-576569,鹿児島公共職業安定所,4601-2208-8,可,カブシキガイシャ カゴシマギンコウ,株式会社 鹿児島銀行,892-0828,鹿児島県鹿児島市金生町6-6,,取締役頭取 碇山 浩美,7340001000826,http://www.kagin.co.jp/,2540,2524,明治12年,"181億3,000万円","普通銀行業務
【県女性活躍推進宣言企業】 フォト有り","明治12年の創業以来「地域との共存共栄」をモットーに,地元産
業の発展と地域の方々のより豊かな暮らしの為のお手伝いをしてお
ります。レクレーション,クラブ活動も活発に行っています。",正社員,総合職(事務および営業等の銀行業務全般),"○預金·窓口業務
○後方·為替業務
○各種ローンや融資等の貸出業務
○資産運用サービスの提供·相続関連業務
《変更範囲:なし》",892-0828,"鹿児島県鹿児島市金生町6-6 (本店営業部)
※その他、特記事項参照",,20,0,0,"必須
普通自動車免許 (AT限定可)  (入行後の取得可) ",あり,可,なし,なし,205000,205000,あり,あり,7,,土日祝 その他,08:30-17:30,08:30-17:00,,120,不可,,可,補足事項欄参照,人事部 人材開発グループ,二石·富澤,フタイシ·トミサワ,099-248-7643,099-225-9060,jinzai.01@ml.kagin.co.jp,"○基本給は勤務地区分で異なります。
〈勤務地区分〉
エリアフリー:転居を伴う異動あり (勤務地限定なし) 
エリア限定 :勤務地限定あり。原則として本人の生活本拠地
 (実家) から通勤できる範囲での異動
〈基本給〉※表面はエリア限定の基本給を記載
エリアフリー:240,000円
エリア限定 :205,000円
○履歴書の「備考」欄に勤務地区分の希望をご記入ください。","○就業場所および転勤範囲
鹿児島地区:38店舗 南薩地区: 9店舗
西薩地区 :13店舗 北薩地区:13店舗
大隅地区 :11店舗 宮崎地区:10店舗
都市·沖縄: 7店舗 離島 : 7店舗
○応募前職場見学:随時 (事前に担当者宛連絡をお願いします) 
○履歴書:パソコン作成のみ",622,038,038-02,048,048-07,鹿児島県鹿児島市,宮崎県宮崎市,熊本県熊本市西区,0248,,,,,,,,,,,,,2025年07月07日 09:11,2025年07月07日 09:11,バーコードスキャン,求人番号_46010-576569.pdf,事務的職業,会計事務の職業,預・貯金窓口事務員,事務に関わる,会計事務,販売・営業の職業,営業の職業,金融・保険営業員,営業に関わる,営業,1,262,預・貯金窓口事務員,346,金融・保険営業職業従事者
2025,46090-2169,出水公共職業安定所,4609-100661-5,可,ユウゲンガイシャ アマタツヒャッカエン,有限会社 天辰百花園,899-0406,鹿児島県出水市高尾野町上水流743-4,九州新幹線 出水駅 から 車10分,代表取締役 天辰 一也,9340002022611,https://amatatsu-h.jp,6,5,平成3年,300万円,"橋梁補修工事
道路区画線工事
土木工事","長く地域に必要とされる安定した仕事はインフラ整備です。出水市
で唯一、橋梁補修工事を自社施工している会社です。充実した手当
と福利厚生で若い人が長く働ける安心な職場環境です。",正社員,"橋梁補修工事
道路区画線工事土木工事","道路の白線や標識、橋やトンネルの補修工事、そしてドローン技術
年齢の近い先輩社員と一緒に楽しく働きましょう
インフラ整備を通して、自らの手で地域に貢献できるやりがいのある仕事です
【変更範囲なし】",899-0406,鹿児島県出水市高尾野町上水流743-4,九州新幹線 出水駅 から 車10分,1,0,0,"あれば尚可
普通自動車運転免許があれば望ましいです
事前に必要な経験·知識·技術は特にありません
働きながら専門性の高い技術を学べる環境が整っています
一人作業はありません、若い先輩がサポートします",なし,可,なし,なし,210000,220000,あり,あり,15,変形労働時間制 (1ヶ月単位),日祝 その他,08:00-17:00,,,105,可,令和8年10月1日以降,可,補足事項欄参照,本社 総務部,天辰 純,アマタツ ジュン,0996-82-3244,0996-82-3484,info@amatatsu-h.jp,"統一応募用紙 手書きもしくはパソコン入力どちらも可です
写真添付
応募前の職場見学
8月、9月の毎週月曜日に実施します
職場見学によって採否を決定するものではありません
選考方法 作文試験400字30分
面接試験 担当者複数による個別面接
入社日 令和9年4月1日
試用期間 3か月 (同条件) ","時間外労働手当
かごしま働き方改革推進企業の認定企業のため、時間外労働は
月20時間以下で安心です。時間外労働手当は17時以降支給
例として、17時30分まで月23日間働いた場合
0.5時間*23日=11.5時間*1250円=14375円
その他手当他
家賃補助 賃料の半額上限20000円を支給 管理費は含まず
国家資格手当 1級5000円 2級2000円支給
技能検定や国家資格取得にかかる費用は全額負担
社内出張旅費規程による出張手当あり 制服支給 社内旅行あり",061,008,008-05,,,鹿児島県出水市,,,0195,,,,,,,,,,,,,2025年07月07日 08:26,2025年07月07日 08:26,バーコードスキャン,求人番号_46090-2169.pdf,研究・技術の職業,建築・土木・測量技術者,土木施工管理技術者,建設/建築/土木に関わる,その他(建設/建築/土木に関わる),,,,,,0,092,土木技術者,,
2025,46010-66869,鹿児島公共職業安定所,4601-14301-5,可,カブシキガイシャ カダイマル,株式会社 鹿大丸,891-1417,鹿児島県鹿児島市桜島赤生原町1番地11,,代表取締役 原田 大藏,7340001005874,http://kadaimaru.jp/,42,39,昭和42年,"4,000万円",総合建設業,"次世代を担う「若者の明日へ夢をつなぐ」愛される企業を目指しま
す。",正社員,事務·管理業務,"〇建設ディレクター業務
〇技術部業務
〇安全部業務
《変更範囲》·作業所における総合管理業務 (技術·施工·工程·安全等) 
·ICT技術等各種業務
·経理部業務",890-0034,鹿児島県鹿児島市田上5丁目23番16号,堀之内バス停駅 から 徒歩5分,0,0,1,"あれば尚可
*パソコン操作が可能であること
 (エクセル·ワード) 
*普通自動車第一種免許 (AT限定可) 入社後取得可",なし,可,あり,なし,173100,200000,あり,あり,25,変形労働時間制 (1年単位),日祝 その他,08:00-17:00,,,110,可,令和8年10月1日以降,可,随時,総務部,櫻 井,サクライ,099-296-7100,099-296-7110,soumu@kadaimaru.jp,"〇職場見学については随時行いますので事前連絡をお願いします。
〇宿舎 (就業場所に隣接·単身用個室) については会社規定により
入居可能です。
○就業場所は鹿児島市田上5丁目23番16号《田上本店》です。
※当社は、ISO9001 (品質マネジメント) 、
ISO14001 (環境マネジメント) の取得·運営により、
安全·品質第一·環境にやさしい地域社会への貢献を目指して
おります。","〇1年単位の変形労働時間制です。
特定の日、特定の週には法定労働時間を超えて労働することが
ありますが、変形期間を平均すると法定労働時間内での勤務と
なります。
〇業務手当については、一律支給します。
〇当社は、キャリアアップシステム登録事業者です。
○履歴書:手書き·パソコン作成どちらも可",062,039,039-01,008,008-02,鹿児島県鹿児島市,,,0194,,,,,,あり,,,,,,,2025年07月07日 08:26,2025年07月16日 05:22,バーコードスキャン,求人番号_46010-66869.pdf,事務的職業,生産関連事務の職業,生産現場事務員,事務に関わる,生産事務,研究・技術の職業,建築・土木・測量技術者,建築施工管理技術者,建設/建築/土木に関わる,その他(建設/建築/土木に関わる),0,271,生産現場事務員,091,建築技術者
2025,46010-65969,鹿児島公共職業安定所,4601-14301-5,可,カブシキガイシャ カダイマル,株式会社 鹿大丸,891-1417,鹿児島県鹿児島市桜島赤生原町1番地11,,代表取締役 原田 大藏,7340001005874,http://kadaimaru.jp/,42,39,昭和42年,"4,000万円",総合建設業,"次世代を担う「若者の明日へ夢をつなぐ」愛される企業を目指しま
す。",正社員,総務·経理事務(グループ会社含),"総務関係 社内外書類の作成 事務処理
経理関係 伝票入力 事務処理
その他業務に付随する事務全般
《変更範囲:建設ディレクター業務·技術部業務·安全部業務》",890-0034,鹿児島県鹿児島市田上5丁目23番16号,堀之内バス停駅 から 徒歩5分,0,0,1,"あれば尚可
*パソコン操作が可能であること
 (エクセル·ワード) 
*普通自動車第一種免許 (AT限定可) 入社後取得可
*日商簿記3級以上 (取得見込可) ",なし,可,あり,なし,173100,200000,あり,あり,25,変形労働時間制 (1年単位),日祝 その他,08:00-17:00,,,110,可,令和8年10月1日以降,可,随時,総務部,櫻 井,サクライ,099-296-7100,099-296-7110,soumu@kadaimaru.jp,"〇職場見学については随時行いますので事前連絡をお願いします。
〇宿舎 (就業場所に隣接·単身用個室) については会社規定により
入居可能です。
○就業場所は鹿児島市田上5丁目23番16号《田上本店》です。
※当社は、ISO9001 (品質マネジメント) 、
ISO14001 (環境マネジメント) の取得·運営により、
安全·品質第一·環境にやさしい地域社会への貢献を目指して
おります。","〇1年単位の変形労働時間制です。
特定の日、特定の週には法定労働時間を超えて労働することが
ありますが、変形期間を平均すると法定労働時間内での勤務と
なります。
〇業務手当については、一律支給します。
〇当社は、キャリアアップシステム登録事業者です。
○履歴書:手書き·パソコン作成どちらも可",062,033,033-01,038,038-03,鹿児島県鹿児島市,,,0193,,,,,,あり,,,,,,,2025年07月07日 08:26,2025年07月16日 05:22,バーコードスキャン,求人番号_46010-65969.pdf,事務的職業,総務・人事・企画事務の職業,総務事務員,事務に関わる,一般事務,事務的職業,会計事務の職業,経理事務員,事務に関わる,会計事務,0,251,庶務事務員,263,経理事務員
2025,46010-661069,鹿児島公共職業安定所,4601-101951-9,可,カブシキガイシャホソヤマダショウジ,株式会社 細山田商事,890-0053,鹿児島県鹿児島市中央町35-31,,代表取締役 細山田 良一,9340001003876,http://www.hosoyamada.co.jp/,350,28,昭和55年,"1,000万円","不動産売買仲介賃貸業、レジャー業 (パチンコ) 、ゴルフ会員権売
買、オゾン発生器販売、屋外ビジョン、貸しホール、食品製造販売
 (乃が美) 、喫茶業 (コメダ珈琲店) SEV代理店業等","昭和55年設立以来、不動産事業·レジャー業をはじめ多方面の分
野にて事業を展開。新規事業部門も新たに発足し、今後一層更なる
発展が期待できる。",正社員,パチンコ店店舗運営スタッフ,"〇パチンコ店イエスランドにおいて、ホール·カウンター業務を主とする店舗
運営全般 (接客·広告·機器メンテナンス等) に従事していただきます。
未経験スタートが半数以上の職場です。
〇入社後は、業界基礎やビジネスマナー等の入社時研修をはじめ、定期研修や
キャリア別研修で成長をサポートします。
〇1日1食の食事補助や7連休の取得ができるリフレッシュ休暇、ネイル·
エステ·整骨院補助など、様々な福利厚生で従業員が働きやすい職場環境を
推進しています。
〇店内は喫煙ブース以外禁煙 《変更範囲:なし》",891-1305,"鹿児島県鹿児島市宮之浦町3176
「イエスランド吉田店」
※その他、イエスランド各店 (補足事項参照)",,5,0,0,"必須
*普通自動車一種免許 (AT限定可:入社後取得可) 
※夜間勤務時の安全確保の為:通勤用",あり,可,あり,なし,140000,222000,あり,あり,15,変形労働時間制 (1ヶ月単位),その他,08:30-17:00,15:00-23:30,,120,可,令和8年10月1日以降,可,随時,総務部,芦原 京,アシハラ ミヤコ,099-251-7966,099-251-7963,ashihara@hosoyamada.co.jp,"○就業場所·転勤可能性について
·イエスランド各店
 (吉田·加治木·伊集院·加世田·鹿屋·薩摩川内) 
※初期配属は本人相談の上検討
※本人同意のもと、転勤の可能性あり
○1ヶ月単位の変形労働時間制で、シフト勤務 (月164時間) 
※休日数:月10休、月8休いずれを選択しても、総労働時間
は変わりません。
〇深夜手当は深夜労働の有無に関わらず
20時間分を支給し、超過分は別途支給します。","○応募前職場見学については随時行っています。
学校へお迎えに上がり、お送りすることも可能です。
希望の際は、必ず事前に担当者までご連絡ください。
○選考日については、別途通知します。
○勤務地が遠方の方を対象とする家賃補助制度があります。
 (入社後2年間、最大で月25,000円の補助。) 
○履歴書:手書き·パソコン作成どちらも可",681,056,056-08,,,鹿児島県鹿児島市,鹿児島県姶良市,鹿児島県日置市,0189,,,,,,あり,,,,,,,2025年07月07日 08:26,2025年07月16日 05:21,バーコードスキャン,求人番号_46010-661069.pdf,サービスの職業,接客・給仕の職業,娯楽場・スポーツ施設等接客員,接客/サービスに関わる,接客,,,,,,0,407,娯楽場等接客員,,
2025,46010-442969,鹿児島公共職業安定所,4601-18077-2,可,カブシキガイシャ ニイドメドボク,株式会社 新留土木,890-0053,鹿児島県鹿児島市中央町4番地43BLDsky5F,JR鹿児島中央駅 から 徒歩3分,代表取締役 新留 司,6340001003219,http://n-doboku.com/,33,32,昭和45年,"2,000万円",土木工事業,"昭和45年創業以来順調に業績を伸ばし今後一層の発展を目指して
おります。",正社員,現場管理,"○現場監督の見習いとして測量の手元から始めてもらい、将来的には施工·品
質·安全·環境·工程·原価の管理を行える現場代理人になって下さい。
尚、それぞれの管理の方法についてはエキスパートが手ほどきします。
更に現場を通じて物造りの楽しさと完成したインフラが多くの人に社会貢
献している喜びを感じて下さい。
○資格は特に問いません。必要な資格は採用後に取得していただきます。前向
きに取り組む技能を優先します。
《変更範囲:なし》",890-0022,"鹿児島県鹿児島市小野町3690—4
【コンクリートリサイクル (集合場所) 】",JR鹿児島中央駅 から 車15分,0,0,1,"必須
普通自動車免許 (AT限定不可) 
入社後取得可",なし,可,あり,あり,193500,203500,あり,あり,10,変形労働時間制 (1年単位),日 その他,08:00-17:00,,,92,可,令和8年10月1日以降,可,随時,総務課,清川,キヨカワ,099-251-1832,099-259-5009,,"○建設業界の最大の特権は造ったインフラが残ることです。そのイ
ンフラは地図に示されることもあります。そのインフラを省みる
事でいろんな苦労や感激が思い出されることでしょう。そして将
来は「これはお父さん·お母さんが造ったんだ」と誇れるものに
絶対なります。弊社は直営の建設会社ですので管理を主とする会
社よりも造る喜びを身近に感じてもらえると思います。
○通勤手当は通勤距離により算出されます。
〇履歴書:手書き·パソコン作成どちらも可","○社宅あり:社宅費は1年間不要2年目より25,000円です。
水道·光熱費は自己負担です。
1部屋:20畳 勤務先まで20分
○選考日は別途通知します。
○応募前職場見学を随時行っておりますので、希望される場合事前
連絡をお願いします。
○休日については会社カレンダーで年間最低92日とし完全実施し
ています。休業出来なかった場合は休日手当を支給しています。
○賞与については決算決定額より経験年数や技術資格など優遇。",061,008,008-05,,,鹿児島県鹿児島市,,,0178,,,,,,,,,,,,,2025年07月07日 08:26,2025年07月07日 08:26,バーコードスキャン,求人番号_46010-442969.pdf,研究・技術の職業,建築・土木・測量技術者,土木施工管理技術者,建設/建築/土木に関わる,その他(建設/建築/土木に関わる),,,,,,0,092,土木技術者,,
2025,46060-72169,伊集院公共職業安定所,4606-5760-0,可,プリマハムカブシキガイシャ カゴシマコウジョウ,プリマハム株式会社 鹿児島工場,896-0046,鹿児島県いちき串木野市西薩町17番地43,JR串木野駅 から 車5分,工場長 下岡 強,6010701008888,,1127,318,昭和6年,79億800万円,ハム·ソーセージ、食肉および加工食品の製造販売,"【食肉加工メーカー業界3位】食肉、ハム·ソーセージ、加工食品
の各分野を柱とした事業を展開。東京ディズニーリゾートの公式ス
ポンサーにもなっています。",正社員,製造職(勤務地限定社員),"食肉加工品の製造
生産ライン従事およびオペレーション
【変更範囲:変更なし】",896-0046,鹿児島県いちき串木野市西薩町17番地43,JR串木野駅 から 車5分,4,0,0,不問,なし,可,あり,なし,205500,205500,あり,あり,11,変形労働時間制 (1年単位),その他,08:00-16:45,,,120,可,令和8年10月1日以降,可,随時,総務課 課長,橋本 陽平,ハシモト ヨウヘイ,0996-26-1858,0996-26-1851,Youhei.Hashimoto@primaham.co.jp,"応募前職場見学可 (事前連絡のうえ) 
その他勤務時間帯として、
· 7:00〜15:45
·13:15〜22:00
等で勤務する可能性あり
○履歴書:手書き·パソコン作成どちらも可
〇単身用の住宅は、一定の条件により適用することがあります。","○通勤手当:車種やガソリン単価により異なります。
支給上限距離は、片道50キロとしています。
○選考旅費·赴任旅費は規定に基づき支給
○メンター制度あり
若手先輩社員がつき業務外の相談等も含めサポートしています。
○通勤のため普通自動車免許あれば尚可
 (通勤は車がないと不便です。) 
【令和8年6月26日「公正な採用·選考」により指導済】",091,072,072-02,,,鹿児島県いちき串木野市,,,0165,,,,,,,,,,,,,2025年07月03日 15:20,2025年07月03日 15:20,バーコードスキャン,求人番号_46060-72169.pdf,製造・修理・塗装・製図等の職業,製品製造・加工処理工（食料品等）,食肉加工工,生産/製造に関わる,製造/加工(食料品),,,,,,0,533,食料品製造従事者,,
2025,46040-182669,国分公共職業安定所,4604-15524-5,不可,キョウセラカブシキガイシャ カゴシマキリシマコウジョウ,京セラ株式会社 鹿児島霧島工場,899-4396,鹿児島県霧島市国分山下町1-1,日豊本線 国分駅 から 車10分,"鹿児島霧島工場 工場長
重田 幸男",4130001000049,http://www.kyocera.co.jp,77136,5670,昭和34年,"1,157億300万円",ファインセラミック部品、自動車部品、半導体部品、電子部品、プ リンティングデバイス等の製造並びに研究開発,ファインセラミックスの専業メーカーとしてスタートし、現在では 素材、部品から、完成品、システムまで一貫して手がける企業へ と発展を続けている,正社員,製造·検査,"· 製造·加工·設備オペレーター · 組立作業 ·品質管理及び検査関連業務 (伝票処理及びPCを使用した入力作業含む)  ·自動機のオペレーター及びメンテナンス業務
※適性に応じて配属します ※就業時間:変形労働時間制 (1ヶ月単位) は、
 (1) ~ (4) の間の8時間程度  (4)  14:15~23:00 「従事すべき業務の変更の範囲:会社の定める業務」",899-4396,鹿児島県霧島市国分山下町 1-1 【国分ブロック】 鹿児島県霧島市隼人町内999-3【隼人ブロック】,日豊本線 国分駅 から 車10分,0,0,58,"技
不問
受付 第157号 '08. 7. 03 進路指導",あり,可,あり,なし,213000,213000,あり,あり,10,変形労働時間制 (1ヶ月単位),土日祝,08:00-16:45,06:00-14:45,22:00-06:45,125,不可,,可,補足事項欄参照,霧島労務2課,茶圓、中島,チャエン、ナカシマ,0995-46-1100,0995-46-1105,kokubu.saiyou@kyocera.jp,"·基本給は2025年度実績 ·一般労働者の賞与実績は組合員平均月数 ·定期入社者には、夏期賞与時に金一封 110,000円を支給  (2025年度実績)  ·年末賞与は一般労働者と同様
· ゴールデンウィーク、夏期、年末年始の長期休暇あり ·年次有給休暇、5日連続、リフレッシュ、多目的休暇制度あり · 独身寮完備 部屋代 4,000円 (光熱費等は別途控除あり) 
·各種クラブ契約保養施設あり · 全館、食堂、寮の冷暖房完備 全社教育システムでの研修実施 ベビーシッター利用補助あり",·履歴書は手書き·パソコン入力どちらでも可とします · 応募前職場見学会は別途、指定校に連絡します ※指定校推薦 ·内定者には正式な入社日を別途通知します,281,073,073-02,,,鹿児島県霧島市,,,0157,,,,,,あり,,,,,,,2025年07月03日 15:13,2025年07月16日 05:17,PDFアップロード,20250703145816.pdf,製造・修理・塗装・製図等の職業,製品製造・加工処理工（金属製品・食料品等を除く）,窯業・土石製品製造工,生産/製造に関わる,製造/加工(その他),,,,,,6,532,窯業・土石製品製造従事者,,
2025,46010-355869,鹿児島公共職業安定所,4601-106123-1,可,ミナミキュウシュウレンタリーシング カブシキガイシャ オリックスレンタカー,南九州レンタリーシング 株式会社  (オリックスレンタカー) ,892-0825,鹿児島県鹿児島市大黒町3-21-2階,,代表取締役 岩崎 芳太郎,4340001004136,https://mrl.iwasaki-group.com,73,10,平成3年,"1,200万円",オリックスレンタカーの店舗運営,"南九州地区でオリックスレンタカーを運営している会社です。主要
な駅、港及び空港の近くに拠点を持ち、お客様の利便性向上に努め
ております。",正社員,"レンタカー店舗業務
【鹿児島エリア·宮崎エリア】","〇レンタカーの貸渡し受付·返却対応
〇予約問い合わせ等の電話応対
〇PC入力作業
※専用システムへの簡単な入力作業です。
〇レンタカーの清掃·日常点検業務
※日常点検に特殊な技術や知識は必要ありません。
〇レンタカー回送業務
※研修期間終了後に各店舗への配属を行います。
《変更範囲:本社事務》",890-0053,"鹿児島·宮崎県内計6店舗のいずれか
【鹿児島エリア】5店舗のいずれか
【宮崎エリア】 宮崎空港フェニックス店",,0,0,5,"必須
普通自動車一種運転免許 (AT限定可:入社後取得可) ",あり,可,あり,あり,195000,203000,あり,あり,12,変形労働時間制 (1年単位),その他,07:30-16:15,09:00-17:45,11:15-20:00,110,可,令和8年10月1日以降,可,補足事項欄参照,総務 課長,山下 信哉,ヤマシタ シンヤ,099-223-3728,099-223-3739,mrl-kanri@iwasaki-group.com,"○就業場所<オリックスレンタカー>
【鹿児島】*鹿児島中央駅前店 *天文館店
*鹿児島空港店 *種子島店 *屋久島空港店
【宮崎】 *宮崎空港フェニックス店
○転勤の可能性:各県内の上記店舗及び本社
〇就業場所人数及び就業時間は、鹿児島中央駅前店を例に記載して
おります。
〇応募前職場見学を随時行っておりますので、希望される場合は
事前に担当者へ連絡をお願いいたします","〇交通費について 公共交通機関上限:16,000円/月
マイカー通勤上限: 7,000円/月
※マイカー通勤の可否は勤務先により異なります。
〇昇給は実績により支給
〇時間外労働賃金·その他手当ては別途支給
〇宿舎について:鹿児島市内及び屋久島は宿舎あり
〇試用期間:3ヶ月  (試用期間中 日給9,177円) 
〇離島手当:島外から移住の方のみ対象 (社命による勤務) 
〇履歴書:手書き·パソコン作成どちらでも可",704,058,058-03,034,034-03,鹿児島県鹿児島市,宮崎県宮崎市,,0156,,,,,,あり,,,,,,,2025年07月03日 15:13,2025年07月16日 05:16,バーコードスキャン,求人番号_46010-355869.pdf,サービスの職業,その他のサービスの職業,物品レンタル係,接客/サービスに関わる,その他(接客/サービスに関わる),事務的職業,一般事務・秘書・受付の職業,受付・案内事務員,事務に関わる,一般事務,0,423,物品賃貸人,254,受付・案内事務員
2025,46120-41569,指宿公共職業安定所,4612-6891-9,可,カブシキガイシャ イブスキハクスイカン,株式会社 指宿白水館,891-0404,鹿児島県指宿市東方12126-12,,代表取締役 下竹原 利彦,9340001009361,http://www.hakusuikan.co.jp,323,320,昭和35年,"3,000万円",旅館業,"鹿児島の歴史と文化を織り込んだ館内、そして自然環境に恵まれ、
樹齢150余年の松林が織りなす広大な庭園をもつ日本旅館です。",正社員,洋食調理,"〇宿泊施設内における調理全般 (洋食) に従事していただきます。
·朝食バイキングの仕込み·盛り付け等
·夕食の仕込み·盛り付け等
〇就業時間 (1) →中抜け→ (2) 
〈業務の変更範囲:変更なし〉
※「2025年度人気温泉旅館ホテル250選」料理部門2位受賞",891-0404,鹿児島県指宿市東方12126-12,,0,0,5,不問,なし,可,あり,なし,200000,200000,あり,あり,10,変形労働時間制 (1年単位),その他,05:00-09:30,16:00-20:30,,105,可,令和8年10月1日以降,可,随時,人事総務部,採用担当者,,0993-22-3138,0993-22-4285,,"〇説明会及び応募前職場見学実施
日程については、事前連絡の上お気軽にご相談ください。
〇福利厚生:勤続表彰制度、社員旅行、従業員家族宿泊割引、
誕生日チケット (館内利用券) 
〇履歴書:手書き·パソコン作成どちらも可
〇既卒者の応募には、ハローワークの紹介状が必要です。","〇特別に支払われる手当について
中抜け手当:就業時間 (1) →中抜け→ (2) をした場合に
1日1,000円
〇従業員食堂あり (昼·夜) 1食110円
〇社員寮 (Wifi完備) 
宿舎費 (男子寮6,500円〜、女子寮3,300円〜) ",751,055,055-02,,,鹿児島県指宿市,,,0151,,,,,,,,,,,,,2025年07月03日 15:13,2025年07月03日 15:13,バーコードスキャン,求人番号_46120-41569.pdf,サービスの職業,飲食物調理の職業,西洋料理調理人,接客/サービスに関わる,飲食,,,,,,1,391,調理人,,
2025,46120-39069,指宿公共職業安定所,4612-6891-9,可,カブシキガイシャ イブスキハクスイカン,株式会社 指宿白水館,891-0404,鹿児島県指宿市東方12126-12,,代表取締役 下竹原 利彦,9340001009361,http://www.hakusuikan.co.jp,323,320,昭和35年,"3,000万円",旅館業,"鹿児島の歴史と文化を織り込んだ館内、そして自然環境に恵まれ、
樹齢150余年の松林が織りなす広大な庭園をもつ日本旅館です。",正社員,和食調理,"〇宿泊施設内における調理全般 (和食) に従事していただきます。
·切り込み·仕込み·盛り付け等
〇就業時間 (1) →中抜け→ (2) 
〈業務の変更範囲:変更なし〉
※「2025年度人気温泉旅館ホテル250選」料理部門2位受賞",891-0404,鹿児島県指宿市東方12126-12,,0,0,5,不問,なし,可,あり,なし,200000,200000,あり,あり,10,変形労働時間制 (1年単位),その他,05:00-09:30,16:00-20:30,,105,可,令和8年10月1日以降,可,随時,人事総務部,採用担当者,,0993-22-3138,0993-22-4285,,"〇説明会及び応募前職場見学実施
日程については、事前連絡の上お気軽にご相談ください。
〇福利厚生:勤続表彰制度、社員旅行、従業員家族宿泊割引、
誕生日チケット (館内利用券) 
〇履歴書:手書き·パソコン作成どちらも可
〇既卒者の応募には、ハローワークの紹介状が必要です。","〇特別に支払われる手当について
中抜け手当:就業時間 (1) →中抜け→ (2) をした場合に
1日1,000円
〇従業員食堂あり (昼·夜) 1食110円
〇社員寮について (Wifi完備) 
宿舎費 (男子寮6,500円〜、女子寮3,300円〜) ",751,055,055-01,,,鹿児島県指宿市,,,0150,,,,,,,,,,,,,2025年07月03日 15:06,2025年07月03日 15:06,バーコードスキャン,求人番号_46120-39069.pdf,サービスの職業,飲食物調理の職業,日本料理調理人,接客/サービスに関わる,飲食,,,,,,0,391,調理人,,
2025,46120-40269,指宿公共職業安定所,4612-6891-9,可,カブシキガイシャ イブスキハクスイカン,株式会社 指宿白水館,891-0404,鹿児島県指宿市東方12126-12,,代表取締役 下竹原 利彦,9340001009361,http://www.hakusuikan.co.jp,323,320,昭和35年,"3,000万円",旅館業,"鹿児島の歴史と文化を織り込んだ館内、そして自然環境に恵まれ、
樹齢150余年の松林が織りなす広大な庭園をもつ日本旅館です。",正社員,接客全般,"○朝/夕食会場 (料亭·レストラン·宴会場ほか) での準備·配膳
〇客室の清掃·浴衣·シーツ等取替え·ベッドメイキング及び客室のセッティ
ング
※就業時間  (1) →中抜け→ (2) 
〈業務の変更範囲:会社の定める業務〉",891-0404,鹿児島県指宿市東方12126-12,,0,0,20,不問,なし,可,あり,なし,200000,220000,あり,あり,10,変形労働時間制 (1年単位),その他,06:00-10:00,17:00-22:00,,105,可,令和8年10月1日以降,可,随時,人事総務部,採用担当者,,0993-22-3138,0993-22-4285,,"〇説明会及び応募前職場見学実施
日程については、事前連絡の上お気軽にご相談ください。
〇福利厚生:勤続表彰制度、社員旅行、従業員家族宿泊割引、
誕生日チケット (館内利用券) 
〇履歴書:手書き·パソコン作成どちらも可
〇既卒者の応募には、ハローワークの紹介状が必要です。","〇特別に支払われる手当について
中抜け手当:就業時間 (1) →中抜け→ (2) をした場合に
1日1,000円
〇従業員食堂有 (昼·夜) 1食110円
〇社員寮について (Wifi完備) 
宿舎費 (男子寮6,500円〜、女子寮3,300円〜) ",751,056,056-05,,,鹿児島県指宿市,,,0149,,,,,,,,,,,,,2025年07月03日 15:06,2025年07月03日 15:06,バーコードスキャン,求人番号_46120-40269.pdf,サービスの職業,接客・給仕の職業,旅館・ホテル接客係,接客/サービスに関わる,接客,,,,,,1,404,身の回り世話従事者,,
2025,46080-87869,大隅公共職業安定所,4608-19415-5,可,カブシキガイシャ スズキアリーナオオスミ,株式会社 スズキアリーナ大隅,899-8212,鹿児島県曽於市大隅町月野8712,,代表取締役 萩元 克久,1340001014897,https://arena123.com/,33,21,昭和38年,"1,000万円","スズキ株式会社が製造する軽·小型自動車等の販売、整備など
★健康経営優良法人 (2020年度より継続認定) 
★かごしま「働き方改革プラス共働き·共育て」推進企業","スズキ株式会社 正規ディーラー権を持つスズキでは鹿児島県内唯
一のオーナーディーラーです。お客様との信頼関係を大切に地域ナ
ンバーワンのカーディーラーを目指しています。",正社員,店舗スタッフ(自動車販売員),"〇ひとりでも多くのお客様にスズキ車をお届けできるようイベントの企画、
来店促進、商談等の販売活動、点検の案内や自動車保険の提案等アフター
フォローにも取り組んでいただきます。〇100%店頭販売です。飛び込み
営業は一切ありません。〇車の知識が無くても大丈夫です。入社後1ヶ月は
ビジネスマナーや自動車の基礎知識を学ぶ新入社員研修があり必要な知識を
習得できます。〇配属後は先輩社員がマンツーマンで指導しますので、安心
して必要なスキルを身につけることが可能です。〇販売員の仕事はお客様と
長いお付き合いで信頼関係を築ける。そのような魅力ある仕事です。
《業務の変更範囲:会社の定める業務》",899-8102,鹿児島県曽於市大隅町岩川7402-1,,1,0,0,"必須
準中型自動車免許 (AT限定不可、入社後取得可) ",あり,可,なし,なし,179000,209000,あり,あり,12,変形労働時間制 (1ヶ月単位),水 その他,09:00-18:00,,,130,不可,,可,補足事項欄参照,"統括本部 人事労務課
係長",宮永 百佳,ミヤナガ モモカ,099-471-2222,099-471-2222,saiyou@saosumi.onmicrosoft.com,"〇応募前職場見学を8月20日に開催します。
予約が必要ですので5日前までにお申し込みください。
〇新入社員特別休暇、新婚旅行に使える結婚休暇、出産前の健診や
体調不良に使える妊婦休暇、子供の急な発熱や予防接種、健診に役
立つ子の看護等休暇、学校行事など子育て全般に使える養育両立支
援休暇、親の介護に役立つ介護休暇、忌引き休暇等を有給化するな
ど人生のステージに応じた有給休暇を設定〇有給休暇は1時間単位
でも取得可能です。〇教育手当は入社から2年間支給いたします。
1年目:20,000円、2年目:10,000円〇その他に販売
報奨金、時間外、役職、家族手当等があります。","〇転勤の範囲は曽於市内および都城市内限定です。
〇健康経営優良法人です!
※健康経営優良法人とは、特に優良な健康経営を実施している企業
を顕彰する制度です。
〇将来世代応援企業賞表彰 (将来世代応援知事同盟) 
〇かごしま「働き方改革プラス共働き·共育て」推進企業
〇かごしま「働き方改革」推進企業
〇かごしま子育て応援企業
〇鹿児島県女性活躍推進宣言企業
〇履歴書:手書き·パソコン作成どちらも可",591,048,048-05,,,鹿児島県曽於市,宮崎県都城市,,0147,,,,,,,,,,,,,2025年07月03日 15:06,2025年07月03日 15:06,バーコードスキャン,求人番号_46080-87869.pdf,販売・営業の職業,営業の職業,自動車営業員,営業に関わる,営業,,,,,,0,344,機械器具営業職業従事者（通信機械器具を除く）,,
2025,46010-527569,鹿児島公共職業安定所,4601-921328-0,可,ニホンコウギョウケンサカブシキガイシャ オオイタエイギョウショ ケンササンカ,日本工業検査株式会社 大分営業所 検査3課,891-0202,"鹿児島県鹿児島市喜入中名町2856-5
ENEOS喜入基地 (株) 内",JR指宿枕崎線 中名駅 から 徒歩10分,課長 俣木 陽一,3020001081596,https://www.nikkoken.com/,496,12,昭和38年,"9,000万円","1非破壊検査…石油化学プラント、発電所等
2計測…橋、鉄道、パイプライン等
3調査診断…ビル·大規模商業施設等","当社は社会インフラや様々な構造物について専門の機会を使用し、
内部や表面の欠陥がないか検査をする会社である。
社会が安心して暮らせるように支える社会貢献できる仕事である。",正社員,"非破壊検査業(技術サービス業)
【喜入事務所】","○石油化学工場、発電設備、ビルや橋などインフラ構造物の
非破壊検査·計測·調査診断
※非破壊検査:超音波や放射線、レーダーなど最新の装置と技術を駆使し、
物を壊すことなくその欠陥や劣化の状況を調べ出す検査技術。
《変更範囲:なし》",891-0202,"鹿児島県鹿児島市喜入中名町2856-5
ENEOS喜入基地内",JR指宿枕崎線 中名駅 から 徒歩10分,0,0,1,"あれば尚可
普通自動車運転免許 (AT限定可·入社後取得可) 
※誕生日の都合で入社日までに取得できない場合は
事前にご相談ください。",なし,可,あり,なし,210400,210400,あり,あり,28,,日祝 その他,08:00-17:00,,,120,可,令和8年10月1日以降,可,随時,北九州営業所 所長,高橋 伸昌,タカハシ ノブマサ,093-571-1777,093-571-8957,nbm.takahashi@nikkoken.com,"·入社支度金あり (入社時10万円支給) 
·独身寮あり (寮費1万円/月) 
ただし、入居条件あり
·各種免許資格について会社負担で取得が可能
資格取得への充実した研修制度あり
·新入社員研修にて山九グループ研修に参加 (北九州で開催) 
·業績連動賞与制度 (夏季·冬季賞与とは別で支給) 
·東証プライム上場企業の山九 (株) グループ企業","·免許制度あり (毎月800円〜8,000円/1免許) 
·マイスター (高度な検査技術) 手当あり
 (10,000円〜50,000円/月) 
·家族手当あり
 (配偶者10、000円/月) 
 (中学生までの子5,000円/月、
高校生以上の子2,500円/月) 
·応募前職場見学を希望の際は、事前に担当者まで
お問い合わせください。
·履歴書:手書き·パソコン作成どちらも可",929,076,076-02,,,鹿児島県鹿児島市,,,0126,,,,,,あり,,,,,,,2025年07月03日 14:34,2025年07月16日 04:51,バーコードスキャン,求人番号_46010-527569.pdf,製造・修理・塗装・製図等の職業,製品検査工（金属製品）,金属加工・溶接検査工,生産/製造に関わる,製品検査(金属),,,,,,1,562,金属加工・溶接・溶断検査従事者,,
2025,46010-556869,鹿児島公共職業安定所,4601-921328-0,可,ニホンコウギョウケンサカブシキガイシャ オオイタエイギョウショ ケンササンカ,日本工業検査株式会社 大分営業所 検査3課,891-0202,"鹿児島県鹿児島市喜入中名町2856-5
ENEOS喜入基地 (株) 内",JR指宿枕崎線 中名駅 から 徒歩10分,課長 俣木 陽一,3020001081596,https://www.nikkoken.com/,496,3,昭和38年,"9,000万円","1非破壊検査…石油化学プラント、発電所等
2計測…橋、鉄道、パイプライン等
3調査診断…ビル·大規模商業施設等","当社は社会インフラや様々な構造物について専門の機会を使用し、
内部や表面の欠陥がないか検査をする会社である。
社会が安心して暮らせるように支える社会貢献できる仕事である。",正社員,非破壊検査業(技術サービス業),"○石油化学工場、発電設備、ビルや橋などインフラ構造物の
非破壊検査·計測·調査診断
※非破壊検査:超音波や放射線、レーダーなど最新の装置と技術を駆使し、
物を壊すことなくその欠陥や劣化の状況を調べ出す検査技術。
《変更範囲:なし》",893-1615,"鹿児島県肝属郡東串良町川東5024-1
志布志国家石油備蓄基地",,0,0,1,"あれば尚可
普通自動車運転免許 (AT限定可·入社後取得可) 
※誕生日の都合で入社日までに取得できない場合は
事前にご相談ください。",なし,可,あり,なし,210400,210400,あり,あり,28,,日祝 その他,08:00-17:00,,,120,可,令和8年10月1日以降,可,随時,北九州営業所 所長,高橋 伸昌,タカハシ ノブマサ,093-571-1777,093-571-8957,nbm.takahashi@nikkoken.com,"·入社支度金あり (入社時10万円支給) 
·独身寮あり (寮費1万円/月) 
ただし、入居条件あり
·各種免許資格について会社負担で取得が可能
資格取得への充実した研修制度あり
·新入社員研修にて山九グループ研修に参加 (北九州で開催) 
·業績連動賞与制度 (夏季·冬季賞与とは別で支給) 
·東証プライム上場企業の山九 (株) グループ企業","·免許制度あり (毎月800円〜8,000円/1免許) 
·マイスター (高度な検査技術) 手当あり
 (10,000円〜50,000円/月) 
·家族手当あり
 (配偶者10、000円/月) 
 (中学生までの子5,000円/月、
高校生以上の子2,500円/月) 
·応募前職場見学を希望の際は、事前に担当者まで
お問い合わせください。
·履歴書:手書き·パソコン作成どちらも可",929,076,076-02,,,鹿児島県肝属郡東串良町,,,0125,,,,,,あり,,,,,,,2025年07月03日 14:34,2025年07月16日 04:50,バーコードスキャン,求人番号_46010-556869.pdf,製造・修理・塗装・製図等の職業,製品検査工（金属製品）,金属加工・溶接検査工,生産/製造に関わる,製品検査(金属),,,,,,0,562,金属加工・溶接・溶断検査従事者,,
2025,46080-91769,大隅公共職業安定所,4608-27438-5,可,カゴシマホリグチセイチャ ユウゲンガイシャ,鹿児島堀口製茶 有限会社,899-7503,鹿児島県志布志市有明町蓬原758,,代表取締役社長 堀口 大輔,4340002027656,https://www.horiguchiseicha.com,76,23,昭和23年,"2,975万円","茶の裁培、菅理、摘採、製造、その他
茶音の蔵 (茶を使った創作料理) 
大隅茶全 (小売·テイクアウト販売) ","現在茶園125ha余りを栽培しております。環境に優しい土作り
から拘ったお茶の栽培製造から販売まで行っています。スマート農
業にも力を入れロボット摘採機·ICT等最先端の技術を導入。",正社員,茶の製造,"〇茶の製造 (荒茶製造部) 
·荒茶·碾茶の製造ラインのオペレーション業務
·工場内機械整備→製造機器のメンテナンス
·荒茶·碾茶の袋詰め
·工場内外の清掃 → 機械の掃除等
·その他不随する業務
·茶園管理業務
【業務の変更範囲:会社の定める業務】",899-7511,鹿児島県志布志市有明町原田1202-1,上宇土鼻バス停 下車徒歩10分駅,2,0,0,"必須
普通自動車免許 (AT限定可 入社後取得可) ",なし,可,なし,なし,200000,200000,あり,あり,23,変形労働時間制 (1年単位),その他,08:00-17:00,,,95,可,令和8年10月1日以降,可,補足事項欄参照,総務部,堀口,ホリグチ,099-475-0931,099-475-1976,a-horiguchi@kh-teamfr.co.jp,"\2025年8月 職場見学&先輩座談会開催/参加受付中!
〇人事評価制度あり:成長意欲·やりがいの持てる人事制度です。
仕事への姿勢や成果が給与や昇給に反映されます
○改善提案制度あり:社員自らが気づいた改善点を会社側に提出し
会社側が評価する
○既卒者の応募にはハローワークの紹介状が必要です。
〇履歴書:手書き·パソコン作成どちらでも可
〇有休取得率100%。","○勤務体制·残業·変形労働時間制
繁忙期 (4月〜10月) はシフト勤務で残業が1h〜2h程度有
閑散期 (9月11月〜2月) は土日祝休み
○各種手当について
·住宅手当:賃貸の場合上限15,000円まで
·扶養手当:配偶者5,000円、子1人3,000円
○賞与·昇給:昨年度は新規学卒者の採用がなかったため実績なし
ですが会社規定により支給。成長や成果が昇給に反
映される人事制度あり",103,072,072-07,,,鹿児島県志布志市,,,0120,,,,,,あり,,,,,,,2025年07月03日 14:34,2025年07月16日 04:50,バーコードスキャン,求人番号_46080-91769.pdf,製造・修理・塗装・製図等の職業,製品製造・加工処理工（食料品等）,飲料・たばこ製造工,生産/製造に関わる,製造/加工(食料品),,,,,,0,534,飲料・たばこ製造従事者,,
2025,46080-92169,大隅公共職業安定所,4608-27438-5,可,カゴシマホリグチセイチャ ユウゲンガイシャ,鹿児島堀口製茶 有限会社,899-7503,鹿児島県志布志市有明町蓬原758,,代表取締役社長 堀口 大輔,4340002027656,https://www.horiguchiseicha.com,76,33,昭和23年,"2,975万円","茶の裁培、菅理、摘採、製造、その他
茶音の蔵 (茶を使った創作料理) 
大隅茶全 (小売·テイクアウト販売) ","現在茶園125ha余りを栽培しております。環境に優しい土作り
から拘ったお茶の栽培製造から販売まで行っています。スマート農
業にも力を入れロボット摘採機·ICT等最先端の技術を導入。",正社員,茶の栽培、茶園管理業務,"○茶の栽培·管理作業 (茶園管理部) 
·茶の摘採 (摘採機操縦) 
·バロン掛け (茶の摘採時期の寒冷紗 (バロン) かけ、はがし作業
·畑の管理作業全般 (肥料散布·草取り·霜対策など) 
【業務の変更範囲:会社の定める業務】",899-7511,鹿児島県志布志市有明町原田1202-1,上宇土鼻バス停 下車徒歩10分駅,2,0,0,"必須
普通自動車免許 (AT限定不可 入社後取得可) ",なし,可,なし,なし,200000,200000,あり,あり,23,変形労働時間制 (1年単位),その他,08:00-17:00,,,95,可,令和8年10月1日以降,可,補足事項欄参照,総務部,堀口,ホリグチ,099-475-0931,099-475-1976,a-horiguchi@kh-teamfr.co.jp,"\2025年8月 職場見学&先輩座談会開催/参加受付中!
〇人事評価制度あり:成長意欲·やりがいの持てる人事制度です。
仕事への姿勢や成果が給与や昇給に反映されます
○改善提案制度あり:社員自らが気づいた改善点を会社側に提出し
会社側が評価する
○既卒者の応募にはハローワークの紹介状が必要です。
〇履歴書:手書き·パソコン作成どちらでも可
〇有休取得率100%。","○勤務体制·残業·変形労働時間制
繁忙期 (4月〜10月) はシフト勤務で残業が1h〜3h程度有
閑散期 (9月11月〜2月) は土日祝休み
○各種手当について
·住宅手当:賃貸の場合上限15,000円まで
·扶養手当:配偶者5,000円、子1人3,000円
○賞与·昇給:昨年度は新規学卒者の採用がなかったため実績なし
ですが会社規定により支給。成長や成果が昇給に反
映される人事制度あり",103,064,064-02,,,鹿児島県志布志市,,,0119,,,,,,あり,,,,,,,2025年07月03日 14:34,2025年07月16日 04:49,バーコードスキャン,求人番号_46080-92169.pdf,農林漁業の職業,農業の職業（養畜・動物飼育・植木・造園を含む）,農作物栽培・収穫作業員（稲作・畑作を除く）,農林水産業に関わる,農業,,,,,,0,461,農耕従事者,,
2025,46080-84169,大隅公共職業安定所,4608-100297-4,可,ユウゲンガイシャ フジミネボクジョウ,有限会社 藤嶺牧場,899-8604,鹿児島県曽於市末吉町諏訪方8653-7,,代表取締役 田中 和宏,4340002027383,,41,41,昭和56年,300万円,養牛業、牛の飼育管理、推肥の製造及び販売。,"食品産業の基盤業種であり、安定した業界です。牛の飼育管理業務
が主体であり、未経験者でも安心して働くことができ、育てる喜び
と楽しさを共有できる職場です。",正社員,畜産業(養牛飼育管理),"○養牛管理スタッフとしての業務
·牛の給餌·給水
·牛の健康管理、環境管理
·牛舎の清掃·床替え·移動など
·その他検査·事務に付随する業務
【業務の変更範囲:変更無し】",000-0000,別記 (補足事項参照),,5,0,0,"必須
○自動車運転免許 (AT限定不可、入社後取得可) ",あり,可,なし,なし,182500,205000,あり,あり,3,,その他,08:00-17:00,,,104,可,令和8年10月1日以降,可,随時,総務部管理課 課長,野田 隆一,ノダ リュウイチ,0986-76-6990,0986-76-6920,,"○就業場所
·第3農場:〒899-8212
曽於市大隅町月野10705
·第6農場:〒899-8313
曽於郡大崎町野方海道原3323-1
·湧水農場:〒899-6102
姶良郡湧水町中津川字中津久弥1858-53
·内之浦農場:〒893-1401
鹿児島県肝属郡肝付町北方字城ノ脇2880","○就業先はできるだけ現住所から通勤圏内の農場勤務となるよう
配慮致します。
○履歴書:手書き·パソコン作成どちらも可
○既卒者·中退者の応募にはハローワークの紹介状が必要です。
●受付期間·選考について
1次募集は受付期間9/5〜17、2次募集がある場合は、
9/19以降随時受付します。",012,064,064-03,,,鹿児島県曽於市,鹿児島県曽於郡大崎町,鹿児島県肝属郡肝付町,0118,,,,,,あり,,,,,,,2025年07月03日 14:34,2025年07月16日 04:49,バーコードスキャン,求人番号_46080-84169.pdf,農林漁業の職業,農業の職業（養畜・動物飼育・植木・造園を含む）,家畜・家きん飼育作業員,農林水産業に関わる,農業,,,,,,0,462,養畜従事者,,
2025,46080-83769,大隅公共職業安定所,4608-613967-1,可,カブシキガイシャ ナンチクフアーム,株式会社 ナンチクファーム,899-8604,鹿児島県曽於市末吉町諏訪方8653-7,,代表取締役 田中 和宏,2340001011893,,107,107,,1億円,養豚業、豚の飼育管理,"食品産業の基盤業種であり、安定した業界です。豚の飼育管理業務
が主体であり、未経験者でも安心して働く事ができ、育てる喜びと
楽しさを共有できる職場です。",正社員,畜産業(養豚飼育管理),"○養豚管理スタッフとしての業務
·豚の給餌·給水
·豚の健康管理、環境管理
·豚舎の清掃·床替え·移動など
·その他検査·事務に付随する業務
【業務の変更範囲:変更無し】",000-0000,別記 (補足事項参照),,5,0,0,"必須
○自動車運転免許 (AT限定不可、入社後取得可) ",あり,可,なし,なし,182500,205000,あり,あり,3,,その他,08:00-17:00,,,104,可,令和8年10月1日以降,可,随時,総務部管理課 課長,野田 隆一,ノダ リュウイチ,0986-76-6990,0986-76-6920,,"○就業場所
·出水農場 (出水市平和町1467) ·上場農場 (出水市上大川
内須山2708) ·高尾野農場 (出水市高尾野町唐笠木1950
-2) ·財部農場 (曽於市財部町下財部夏木6808-2) ·安
楽農場 (志布志市志布志町安楽4514-1) ·木原農場 (姶良
郡湧水町川添2348) ·小林農場 (小林市細野山中前5740
) ·藤嶺第5農場 (曽於市大隅町中之内2342) ·藤嶺第1農
場 (曽於市大隅町月野5977-3) ·守山細田農場 (日南市大
字萩之嶺城ヶ尾6248) ","○就業先はできるだけ現住所から通勤圏内の農場勤務となるよう配
慮致します。
○履歴書:手書き·パソコン作成どちらも可
○既卒者·中退者の応募にはハローワークの紹介状が必要です。
●受付期間·選考について
1次募集は受付期間9/5〜17、2次募集がある場合は、
9/19以降随時受付します。",012,064,064-03,,,鹿児島県曽於市,鹿児島県志布志市,鹿児島県出水市,0117,,,,,,あり,,,,,,,2025年07月03日 14:34,2025年07月16日 04:49,バーコードスキャン,求人番号_46080-83769.pdf,農林漁業の職業,農業の職業（養畜・動物飼育・植木・造園を含む）,家畜・家きん飼育作業員,農林水産業に関わる,農業,,,,,,0,462,養畜従事者,,
2025,46080-12069,大隅公共職業安定所,4608-101072-5,可,ソオ カゴシマ ノウギヨウ キヨウドウ クミアイ,そお鹿児島農業協同組合,899-8102,鹿児島県曽於市大隅町岩川5591-1,,代表理事組合長 竹内 和久,9340005007304,,595,556,平成5年,95億円,信用、共済、購買、販売、指導事業,"平成5年3月1日設立の郡内7農協の合併の農協で県内でも有数の
大型農協で、今後一層の発展が期待できる。",正社員,"自動車·農業機械整備士·ガス販売営業
(関連事務職含む)","◎自動車·農業用機械の修理、販売業務
◎整備士業務に係る一般事務
○文書作成、表計算
○パソコン入力
○接客、電話対応
【業務の変更範囲:変更無し】",899-8102,"そお鹿児島農業協同組合の各自動車整備工場及び各農機センター
(詳細は補足事項欄に記載)",,6,0,0,"必須
普通自動者免許 (AT限定可 入社後取得可) ",あり,可,なし,なし,146000,203650,あり,あり,16,,日祝 その他,08:30-17:00,,,121,可,令和8年10月1日以降,可,随時,総務部 総務人事課 課長,市吉 康幸,イチヨシ ヤスユキ,099-482-0005,099-482-6808,,"※農業機械センター·自動車整備工場は次のとおりです
大隅農業機械センター 曽於市大隅町月野1699
輝北農業機械センター 鹿屋市輝北町上百引1871番地1
財部農業機械センター 曽於市財部町南俣656番地1
末吉農業機械センター 曽於市末吉町諏訪方7737
松山農業機械センター 志布志市松山町泰野369番地2
志布志農業機械センター 志布志市志布志町帖3591
大崎農業機械センター 曽於郡大崎町仮宿1098番地25
末吉整備工場 曽於市末吉町諏訪方7737
輝北整備工場 鹿屋市輝北町上百引1871番地1","○試用期間:3カ月
○受付方法:郵送
○履歴書:手書き·パソコン作成どちらも可
○既卒者の応募にはハローワークの紹介状が必要です。",871,075,075-03,075,075-01,鹿児島県曽於市,鹿児島県志布志市,鹿児島県曽於郡大崎町,0114,,,,,,あり,,,,,,,2025年07月03日 14:34,2025年07月16日 04:48,バーコードスキャン,求人番号_46080-12069.pdf,製造・修理・塗装・製図等の職業,機械整備・修理工,自動車整備・修理工,生産/製造に関わる,整備/修理,製造・修理・塗装・製図等の職業,機械整備・修理工,はん用・生産用・業務用機械器具整備・修理工,生産/製造に関わる,整備/修理,0,553,自動車整備・修理従事者,551,はん用・生産用・業務用機械器具整備・修理従事者
2025,46030-140969,鹿屋公共職業安定所,4603-915858-1,不可,シブシセキュピチク カブシキガイシャ シブシジギョウショ,志布志石油備蓄 株式会社 志布志事業所,893-1615,鹿児島県肝属郡東串良町川東字新洲崎5024番地1,,"代表取締役社長
大関 忍",2020001042772,https://www.shibushi.co.jp,72,72,昭和59年,1億円,当社は、株式会社 JERA グループの企業として、志布志国家石油 備蓄基地の操業を受託している会社です。国家備蓄原油の保管管理 、原油の受け払い、メンテナンスを主な業務としています。,緊急用に備えた原油を適切に保管することで、石油危機に的確に対 応し、日本のエネルギーの安定供給確保という国家的使命をもとに 、安全安定操業に全力で取り組んでいます。,正社員,技術職,"1. 勤務形態:交替勤務
2. 主な業務
 (1) 設備運転状況の監視
 (2) 原油の受払作業
 (3) 設備のメンテナンス作業 (日巾はタンクの乗降作業あり) 
 (4) 防災要員としての業務
*杜用車の運転業務あり
*変更範囲:会社の定める業務",893-1615,鹿児島県肝属郡東串良町川東字新洲崎5024番地1,,2,,0,"あれば尚可 ○普通自動車運転免許
受付
第110号 08. 7. 03 進路指導
本社、同グループ内企業に出
○危険物取扱者乙種第4類",あり,可,あり,あり,202500,202500,あり,あり,6,変形労働時間制  (1ヶ月単位),その他,08:15-20:30,,,91,不可,,可,随時,志布志事業所 総務課,宇都 · 末吉,ウト · スエコシ,0994-63-7511,0994-63-7510,,"1. 選考旅費及び赴任旅費は当社規程に準ずる 2. 入社後一定期間の新入社員研修あり 3. 社員食堂あり (昼·夜利用可) 
4. 体育施設あり  (体育館·野球場)  5. レクリエーション活動 (ボーリング大会等) 
6. 夏季休暇は有給休暇を充当
7. 応募前見学可 *見学希望の場合はお問い合わせ下さい。
8. 履歴書は、手書き·パソコン作成どちらでも可
9. 転勤については (東京、北海道、秋田、福井) となりますが、 その他の地域の可能性もあります。",1. 試用期間 6カ月 (労働条件変更あり)  試用期間中は交替制勤務はなく、 就業時間は8:15~16:55となります。 2. 交替制勤務「3勤1休」の例 昼勤 (8:15~20:30) → 夜勤 (20:15~翌8:30) →明勤→公休 3. 借上社宅制度あり *通勤可能な自家 (親元含む) がない場合に借り上げ住宅を貸与 ◆令和8年6月29日「公正な採用·選考のために」等にて説明済,950,069,069-01,069,069-01,鹿児島県肝属郡東串良町,,,0110,,,,,,あり,,,,,,,2025年07月03日 14:23,2025年07月16日 04:47,PDFアップロード,20250703140819.pdf,製造・修理・塗装・製図等の職業,生産設備オペレーター（金属製品・食料品等を除く）,化学製品生産設備オペレーター,生産/製造に関わる,機械操作,製造・修理・塗装・製図等の職業,生産設備オペレーター（金属製品・食料品等を除く）,化学製品生産設備オペレーター,生産/製造に関わる,機械操作,0,501,化学製品生産設備制御・監視員,501,化学製品生産設備制御・監視員
2025,46010-462269,鹿児島公共職業安定所,4601-6652-9,可,カブシキガイシャニシムタ,株式会社 ニシムタ,890-0062,鹿児島県鹿児島市与次郎1丁目10-1,,代表取締役 西牟田 敏明,2340001003271,https://nishimuta.co.jp/,3768,3768,昭和33年,"5,000万円","ホームセンター (カー用品·日曜大工、家電、ドラッグ他) 
食料品 (青果、精肉、鮮魚、食品他) 等々の各種商品小売販売業","鹿児島·熊本·宮崎の南九州地域に根付き、お客様の暮らしに寄り
添った幅広い品揃えを通して、地域に1番愛される店舗づくりを行
なっています。",正社員,販売職,"【店舗運営 (販売·接客等) 】
まずは店舗にてお客様対応、売場作り、商品補充、
発注、数値管理等の仕事をしていただきます。
キャリアプランについては本人の適性に沿って提案します。
◎Point
取り扱う商品カテゴリーが幅広いからこそ学生時代に学んだ専門知識や
趣味で培った知識を仕事に活かせるチャンスがあります。
お客様に寄り添った店舗運営で地元貢献を叶える誇り高い仕事です。
《変更範囲/バイヤー·総務人事·財務経理·情報システム·企画販促》",890-0062,"鹿児島県鹿児島市与次郎1丁目10-1
就業場所:鹿児島県内、宮崎県内、熊本県内の各店舗
(配属先は基本的に自宅から通える距離の店舗に決定します)",,60,0,0,"必須
普通自動車第一種免許 (AT限定可)  入社後取得可",あり,可,なし,なし,192908,200000,あり,あり,20,変形労働時間制 (1年単位),その他,07:00-00:00,,,110,可,令和8年10月1日以降,可,補足事項欄参照,総務人事部,堀脇 まゆ,ホリワキ マユ,099-255-1116,099-255-1119,,"○履歴書作成方法について:手書き·パソコン作成どちらも可
○就業時間について:店舗により就業時間が異なります。
*店舗ごとにシフトを組み、交代制で行います。
*主に実働8時間勤務となります。
○特別に支払われる手当について
*新卒住宅手当
一人住まい及び実家から50km以上の店舗配属の場合付与。
*奨学金返還補助手当
奨学金の返還義務を有する新卒者に対し月5000円を付与。","○賃金等補足
*賞与·昇給は業務 (成果) 給を採用しており、前年度実績は
考慮されません。
*自宅から通勤距離 (片道) が2km以上の場合、通勤手当を
支給します。 (社内規定による) 
○応募は1校から複数名受験可能です。 (男女不問) 
○応募前職場見学を希望される場合は、事前に担当者まで
ご連絡ください。
○転勤の可能性:鹿児島県25店舗·宮崎県2店舗·熊本県2店舗",561,045,045-04,045,045-05,鹿児島県鹿児島市,宮崎県都城市,熊本県人吉市,0109,,,,,,あり,,,,,,,2025年07月03日 14:17,2025年07月16日 04:46,バーコードスキャン,求人番号_46010-462269.pdf,販売・営業の職業,販売員,総合小売店販売店員（百貨店・コンビニエンスストアを除く）,販売に関わる,販売,販売・営業の職業,販売員,食品スーパーマーケット販売店員,販売に関わる,販売,0,323,販売店員,323,販売店員
2025,46010-791869,鹿児島公共職業安定所,4601-11581-0,可,ネッツトヨタカゴシマカブシキガイシャ,ネッツトヨタ鹿児島 株式会社,892-0835,鹿児島県鹿児島市城南町8-19,,代表取締役 柳園 久志,5340001003450,http://www.netz-kagoshima.jp,183,31,昭和43年,1億円,"車両の販売/リース/車両の点検·整備·修理·鈑金
業務/損害保険代理店業務/JAF代理店","創業58年、県内9店舗を構える『トヨタ正規販売店』です。
1人でも多くのお客様に安心·安全·快適なサービスを提供し、
地域で一番に選ばれる店づくりに挑戦しています。",正社員,自動車整備職,"\クルマの点検や修理をする仕事です/
社内研修、現場研修を通じ、先輩スタッフに教わりながら、
少しずつ仕事を覚えていきます。
·オイル交換やタイヤ交換などの定期点検作業
·車検や点検で車に異常がないかチェック
·故障した車の修理や部品交換
·お客様へ点検内容の説明やアドバイス
·工場内の清掃や片付け
《業務の変更範囲:なし》",892-0835,鹿児島県鹿児島市城南町8-19,,0,0,5,"あれば尚可
*普通自動車免許 (AT限定不可·入社後の取得可) ",あり,可,あり,なし,181000,203500,あり,あり,17,変形労働時間制 (1ヶ月単位),月 その他,09:00-18:00,,,116,可,令和8年10月1日以降,可,随時,採用·人材育成グループ,諸正·濱田,モロマサ·ハマダ,099-226-7001,099-226-7008,saiyo@netz-kagoshima.co.jp,"○休日:定休日以外に個別休暇があり
○マイカー通勤:自家用車規定あり
※通勤車両については社内規定があります。
詳しくはお気軽にご相談ください。
○転勤範囲:城南本店、谷山店、松元店、川内店、出水店、
加世田店、鹿屋店、姶良店、国分店、
谷山総合センター
○借り上げ社宅制度:通勤距離が35km以上の方が対象
○履歴書:手書き·パソコン作成どちらも可","○応募前職場見学については、7月20日以降実施予定です。
日程はご希望に合わせて調整します。
 (職場見学の参加有無は採否に影響しません) 
*会社や仕事内容の説明のほか、工場見学や試乗体験、
簡単なメンテナンス体験も予定しています。
交通費支給あり◎ぜひお気軽にご参加ください。",591,075,075-03,,,鹿児島県鹿児島市,,,0106,,,,,,あり,,,,,,,2025年07月03日 14:17,2025年07月16日 04:46,バーコードスキャン,求人番号_46010-791869.pdf,製造・修理・塗装・製図等の職業,機械整備・修理工,自動車整備・修理工,生産/製造に関わる,整備/修理,,,,,,0,553,自動車整備・修理従事者,,
2025,46080-7569,大隅公共職業安定所,4608-12266-6,可,キュウトクケンセツ カブシキガイシャ,久徳建設 株式会社,899-7302,鹿児島県曽於郡大崎町神領 2156-1,,代表取締役 吉留 祐介,3340001014986,http://www.kyutoku.co.jp/,45,45,昭和48年,"2,500万円","土木工事、建築工事、大工工事、とび·土工工事、石工事、
屋根工事、タイル·れんが·ブロック工事、鋼構造物工事、
舗装工事、しゆんせつ、塗装、内装仕上、造園、水道施設、解体","「お客様と心の懸け橋となる製品を提供する」という企業の理念を
掲げて、お客様の満足度向上を図る為上質の追求を大切にしており
、地元に根差した地域ナンバーワンの会社を目指しています。",正社員,施工管理業務(建築·土木),"○お客様と打合せしたものを形にします。
○施工の工程管理
○施工業者の取りまとめ
○工程会議の実施
○作業所の整理整頓·安全運動
○見積書作成
○図面作成 など
業務の変更範囲:会社の定める業務、詳細は面接時に説明します。",899-7302,鹿児島県曽於郡大崎町神領 2156-1,,1,0,0,不問,なし,可,なし,なし,180000,205000,あり,あり,10,変形労働時間制 (1ヶ月単位),日祝 その他,08:00-17:00,,,105,可,令和8年10月1日以降,可,随時,代表取締役,吉留 祐介,ヨシドメ ユウスケ,099-476-1131,099-476-3244,y.yoshidome@kyutoku.co.jp,"*昇給:実績なしですが会社規定により支給。
*全社員対象の定期健康診断 年1回
*講演会や運動教室などを主催し、地域貢献活動にも尽力していま
す。
*健康経営優良法人企業
*かごしま子育て応援企業
*育児や介護中の柔軟な働き方支援
○履歴書:手書き·パソコン作成どちらも可","【鹿児島労働局HPで企業PR動画 掲載中】
*試用期間:1ヶ月
*地域ナンバー1の売上高!直近5年平均売上高20億円超
*国際認証ISO9001·14001·45001認証取得
*建設現場:鹿児島県内一円 (社用車又は自家用車使用:ガソリン
支給) 
*「ナットク!キュウトク!」をスローガンに掲げ、お客様からも
働き手からも選ばれる会社を目指しています。
*応募前職場見学可能です。
○既卒者·中退者の応募にはハローワークの紹介状が必要です",061,008,008-02,008,008-05,鹿児島県曽於郡大崎町,,,0105,,,,,,,,,,,,,2025年07月03日 14:17,2025年07月03日 14:17,バーコードスキャン,求人番号_46080-7569.pdf,研究・技術の職業,建築・土木・測量技術者,建築施工管理技術者,建設/建築/土木に関わる,その他(建設/建築/土木に関わる),研究・技術の職業,建築・土木・測量技術者,土木施工管理技術者,建設/建築/土木に関わる,その他(建設/建築/土木に関わる),0,091,建築技術者,092,土木技術者
2025,46080-6269,大隅公共職業安定所,4608-12266-6,可,キュウトクケンセツ カブシキガイシャ,久徳建設 株式会社,899-7302,鹿児島県曽於郡大崎町神領 2156-1,,代表取締役 吉留 祐介,3340001014986,http://www.kyutoku.co.jp/,45,45,昭和48年,"2,500万円","土木工事、建築工事、大工工事、とび·土工工事、石工事、
屋根工事、タイル·れんが·ブロック工事、鋼構造物工事、
舗装工事、しゆんせつ、塗装、内装仕上、造園、水道施設、解体","「お客様と心の懸け橋となる製品を提供する」という企業の理念を
掲げて、お客様の満足度向上を図る為上質の追求を大切にしており
、地元に根差した地域ナンバーワンの会社を目指しています。",正社員,大工見習い,"○お客様と打合せしたものを形にします。
○木造建物の建設をします。
○作業所の整理整頓·安全運動 など
業務の変更範囲:会社の定める業務、詳細は面接時に説明します。",899-7302,鹿児島県曽於郡大崎町神領 2156-1,,1,0,0,不問,なし,可,なし,なし,180000,205000,あり,あり,10,変形労働時間制 (1ヶ月単位),日祝 その他,08:00-17:00,,,105,可,令和8年10月1日以降,可,随時,代表取締役,吉留 祐介,ヨシドメ ユウスケ,099-476-1131,099-476-3244,y.yoshidome@kyutoku.co.jp,"*賞与·昇給:実績なしですが会社規定により支給。
*全社員対象の定期健康診断 年1回
*講演会や運動教室などを主催し、地域貢献活動にも尽力していま
す。
*健康経営優良法人企業
*かごしま子育て応援企業
*育児や介護中の柔軟な働き方支援
○履歴書:手書き·パソコン作成どちらも可","【鹿児島労働局HPで企業PR動画 掲載中】
*試用期間:1ヶ月
*地域ナンバー1の売上高!直近5年平均売上高20億円超
*国際認証ISO9001·14001·45001認証取得
*建設現場:鹿児島県内一円 (社用車又は自家用車使用:ガソリン
支給) 
*「ナットク!キュウトク!」をスローガンに掲げ、お客様からも
働き手からも選ばれる会社を目指しています。
*応募前職場見学可能です。
○既卒者·中退者の応募にはハローワークの紹介状が必要です",061,091,091-01,,,鹿児島県曽於郡大崎町,,,0104,,,,,,,,,,,,,2025年07月03日 14:17,2025年07月03日 14:17,バーコードスキャン,求人番号_46080-6269.pdf,建設・土木・電気工事の職業,建設の職業（建設躯体工事の職業を除く）,大工,建設/建築/土木に関わる,建築,,,,,,0,661,大工,,
2025,46080-8469,大隅公共職業安定所,4608-12266-6,可,キュウトクケンセツ カブシキガイシャ,久徳建設 株式会社,899-7302,鹿児島県曽於郡大崎町神領 2156-1,,代表取締役 吉留 祐介,3340001014986,http://www.kyutoku.co.jp/,45,45,昭和48年,"2,500万円","土木工事、建築工事、大工工事、とび·土工工事、石工事、
屋根工事、タイル·れんが·ブロック工事、鋼構造物工事、
舗装工事、しゆんせつ、塗装、内装仕上、造園、水道施設、解体","「お客様と心の懸け橋となる製品を提供する」という企業の理念を
掲げて、お客様の満足度向上を図る為上質の追求を大切にしており
、地元に根差した地域ナンバーワンの会社を目指しています。",正社員,営業企画職(設計),"○お客様の要望を聞きプラン作成
○各種図面作成
○見積書作成
○確認申請などの申請業務
お客様との打ち合わせに同席する場合もあります。
営業エリアは主に大隅半島圏内です。
業務の変更範囲:会社の定める業務、詳細は面接時に説明します。",899-7302,鹿児島県曽於郡大崎町神領 2156-1,,1,0,0,不問,なし,可,なし,なし,180000,205000,あり,あり,10,変形労働時間制 (1ヶ月単位),日祝 その他,08:00-17:00,,,105,可,令和8年10月1日以降,可,随時,代表取締役,吉留 祐介,ヨシドメ ユウスケ,099-476-1131,099-476-3244,y.yoshidome@kyutoku.co.jp,"*昇給:実績なしですが会社規定により支給。
*全社員対象の定期健康診断 年1回
*講演会や運動教室などを主催し、地域貢献活動にも尽力していま
す。
*健康経営優良法人企業
*かごしま子育て応援企業
*育児や介護中の柔軟な働き方支援
○履歴書:手書き·パソコン作成どちらも可","【鹿児島労働局HPで企業PR動画 掲載中】
*試用期間:1ヶ月
*地域ナンバー1の売上高!直近5年平均売上高20億円超
*国際認証ISO9001·14001·45001認証取得
*建設現場:鹿児島県内一円 (社用車又は自家用車使用:ガソリン
支給) 
*「ナットク!キュウトク!」をスローガンに掲げ、お客様からも
働き手からも選ばれる会社を目指しています。
*応募前職場見学可能です。
○既卒者·中退者の応募にはハローワークの紹介状が必要です",061,048,048-10,008,008-01,鹿児島県曽於郡大崎町,,,0103,,,,,,,,,,,,,2025年07月03日 14:17,2025年07月03日 14:17,バーコードスキャン,求人番号_46080-8469.pdf,販売・営業の職業,営業の職業,建設工事営業員,営業に関わる,営業,研究・技術の職業,建築・土木・測量技術者,建築設計技術者,建設/建築/土木に関わる,その他(建設/建築/土木に関わる),0,349,その他の営業職業従事者,091,建築技術者
2025,46080-54369,大隅公共職業安定所,4608-614428-3,可,カブシキガイシャ カミグミ シブシテン,株式会社 上組 志布志支店,899-7103,鹿児島県志布志市志布志町志布志3306,日南線 志布志駅 から 徒歩15分,支店長 片山 栄次,6140001006951,https://www.kamigumi.co.jp,3646,103,明治前,"316億4,226万円",倉庫業。一般貨物自動車運送業。,一部上場企業です。安心して、将来の生活設計ができます。,正社員,一般職(現業コース),"〇貨物入出庫業務
港湾荷役作業及び倉庫内での貨物の積卸し作業
サイロオペレーター及び電気機器の保全作業
【業務の変更範囲:変更無し】
※勤務状況により休日増 (実際は120日前後の休日実績あり) ",899-7103,鹿児島県志布志市志布志町志布志3306,日南線 志布志駅 から 徒歩15分,10,0,0,不問,なし,可,なし,なし,168000,200000,あり,あり,38,,日祝 その他,08:00-16:00,08:00-12:00,,97,可,令和8年10月1日以降,可,随時,総務·経理課 課長代理,原野 正太郎,ハラノ ショウタロウ,099-473-2486,099-478-1499,shibushi@kamigumi.co.jp,"〇選考日については、別途通知します。
〇入社後は先輩社員と行動を共にし、社内規則や作業手順等の研修
を実施します。
○履歴書:手書き·パソコン作成どちらも可","〇新卒者の入社日:令和9年4月1日
〇マイカー通勤について:無料駐車場あり
〇応募前職場見学を行っておりますので、希望される場合は事前に
担当者まで連絡をお願いします。
〇既卒者の応募にはハローワークの紹介状が必要です。",471,095,095-03,095,095-01,鹿児島県志布志市,,,0101,,,,,,,,,,,,,2025年07月03日 14:17,2025年07月03日 14:17,バーコードスキャン,求人番号_46080-54369.pdf,運搬・清掃・包装・選別等の職業,荷役・運搬作業員,倉庫作業員,運輸/物流に関わる,倉庫/作業,運搬・清掃・包装・選別等の職業,荷役・運搬作業員,港湾荷役作業員,運輸/物流に関わる,倉庫/作業,0,704,倉庫作業従事者,702,船内・沿岸荷役従事者
2025,46040-14369,国分公共職業安定所,4604-614753-7,可,カブシキガイシャ セレクション (タイヤヤスウリオウ ビーライン) ,株式会社 セレクション (タイヤ安売王 ビーライン) ,899-5652,鹿児島県姶良市平松7386-1,,代表取締役 大坪祐輔,5340001018060,https://www.selection-ltd.com,43,3,平成26年,100万円,タイヤ販売·中古車販売·飲食事業,"若い人が多く活気があり、本人の努力とヤル気次第で実力を発揮で
きます。
現在10店舗を展開中。",正社員,総合職(指宿店),"○タイヤの販売及び接客業務に従事します。
·お買い上げ頂いたタイヤホイルを交換、取り付けする作業
·接客、事務作業
·カスタムパーツの販売、取り付け
·その他付随する業務
·営業エリア県内一円 (社用車使用) 
*従事すべき業務の変更の範囲:会社の定める業務",891-0311,"鹿児島県指宿市西方2174番地
「株式会社セレクション ビ-ライン指宿店」",,1,0,0,"必須
普通自動車免許 (AT限定可、入社後取得可) ",あり,可,なし,なし,200000,220000,なし,あり,4,変形労働時間制 (1ヶ月単位),その他,09:00-18:30,,,108,可,令和8年10月1日以降,可,随時,総務部,大重 広志,オオシゲ ヒロシ,0995-73-3600,0995-73-6800,h-oshige@selection-ltd.com,"·転勤の可能性あり
「鹿屋店」「国分店」「加治木店」「川内店」「姶良本社」
「出水店」「新栄店」「吉野店」「姶良本店」「伊集院店」
·制服支給あり
·社員旅行あり","·昇給については年1回 1000〜10000円
·賞与は業績による
·遠方の場合は、社用車にて通勤可、ガソリン代は会社負担
*履歴書:手書き·パソコン作成どちらでも可",591,048,048-04,,,鹿児島県指宿市,,,0100,,,,,,,,,,,,,2025年07月03日 14:17,2025年07月03日 14:17,バーコードスキャン,求人番号_46040-14369.pdf,販売・営業の職業,営業の職業,機械器具営業員,営業に関わる,営業,,,,,,0,344,機械器具営業職業従事者（通信機械器具を除く）,,
2025,46040-15269,国分公共職業安定所,4604-614753-7,可,カブシキガイシャ セレクション (タイヤヤスウリオウ ビーライン) ,株式会社 セレクション (タイヤ安売王 ビーライン) ,899-5652,鹿児島県姶良市平松7386-1,,代表取締役 大坪祐輔,5340001018060,https://www.selection-ltd.com,43,2,平成26年,100万円,タイヤ販売·中古車販売·飲食事業,"若い人が多く活気があり、本人の努力とヤル気次第で実力を発揮で
きます。
現在10店舗を展開中。",正社員,総合職(伊集院店),"○タイヤの販売及び接客業務に従事します。
·お買い上げ頂いたタイヤホイルを交換、取り付けする作業
·接客、事務作業
·カスタムパーツの販売、取り付け
·その他付随する業務
·営業エリア県内一円 (社用使用) 
*従事すべき業務の変更の範囲:会社の定める業務",899-2501,"鹿児島県日置市伊集院町下谷口2045-10
「株式会社セレクション ビーライン 伊集院店」",,1,0,0,"必須
普通自動車免許 (AT限定可、入社後取得可) ",あり,可,なし,なし,200000,220000,なし,あり,4,変形労働時間制 (1ヶ月単位),その他,09:00-18:30,,,108,可,令和8年10月1日以降,可,随時,総務部,大重 広志,オオシゲ ヒロシ,0995-73-3600,0995-73-6800,h-oshige@selection-ltd.com,"·転勤の可能性あり
「鹿屋店」「国分店」「加治木店」「川内店」「姶良本社」
「出水店」「新栄店」「吉野店」「姶良本店」「指宿店」
·制服支給あり
·社員旅行あり","·昇給については年1回 1000〜10000円
·賞与は業績による
·遠方の場合は、社用車にて通勤可、ガソリン代は会社負担
*履歴書:手書き·パソコン作成どちらでも可",591,048,048-04,,,鹿児島県日置市,,,0099,,,,,,,,,,,,,2025年07月03日 14:17,2025年07月03日 14:17,バーコードスキャン,求人番号_46040-15269.pdf,販売・営業の職業,営業の職業,機械器具営業員,営業に関わる,営業,,,,,,0,344,機械器具営業職業従事者（通信機械器具を除く）,,
2025,46040-16569,国分公共職業安定所,4604-614753-7,可,カブシキガイシャ セレクション (タイヤヤスウリオウ ビーライン) ,株式会社 セレクション (タイヤ安売王 ビーライン) ,899-5652,鹿児島県姶良市平松7386-1,,代表取締役 大坪祐輔,5340001018060,https://www.selection-ltd.com,43,3,平成26年,100万円,タイヤ販売·中古車販売·飲食事業,"若い人が多く活気があり、本人の努力とヤル気次第で実力を発揮で
きます。
現在10店舗を展開中。",正社員,総合職(吉野店),"○タイヤの販売及び接客業務に従事します。
·お買い上げ頂いたタイヤホイルを交換、取り付けする作業
·接客、事務作業
·カスタムパーツの販売、取り付け
·その他付随する業務
·営業エリア県内一円 (社用車使用) 
*従事すべき業務の範囲の範囲:会社の定める業務",892-0871,"鹿児島県鹿児島市吉野町2390-1
「株式会社セレクション ビーライン 吉野店」",,1,0,0,"必須
普通自動車免許 (AT限定可、入社後取得可) ",あり,可,なし,なし,200000,220000,なし,あり,4,変形労働時間制 (1ヶ月単位),その他,09:00-18:30,,,108,可,令和8年10月1日以降,可,随時,総務部,大重 広志,オオシゲ ヒロシ,0995-73-3600,0995-73-6800,h-oshige@selection-ltd.com,"·転勤の可能性あり
「鹿屋店」「国分店」「加治木店」「川内店」「伊集院店」
「出水店」「新栄店」「姶良本店」「指宿店」「姶良本社」
·制服支給あり
·社員旅行あり","·昇給については年1回 1000〜10000円
·賞与は業績による
·遠方の場合は、社用車にて通勤可、ガソリン代は会社負担
*履歴書:手書き·パソコン作成どちらでも可",591,048,048-04,,,鹿児島県鹿児島市,,,0098,,,,,,,,,,,,,2025年07月03日 14:17,2025年07月03日 14:17,バーコードスキャン,求人番号_46040-16569.pdf,販売・営業の職業,営業の職業,機械器具営業員,営業に関わる,営業,,,,,,0,344,機械器具営業職業従事者（通信機械器具を除く）,,
2025,46040-17469,国分公共職業安定所,4604-614753-7,可,カブシキガイシャ セレクション (タイヤヤスウリオウ ビーライン) ,株式会社 セレクション (タイヤ安売王 ビーライン) ,899-5652,鹿児島県姶良市平松7386-1,,代表取締役 大坪祐輔,5340001018060,https://www.selection-ltd.com,43,2,平成26年,100万円,タイヤ販売·中古車販売·飲食事業,"若い人が多く活気があり、本人の努力とヤル気次第で実力を発揮で
きます。
現在10店舗を展開中。",正社員,総合職(国分店),"○タイヤの販売及び接客業務に従事します。
·お買い上げ頂いたタイヤホイルを交換、取り付けする作業
·接客、事務作業
·カスタムパーツの販売、取り付け
·その他付随する業務
·営業エリア県内一円「姶良本社」
*従事すべき業務の変更の範囲:会社の定める業務",899-4321,"鹿児島県霧島市国分広瀬1丁目22-1
「株式会社セレクション ビーライン 国分店」",,1,0,0,"必須
普通自動車免許 (AT限定可、入社後取得可) ",あり,可,なし,なし,200000,220000,なし,あり,4,変形労働時間制 (1ヶ月単位),その他,09:00-18:30,,,108,可,令和8年10月1日以降,可,随時,総務部,大重 広志,オオシゲ ヒロシ,0995-73-3600,0995-73-6800,h-oshige@selection-ltd.com,"·転勤の可能性あり
「鹿屋店」「加治木店」「川内店」「伊集院店」「姶良本社」
「出水店」「新栄店」「吉野店」「姶良本店」「指宿店」
·制服支給あり
·社員旅行あり","·昇給については年1回 1000〜10000円
·賞与は業績による
·遠方の場合は、社用車にて通勤可、ガソリン代は会社負担
*履歴書:手書き·パソコン作成どちらでも可",591,048,048-04,,,鹿児島県霧島市,,,0097,,,,,,,,,,,,,2025年07月03日 14:17,2025年07月03日 14:17,バーコードスキャン,求人番号_46040-17469.pdf,販売・営業の職業,営業の職業,機械器具営業員,営業に関わる,営業,,,,,,0,344,機械器具営業職業従事者（通信機械器具を除く）,,
2025,46040-19169,国分公共職業安定所,4604-614753-7,可,カブシキガイシャ セレクション (タイヤヤスウリオウ ビーライン) ,株式会社 セレクション (タイヤ安売王 ビーライン) ,899-5652,鹿児島県姶良市平松7386-1,,代表取締役 大坪祐輔,5340001018060,https://www.selection-ltd.com,43,20,平成26年,100万円,タイヤ販売·中古車販売·飲食事業,"若い人が多く活気があり、本人の努力とヤル気次第で実力を発揮で
きます。
現在10店舗を展開中。",正社員,総合職(姶良本社),"·事務、経理作業、接客
·タイヤの在庫管理、営業店への配送管理
·インタ-ネット販売
·その他付随する業務
·営業エリア県内一円 (社用車使用) 
*従事すべき業務の変更の範囲:会社の定める業務",899-5431,"鹿児島県姶良市平松7386-1
「株式会社セレクション ビーライン 姶良本社」",,1,0,0,"必須
普通自動車免許 (AT限定可、入社後取得可) ",あり,可,なし,なし,200000,220000,なし,あり,4,変形労働時間制 (1ヶ月単位),その他,09:00-18:30,,,108,可,令和8年10月1日以降,可,随時,総務部,大重 広志,オオシゲ ヒロシ,0995-73-3600,0995-73-6800,h-oshige@selection-ltd.com,"·転勤の可能性あり
「鹿屋店」「国分店」「加治木店」「川内店」「伊集院店」
「出水店」「新栄店」「吉野店」「指宿店」
·制服支給あり
·社員旅行あり","·昇給については年1回 1000〜10000円
·賞与は業績による
·遠方の場合は、社用車にて通勤可、ガソリン代は会社負担
*履歴書:手書き·パソコン作成どちらでも可",591,048,048-05,033,033-01,鹿児島県姶良市,,,0096,,,,,,,,,,,,,2025年07月03日 14:17,2025年07月03日 14:17,バーコードスキャン,求人番号_46040-19169.pdf,販売・営業の職業,営業の職業,自動車営業員,営業に関わる,営業,事務的職業,総務・人事・企画事務の職業,総務事務員,事務に関わる,一般事務,0,344,機械器具営業職業従事者（通信機械器具を除く）,251,庶務事務員
2025,46040-20869,国分公共職業安定所,4604-614753-7,可,カブシキガイシャ セレクション (タイヤヤスウリオウ ビーライン) ,株式会社 セレクション (タイヤ安売王 ビーライン) ,899-5652,鹿児島県姶良市平松7386-1,,代表取締役 大坪祐輔,5340001018060,https://www.selection-ltd.com,43,3,平成26年,100万円,タイヤ販売·中古車販売·飲食事業,"若い人が多く活気があり、本人の努力とヤル気次第で実力を発揮で
きます。
現在10店舗を展開中。",正社員,総合職(鹿屋店),"○タイヤの販売及び接客業務に従事します。
·お買い上げいただいたタイヤホイルを交換、取り付けする作業
·接客、事務作業
·カスタムパーツの販売、取り付け
·その他付随する業務
·営業エリア県内一円 (社用車使用) 
*従事すべき業務の変更の範囲:会社の定める業務",893-0037,"鹿児島県鹿屋市田崎町466-3
「株式会社セレクション ビーライン 鹿屋店」",,1,0,0,"必須
普通自動車免許 (AT限定可、入社後取得可) ",あり,可,なし,なし,200000,220000,なし,あり,4,変形労働時間制 (1ヶ月単位),その他,09:00-18:30,,,108,可,令和8年10月1日以降,可,随時,総務部,大重 広志,オオシゲ ヒロシ,0995-73-3600,0995-73-6800,h-oshige@selection-ltd.com,"·転勤の可能性あり
「国分店」「加治木店」「川内店」「伊集院店」「姶良本社」
「出水店」「新栄店」「吉野店」「姶良本店」「指宿店」
·制服支給あり
·社員旅行あり","·昇給については年1回 1000〜10000円
·賞与は業績による
·遠方の場合は、社用車にて通勤可、ガソリン代は会社負担
*履歴書:手書き·パソコン作成どちらでも可",591,048,048-04,,,鹿児島県鹿屋市,,,0095,,,,,,,,,,,,,2025年07月03日 14:17,2025年07月03日 14:17,バーコードスキャン,求人番号_46040-20869.pdf,販売・営業の職業,営業の職業,機械器具営業員,営業に関わる,営業,,,,,,0,344,機械器具営業職業従事者（通信機械器具を除く）,,
2025,46040-21069,国分公共職業安定所,4604-614753-7,可,カブシキガイシャ セレクション (タイヤヤスウリオウ ビーライン) ,株式会社 セレクション (タイヤ安売王 ビーライン) ,899-5652,鹿児島県姶良市平松7386-1,,代表取締役 大坪祐輔,5340001018060,https://www.selection-ltd.com,43,3,平成26年,100万円,タイヤ販売·中古車販売·飲食事業,"若い人が多く活気があり、本人の努力とヤル気次第で実力を発揮で
きます。
現在10店舗を展開中。",正社員,総合職(新栄店),"○タイヤの販売及び接客業務に従事します。
·お買い上げ頂いたタイヤホイルを交換、取り付けする作業
·接客、事務作業
·カスタムパーツの販売、取り付け
·その他付随する業務
·営業エリア県内一円 (社用車使用) 
*従事すべき業務の変更の範囲:会社の定める業務",890-0072,"鹿児島県鹿児島市新栄町18-19
「株式会社セレクション ビーライン 新栄店」",,1,0,0,"必須
普通自動車免許 (AT限定可、入社後取得可) ",あり,可,なし,なし,200000,220000,なし,あり,4,変形労働時間制 (1ヶ月単位),その他,09:00-18:30,,,108,可,令和8年10月1日以降,可,随時,総務部,大重 広志,オオシゲ ヒロシ,0995-73-3600,0995-73-6800,h-oshige@selection-ltd.com,"·転勤の可能性あり
「鹿屋店」「国分店」「加治木店」「川内店」「伊集院店」
「出水店」「吉野店」「姶良本社」「指宿店」「姶良本社」
·制服支給あり
·社員旅行あり","·昇給については年1回 1000〜10000円
·賞与は業績による
·遠方の場合は、社用車にて通勤可、ガソリン代は会社負担
*履歴書:手書き·パソコン作成どちらでも可",591,048,048-04,,,鹿児島県鹿児島市,,,0094,,,,,,,,,,,,,2025年07月03日 14:17,2025年07月03日 14:17,バーコードスキャン,求人番号_46040-21069.pdf,販売・営業の職業,営業の職業,機械器具営業員,営業に関わる,営業,,,,,,0,344,機械器具営業職業従事者（通信機械器具を除く）,,
2025,46040-22369,国分公共職業安定所,4604-614753-7,可,カブシキガイシャ セレクション (タイヤヤスウリオウ ビーライン) ,株式会社 セレクション (タイヤ安売王 ビーライン) ,899-5652,鹿児島県姶良市平松7386-1,,代表取締役 大坪祐輔,5340001018060,https://www.selection-ltd.com,43,2,平成26年,100万円,タイヤ販売·中古車販売·飲食事業,"若い人が多く活気があり、本人の努力とヤル気次第で実力を発揮で
きます。
現在10店舗を展開中。",正社員,総合職(川内店),"○タイヤの販売及び接客業務に従事します。
·お買い上げ頂いたタイヤホイルを交換、取り付けする作業
·接客、事務作業
·カスタムパーツの販売、取り付け
·その他付随する業務
·業務エリア県内一円 (社用車使用) 
*従事すべき業務の変更の範囲:会社の定める業務",895-0041,"鹿児島県薩摩川内市隈之城町313-3
「株式会社セレクション ビーライン 川内店」",,1,0,0,"必須
普通自動車免許 (AT限定可、入社後取得可) ",あり,可,なし,なし,200000,220000,なし,あり,4,変形労働時間制 (1ヶ月単位),その他,09:00-18:30,,,108,可,令和8年10月1日以降,可,随時,総務部,大重 広志,オオシゲ ヒロシ,0995-73-3600,0995-73-6800,h-oshige@selection-ltd.com,"·転勤の可能性あり
「鹿屋店」「国分店」「加治木店」「伊集院店」「姶良本社」
「出水店」「新栄店」「吉野店」「姶良本店」「指宿店」
·制服支給あり
·社員旅行あり","·昇給については年1回 1000〜10000円
·賞与は業績による
·遠方の場合は、社用車にて通勤可、ガソリン代は会社負担
*履歴書:手書き·パソコン作成どちらでも可",591,048,048-04,,,鹿児島県薩摩川内市,,,0093,,,,,,,,,,,,,2025年07月03日 14:17,2025年07月03日 14:17,バーコードスキャン,求人番号_46040-22369.pdf,販売・営業の職業,営業の職業,機械器具営業員,営業に関わる,営業,,,,,,0,344,機械器具営業職業従事者（通信機械器具を除く）,,
2025,46040-23269,国分公共職業安定所,4604-614753-7,可,カブシキガイシャ セレクション (タイヤヤスウリオウ ビーライン) ,株式会社 セレクション (タイヤ安売王 ビーライン) ,899-5652,鹿児島県姶良市平松7386-1,,代表取締役 大坪祐輔,5340001018060,https://www.selection-ltd.com,43,2,平成26年,100万円,タイヤ販売·中古車販売·飲食事業,"若い人が多く活気があり、本人の努力とヤル気次第で実力を発揮で
きます。
現在10店舗を展開中。",正社員,総合職(出水店),"○タイヤの販売及び接客業務に従事します。
·お買い上げ頂いたタイヤホイルを交換、取り付けする作業
·接客、事務作業
·カスタムパーツの販売、取り付け
·その他付随する業務
·営業エリア県内一円 (社用車使用) 
*従事すべき業務の変更の範囲:会社の定める業務",899-0125,"鹿児島県出水市黄金町444
「株式会社セレクション ビーライン 出水店」",,1,0,0,"必須
普通自動車免許 (AT限定可、入社後取得可) ",あり,可,なし,なし,200000,220000,なし,あり,4,変形労働時間制 (1ヶ月単位),その他,09:00-18:30,,,108,可,令和8年10月1日以降,可,随時,総務部,大重 広志,オオシゲ ヒロシ,0995-73-3600,0995-73-6800,h-oshige@selection-ltd.com,"·転勤の可能性あり
「鹿屋店」「国分店」「加治木店」「川内店」「伊集院店」
「新栄店」「吉野店」「姶良本店」「指宿店」「姶良本社」
·制服支給あり
·社員旅行あり","·昇給については年1回 1000〜10000円
·賞与は業績による
·遠方の場合は、社用車にて通勤可、ガソリン代は会社負担
*履歴書:手書き·パソコン作成どちらでも可",591,048,048-04,,,鹿児島県出水市,,,0092,,,,,,,,,,,,,2025年07月03日 14:17,2025年07月03日 14:17,バーコードスキャン,求人番号_46040-23269.pdf,販売・営業の職業,営業の職業,機械器具営業員,営業に関わる,営業,,,,,,0,344,機械器具営業職業従事者（通信機械器具を除く）,,
2025,46040-18769,国分公共職業安定所,4604-614753-7,可,カブシキガイシャ セレクション (タイヤヤスウリオウ ビーライン) ,株式会社 セレクション (タイヤ安売王 ビーライン) ,899-5652,鹿児島県姶良市平松7386-1,,代表取締役 大坪祐輔,5340001018060,https://www.selection-ltd.com,43,2,平成26年,100万円,タイヤ販売·中古車販売·飲食事業,"若い人が多く活気があり、本人の努力とヤル気次第で実力を発揮で
きます。
現在10店舗を展開中。",正社員,総合職(加治木店),"○タイヤの販売及び接客業務に従事します。
·お買い上げ頂いたタイヤホイルを交換、取り付けする作業
·接客、事務作業
·カスタムパーツの販売、取り付け
·その他付随する業務
·営業エリア県内一円「姶良本社」
*従事すべき業務の変更の範囲:会社の定める業務",899-5222,"鹿児島県姶良市加治木町錦江町7番
「株式会社セレクション ビーライン 加治木店」",,1,0,0,"必須
普通自動車免許 (AT限定可、入社後取得可) ",あり,可,なし,なし,200000,220000,なし,あり,4,変形労働時間制 (1ヶ月単位),その他,09:00-18:30,,,108,可,令和8年10月1日以降,可,随時,総務部,大重 広志,オオシゲ ヒロシ,0995-73-3600,0995-73-6800,h-oshige@selection-ltd.com,"·転勤の可能性あり
「鹿屋店」「国分店」「川内店」「伊集院店」「姶良本社」
「出水店」「新栄店」「吉野店」「姶良本店」「指宿店」
·制服支給あり
·社員旅行あり","·昇給については年1回 1000〜10000円
·賞与は業績による
·遠方の場合は、社用車にて通勤可、ガソリン代は会社負担
*履歴書:手書き·パソコン作成どちらでも可",591,048,048-04,,,鹿児島県姶良市,,,0091,,,あり,,,,,,,,,,2025年07月03日 14:17,2025年07月29日 18:47,バーコードスキャン,求人番号_46040-18769.pdf,販売・営業の職業,営業の職業,機械器具営業員,営業に関わる,営業,,,,,,0,344,機械器具営業職業従事者（通信機械器具を除く）,,
2025,46010-120969,鹿児島公共職業安定所,4601-2688-4,可,キョウドウグミカイウン カブシキガイシャ,共同組海運 株式会社,891-0131,鹿児島県鹿児島市谷山港1丁目16番,交通安全教育センター (バス) 駅 から 徒歩10分,代表取締役社長 牛田 篤志,1340001001342,www.kyoudougumikaiun.co.jp,60,60,昭和25年,"8,500万円","海運業:奄美大島,徳之島,沖永良部,喜界島,種子島,屋久島
への貨物船の運航","福利厚生の充実。
日曜日、祝日以外貨物フェリー毎日運航",正社員,"総合職
事務職など","当社の海運業務全般を担当していただきます
港湾荷役業務
既存顧客への営業及び新規開拓
総務、経理等事務全般
上記3つの業務をジョブローテーションし、その後本人の希望と適性等判断し
いずれかの業務へ正式配属となります
《変更範囲:なし》",891-0131,鹿児島県鹿児島市谷山港1丁目16番,交通安全教育センター (バス) 駅 から 徒歩10分,2,0,0,"あれば尚可
普通自動車一種免許 (AT限定可) 入社後取得可",なし,可,なし,なし,120000,200000,あり,あり,12,,その他,08:00-17:00,,,108,可,令和8年10月1日以降,可,随時,総務課,荒武,アラタケ,099-262-3337,099-262-3770,y.aratake@kyoudougumikaiun.co.jp,"〇応募前職場見学、随時受け付けています。事前に担当者宛に
ご連絡ください。
日程を打ち合わせのうえ、実施します。
〇選考日については、別途通知します。
〇新卒者の昇給、賞与について
昨年の採用がなかった為実績はありませんが
昇給:5,000円〜20,000円/年
賞与:年2回 2か月の支給予定です。","〇賃金等について:職務手当は一律支給します。
〇履歴書:手書き·パソコン作成どちらも可
※所定の労働日·休日·始業終業時刻は社内カレンダーにより決定
し、週平均の労働時間を法定労働時間内に設定する。",452,095,095-01,048,048-99,鹿児島県鹿児島市,,,0090,,,,,,あり,,,,,,,2025年07月03日 14:11,2025年07月16日 04:45,バーコードスキャン,求人番号_46010-120969.pdf,運搬・清掃・包装・選別等の職業,荷役・運搬作業員,港湾荷役作業員,運輸/物流に関わる,倉庫/作業,販売・営業の職業,営業の職業,その他の営業の職業,営業に関わる,営業,0,702,船内・沿岸荷役従事者,349,その他の営業職業従事者
2025,46010-343769,鹿児島公共職業安定所,4601-4565-0,可,カゴシマニヤクカイリクウンユカブシキガイシャ,鹿児島荷役海陸運輸 株式会社,891-0132,鹿児島県鹿児島市七ツ島1-79,,代表取締役社長 杉木 保隆,6340001001008,https://www.kaniyaku.co.jp/,305,4,昭和32年,"8,640万円",一般港湾運送業。一般貨物自動車運送業、内航海運業,"大阪·福岡·鹿児島から沖縄への海上貨物輸送。一般貨物·飼料·
高圧ガス·セメントの陸上輸送。鹿児島港·志布志港での港湾荷役
業。陸上·港湾·海上が連携した『総合物流サービス』企業です。",正社員,総合職[種子屋久課〕,"※種子屋久課 (城南町) において物流関連業務に従事していただきます。
1.貨物船の種子屋久航路における物流に関する業務
2.見積書作成や運賃契約交渉
港にて貨物の荷降ろし作業の確認を行います。
3.積荷に関する目録作成や積荷と船積みに関する業務
《業務の変更範囲:事業所の定める業務》",892-0835,鹿児島県鹿児島市城南町23番地 「種子屋久課」,,1,0,0,"必須
普通自動車第一種免許 (AT限定不可:入社後取得可) ",なし,可,なし,なし,128000,220500,あり,あり,25,,日 その他,07:30-16:45,,,105,可,令和8年10月1日以降,可,随時,総務課 課長代理,村田 清之,ムラタ キヨユキ,099-263-0289,099-263-0061,soumu-k@kaniyaku.co.jp,"〇福利厚生面での充実を図っており、霧島に温泉付宿泊施設あり。
キャンピングカー貸出し制度あり。
〇表彰制度
·永年勤続表彰 (10年、20年、30年、40年) 
·交通無事故無違反表彰 (20年、30年、40年) 
·善行功労表彰·業績表彰
〇家賃補助制度あり。","〇基本給、職種手当は当月26日支払い。
その他手当や残業手当は末締め翌月26日支払いになります。
〇試用期間:6ヶ月 (6ヶ月未満:賞与·退職金なし) 
6ヶ月経過後は賞与·退職金の対象となります。
〇履歴書:手書き·パソコン作成どちらも可
〇応募前職場見学を随時行っておりますので希望される場合、
事前に担当者あてに連絡をお願いします。",481,040,040-01,040,040-99,鹿児島県鹿児島市,,,0081,,,あり,,,あり,,,,,,,2025年07月03日 14:11,2025年07月29日 18:47,バーコードスキャン,求人番号_46010-343769.pdf,事務的職業,営業・販売関連事務の職業,営業事務員,事務に関わる,営業事務,事務的職業,営業・販売関連事務の職業,その他の営業・販売関連事務の職業,事務に関わる,営業事務,0,281,営業・販売事務員,289,その他の営業・販売事務従事者
2025,46010-373369,鹿児島公共職業安定所,4601-4565-0,可,カゴシマニヤクカイリクウンユカブシキガイシャ,鹿児島荷役海陸運輸 株式会社,891-0132,鹿児島県鹿児島市七ツ島1-79,,代表取締役社長 杉木 保隆,6340001001008,https://www.kaniyaku.co.jp/,305,42,昭和32年,"8,640万円",一般港湾運送業。一般貨物自動車運送業、内航海運業,"大阪·福岡·鹿児島から沖縄への海上貨物輸送。一般貨物·飼料·
高圧ガス·セメントの陸上輸送。鹿児島港·志布志港での港湾荷役
業。陸上·港湾·海上が連携した『総合物流サービス』企業です。",正社員,"港湾荷役作業員
〔七ツ島:谷山営業本部〕","1.船内作業
船内にて貨物の積込み、積降ろしを行います。
2.沿岸作業
港にて貨物の荷降ろし作業を行います。
3.コンテナ詰め
コンテナへ貨物の積込みや取り出し作業を行います。
《業務の変更範囲:変更なし》",891-0132,鹿児島県鹿児島市七ツ島1丁目84,,3,0,0,"必須
普通自動車第一種免許:AT限定不可 (入社後取得可) ",なし,可,なし,なし,128000,205500,あり,あり,25,,日 その他,06:45-16:00,,,105,可,令和8年10月1日以降,可,随時,総務部 部長,福留 真也,フクドメ シンヤ,099-263-0289,099-263-0061,soumu-k@kaniyaku.co.jp,"〇福利厚生面での充実を図っており、霧島に温泉付宿泊施設あり。
キャンピングカー貸出し制度あり。
〇表彰制度
·永年勤続表彰 (10年、20年、30年、40年) 
·交通無事故無違反表彰 (20年、30年、40年) 
·善行功労表彰·業績表彰
〇大型一種·けん引·大型特殊の免許取得促進のため従業員貸付金
制度あり。
〇家賃補助制度あり","〇基本給、職種手当は当月26日支払い。
その他手当や残業手当は末締め翌月26日支払いになります。
〇試用期間:6ヶ月 (6ヶ月未満:賞与·退職金制度なし) 
6ヶ月経過後は賞与·退職金制度の対象となります。
〇履歴書:手書き·パソコン作成どちらも可
〇応募前職場見学を随時行っておりますので希望される場合、
事前に担当者あてに連絡をお願いします。",481,095,095-01,,,鹿児島県鹿児島市,,,0080,,,あり,,,あり,,,,,,,2025年07月03日 14:11,2025年07月29日 18:46,バーコードスキャン,求人番号_46010-373369.pdf,運搬・清掃・包装・選別等の職業,荷役・運搬作業員,港湾荷役作業員,運輸/物流に関わる,倉庫/作業,,,,,,0,702,船内・沿岸荷役従事者,,
2025,46010-374269,鹿児島公共職業安定所,4601-4565-0,可,カゴシマニヤクカイリクウンユカブシキガイシャ,鹿児島荷役海陸運輸 株式会社,891-0132,鹿児島県鹿児島市七ツ島1-79,,代表取締役社長 杉木 保隆,6340001001008,https://www.kaniyaku.co.jp/,305,34,昭和32年,"8,640万円",一般港湾運送業。一般貨物自動車運送業、内航海運業,"大阪·福岡·鹿児島から沖縄への海上貨物輸送。一般貨物·飼料·
高圧ガス·セメントの陸上輸送。鹿児島港·志布志港での港湾荷役
業。陸上·港湾·海上が連携した『総合物流サービス』企業です。",正社員,"港湾荷役作業員
〔志布志営業所〕","1.船内作業
船内にて貨物の積込み、積降ろしを行います。
2.沿岸作業
港にて貨物の荷降ろし作業を行います。
3.コンテナ詰め
コンテナへ貨物の積込みや取り出し作業を行います。
4.倉庫内の入出庫管理
《業務の変更範囲:変更なし》",899-7103,鹿児島県志布志市志布志町志布志3223-6,,3,0,0,"必須
普通自動車第一種免許:AT限定不可
 (入社後取得可) ",なし,可,なし,なし,128000,200000,あり,あり,25,,日 その他,07:30-16:45,,,105,可,令和8年10月1日以降,可,随時,総務課 課長代理,村田 清之,ムラタ キヨユキ,099-263-0289,099-263-0061,soumu-k@kaniyaku.co.jp,"〇福利厚生面での充実を図っており、霧島に温泉付宿泊施設あり。
キャンピングカー貸出し制度あり。
〇表彰制度
·永年勤続表彰 (10年、20年、30年、40年) 
·交通無事故無違反表彰 (20年、30年、40年) 
·善行功労表彰·業績表彰
〇大型一種·けん引·大型特殊の免許取得促進のため従業員貸付
金制度あり。
〇家賃補助制度あり。","〇基本給、職種手当は当月26日支払い。
その他手当や残業手当は末締め翌月26日支払いになります。
〇試用期間:6ヶ月 (6ヶ月未満:賞与·退職金制度なし) 
6ヶ月経過後は賞与、退職金制度の対象となります。
〇履歴書:手書き·パソコン作成どちらも可
〇応募前職場見学を随時行っておりますので希望される場合、
事前に担当者あてに連絡をお願いします。",481,095,095-01,,,鹿児島県志布志市,,,0079,,,あり,,,あり,,,,,,,2025年07月03日 14:11,2025年07月29日 18:46,バーコードスキャン,求人番号_46010-374269.pdf,運搬・清掃・包装・選別等の職業,荷役・運搬作業員,港湾荷役作業員,運輸/物流に関わる,倉庫/作業,,,,,,0,702,船内・沿岸荷役従事者,,
2025,46010-376469,鹿児島公共職業安定所,4601-4565-0,可,カゴシマニヤクカイリクウンユカブシキガイシャ,鹿児島荷役海陸運輸 株式会社,891-0132,鹿児島県鹿児島市七ツ島1-79,,代表取締役社長 杉木 保隆,6340001001008,https://www.kaniyaku.co.jp/,305,6,昭和32年,"8,640万円",一般港湾運送業。一般貨物自動車運送業、内航海運業,"大阪·福岡·鹿児島から沖縄への海上貨物輸送。一般貨物·飼料·
高圧ガス·セメントの陸上輸送。鹿児島港·志布志港での港湾荷役
業。陸上·港湾·海上が連携した『総合物流サービス』企業です。",正社員,総合職〔船舶課工務担当〕,"〇船舶部 船舶課において船舶管理の工務業務に従事していただきます。
1.自社船舶の修理や整備に関する業務
2.船舶の部品や船用品等の注文業務
3.自社船舶のドック入渠時の立会い業務
《業務の変更範囲:事業所の定める業務》",891-0132,鹿児島県鹿児島市七ツ島1丁目84,,1,0,0,"必須
普通自動車第一種免許:AT限定不可
 (入社後取得可) ",なし,可,なし,なし,128000,220500,あり,あり,25,,日 その他,07:30-16:45,,,105,可,令和8年10月1日以降,可,随時,総務課 課長代理,村田 清之,ムラタ キヨユキ,099-263-0289,099-263-0061,soumu-k@kaniyaku.co.jp,"〇福利厚生面での充実を図っており、霧島に温泉付宿泊施設あり
キャンピングカー貸出し制度あり
〇表彰制度
·永年勤続表彰 (10年、20年、30年、40年) 
·交通無事故無違反表彰 (20年、30年、40年) 
·善行功労表彰·業績表彰
〇家賃補助制度あり","〇基本給、職種手当は当月26日支払い。
その他手当や残業手当は末締め翌月26日支払いになります。
〇試用期間:6ヶ月 (6ヶ月未満:賞与·退職金制度なし) 
6ヶ月経過後は賞与·退職金制度の対象となります。
〇履歴書:手書き·パソコン作成どちらも可
〇応募前職場見学を随時行っておりますので希望される場合、
事前に担当者あてに連絡をお願いします。",481,035,035-99,039,039-01,鹿児島県鹿児島市,,,0078,,,あり,,,あり,,,,,,,2025年07月03日 14:11,2025年07月29日 18:45,バーコードスキャン,求人番号_46010-376469.pdf,事務的職業,その他の総務等事務の職業,他に分類されない総務等事務の職業,事務に関わる,一般事務,事務的職業,生産関連事務の職業,生産現場事務員,事務に関わる,生産事務,0,259,その他の一般事務従事者,271,生産現場事務員
2025,46020-96569,川内公共職業安定所,4602-714-0,不可,カブシキガイシャカワキタデンコウ,株式会社 川北電工,895-0036,鹿児島県薩摩川内市矢倉町4311-1,JR限之城駅 から 徒歩15分,"代表取締役
田中 陽一郎",9340001001228,https://www.kawakita-denko.co.jp/,339,11,昭和20年,"1億4,500万円",設備工事業として電気工事、電気通信工事を中心に、電気·電力の 安定供給を実現するための工事会社,会社の中で様々な工事に携わることができる。また教育制度の確立 や資格取得支援、育成制度が拡充されており、自己成長を実現でき る環境がある。,正社員,技術職(関西支社),"○無線、情報設備工事
○移動体通信設備の新設、機器入替、補修他
○基地局、鉄塔建設、機器据付等
○遠方監視システム等の新設、機器入替、補修他
○光ケーブル、LAN等のN/W工事、付帯する電気設備の工事 ※各工事の施工が主となるが、資格取得後は施工管理等もあります
変更範囲:会社の定める業務
○電気·電気通信設備の設計·施工·保守管理他",664-0845,兵庫県伊丹市東有岡3-39,JR伊丹駅 から 徒歩5分,0,0,1,"不問
$25 08. 7. 03
進路指聯
8",なし,可,あり,なし,185000,215000,あり,あり,26,変形労働時間制 (1年単位),日祝 その他,08:00-17:00,,,113,不可,,可,随時,総務部 総務課長,中内 功一,ナカウチ コウイチ,0996-25-1100,0996-25-1102,nakauchi@kawakita-denko.co.jp,"○変形 (1年単位) 労働時間制について 月によって、休日数が変わります、就業時間は変更ありません。 ●各種健康診断、各種教育·研修等あり
○夏季休暇·年末年始休暇·安全大会·表彰制度あり
○履歴書:手書き·パソコン作成どちらも可","●応募書類は関西支社あてに送付してください
○応募前職場見学、職場体験可 (事前連絡要) 
○高卒既卒者応募不可
◎選考日は、9月17日または9月18日を予定しているため、 別途連絡いたします。
○応募、職場見学、職場体験についての問い合わせは 川内本部 総務部中内まで (0996-25-1100) ",081,094,094-05,094,094-04,兵庫県伊丹市,,,0075,,,あり,,,,,,,,,,2025年07月03日 12:37,2025年07月29日 18:44,PDFアップロード,20250703115743.pdf,建設・土木・電気工事の職業,電気・通信工事の職業,電気工事作業員,建設/建築/土木に関わる,電気工事,建設・土木・電気工事の職業,電気・通信工事の職業,電気通信設備工事作業員,建設/建築/土木に関わる,電気工事,0,679,その他の電気工事従事者,674,電気通信設備工事従事者
2025,46020-94369,川内公共職業安定所,4602-714-0,不可,カブシキガイシャカワキタデンコウ,株式会社 川北電工,895-0036,鹿児島県薩摩川内市矢倉町4311-1,JR隈之城駅 から 徒歩15分,"代表取締役
田中 陽一郎",9340001001228,https://www.kawakita-denko.co.jp/,339,133,昭和20年,"1億4,500万円",設備工事業として電気工事、電気通信工事を中心に、電気·電力の 安定供給を実現するための工事会社,会社の中で様々な工事に携わることができる。また教育制度の確立 や資格取得支援、育成制度が拡充されており、自己成長を実現でき る環境がある。,正社員,技術職(送電設備施工·施工管理),"送電線鉄塔建設、架線等の張替、設計·施工·保守管理他 ○基礎工事、土木基礎
○建方工事、鉄塔組立 ○架線工事、架線張替、新設
○その他巡視、測量伐採等 ※各工事の施工が主となるが、資格取得後は施工管理等もあります
変更範囲:会社の定める業務",895-0005,川内営業所:鹿児島県薩摩川内市永利町923 鹿児島本社:鹿児島県鹿児島市東開町4-79,JR川内駅 から 徒歩30分,0,0,4,"不問
受付 号
第73 08. 7. 03
進路指菜",,可,あり,なし,185000,225000,あり,あり,26,変形労働時間制 (1年単位),日祝 その他,08:00-17:00,,,113,不可,,可,随時,総務部 総務課長,中内 功一,ナカウチ コウイチ,0996-25-1100,0996-25-1102,nakauchi@kawakita-denko.co.jp,"○勤務地
鹿児島本社:鹿児島市東開町4-79 川内営業所:薩摩川内市永利町923
◎転勤について:会社の定める営業所 (川内·鹿児島) 
○変形 (1年単位) 労働時間制について 月によって休日数が変わります、就業時間は変更ありません。
○寮について、川内寮は、食事あり  (1日当り1200円程度) 
○履歴書:手書き·パソコン作成どちらも可","○応募前職場見学、職場体験可 (事前連絡要) 
○高卒既卒者応募不可
◎選考日は、9月16日及び9月17日予定のため、 別途連絡します。",081,094,094-05,,,鹿児島県薩摩川内市,鹿児島県鹿児島市,,0073,,,あり,,,,,,,,,,2025年07月03日 12:34,2025年07月29日 18:43,PDFアップロード,20250703115625.pdf,建設・土木・電気工事の職業,電気・通信工事の職業,電気工事作業員,建設/建築/土木に関わる,電気工事,,,,,,0,679,その他の電気工事従事者,,
2025,46010-359569,鹿児島公共職業安定所,4601-2256-0,可,カゴシマトヨタジドウシャ カブシキガイシャ,鹿児島トヨタ自動車 株式会社,892-0847,鹿児島県鹿児島市西千石町1-28,(加治屋町バス停から徒歩2分),代表取締役社長 柳園 久志,7340001000990,http://www.k-toyota.co.jp,550,435,昭和17年,1億円,"自動車販売及び自動車整備·損害保険代理店業務
系列又は関連会社:南九州日野自動車、ネッツトヨタ鹿児島","昭和17年開業の歴史ある企業。クラウン、プリウスその他自動車
販売に力を入れております。
鹿児島県内に29店舗",正社員,サービスエンジニア,"〇トヨタ·レクサスを中心とした自動車の定期点検整備
 (ガソリン車·ハイブリッド車·EV車) 
·車検、法定点検などの法律に基づいた点検
·エンジン、駆動、走行、制動装置の点検整備
·電子制御装置のコンピューター診断、故障探求·修理
〇お客様対応
·点検、整備ご用命聴取と作業完了後の内容説明
《変更範囲:営業職·一般事務職》",000-0000,"鹿児島県内 (離島除く) 24店舗
※補足事項参照",,5,0,0,"必須
*履修科目
自動車工学 機械 電子機械 普通 商業 など
*普通自動車免許 (AT限定不可·入社後の取得可) ",あり,可,あり,なし,192000,212000,あり,あり,20,変形労働時間制 (1年単位),月 その他,09:10-18:00,,,116,可,令和8年10月1日以降,可,随時,人事労務社員サポートグループ,蒲地浩司,カマチコウジ,090-8234-3347,099-223-7345,corp-post@k-toyota.co.jp,"○勤務地および転勤可能性 (鹿児島県内24店舗) 
【鹿児島市/10店舗】 【薩摩川内市/2店舗】
【鹿屋市/3店舗】 【霧島市/3店舗】
【出水市】 【伊佐市】 【曽於市】
【姶良市】 【指宿市】 【南さつま市】
○応募前職場見学を希望の際は、事前に担当者まで
お問い合わせください。
○履歴書:手書き作成のみ","○入社後1ケ月間の研修あり
○研修期間中に配属先決定、5月から配属先勤務
○自宅から通勤が困難な場合は、借上げ寮制度あり
○整備士手当あり、国家資格およびトヨタ検定資格保有者が対象",591,075,075-03,,,鹿児島県鹿児島市,鹿児島県薩摩川内市,鹿児島県鹿屋市,0053,,,,,,,,,,,,,2025年07月03日 10:40,2025年07月03日 10:40,バーコードスキャン,求人番号_46010-359569.pdf,製造・修理・塗装・製図等の職業,機械整備・修理工,自動車整備・修理工,生産/製造に関わる,整備/修理,,,,,,0,553,自動車整備・修理従事者,,
2025,46010-369769,鹿児島公共職業安定所,4601-111427-2,可,カブシキガイシャ オーリックフドウサン,株式会社 オーリック不動産,890-0054,鹿児島県鹿児島市荒田2丁目73-9 オーリックビル,,代表取締役 濱田 龍太郎,1340001005987,https://alliq.jp/,220,7,平成4年,"3,000万円",不動産仲介業·不動産管理業·不動産売買業·家具雑貨店,"「暮らしに寄り添い、街とつなぐ。」をモットーに、現在鹿児島4
店舗·霧島1店舗·姶良1店舗·鹿屋2店舗·薩摩川内1店舗を含
む9店舗にて営業中。新しい形の不動産賃貸業を目指している。",正社員,不動産管理業務[霧島市],"【事務部門】
〇提案資料の作成等 〇データ入力、登録、数字管理 〇お客様要望対応
【外業務部門】
〇建物の巡回 〇メンテナンス 〇お客様要望対応 〇入退去立会共通
*パソコン (ワード、エクセル) の操作あり *社用車 (AT車) 
《変更範囲:賃貸仲介営業スタッフ》",899-5117,"鹿児島県霧島市隼人町見次532-4
「オーリック不動産 国分霧島店」",,2,0,0,"必須
普通自動車運転免許 (AT限定可:入社後取得可) ",あり,可,なし,なし,180200,220000,あり,あり,20,変形労働時間制 (1年単位),その他,09:00-18:00,,,110,不可,,可,随時,人事課,栫,カコイ,099-298-5600,099-230-7867,a-kakoi@alliq.co.jp,"○転勤の可能性:賃貸仲介営業スタッフとなった場合、
鹿児島県内の下記店舗へ転勤可能性があります。
·天文館店 ·谷山店 ·荒田鹿大通り店 ·鹿児島中央駅店
·薩摩川内店 ·姶良加治木店 ·国分霧島店 ·鹿屋店
·鹿屋西原店
○履歴書:手書き·パソコン作成どちらも可",○応募前職場見学を希望される場合は、事前にご連絡ください。,682,034,034-01,048,048-08,鹿児島県霧島市,,,0045,,,,,,,,,,,,,2025年07月02日 08:48,2025年07月02日 08:48,バーコードスキャン,求人番号_46010-369769.pdf,事務的職業,一般事務・秘書・受付の職業,一般事務員,事務に関わる,一般事務,販売・営業の職業,営業の職業,不動産営業員,営業に関わる,営業,0,257,総合事務員,347,不動産営業職業従事者
2025,46010-370969,鹿児島公共職業安定所,4601-111427-2,可,カブシキガイシャ オーリックフドウサン,株式会社 オーリック不動産,890-0054,鹿児島県鹿児島市荒田2丁目73-9 オーリックビル,,代表取締役 濱田 龍太郎,1340001005987,https://alliq.jp/,220,7,平成4年,"3,000万円",不動産仲介業·不動産管理業·不動産売買業·家具雑貨店,"「暮らしに寄り添い、街とつなぐ。」をモットーに、現在鹿児島4
店舗·霧島1店舗·姶良1店舗·鹿屋2店舗·薩摩川内1店舗を含
む9店舗にて営業中。新しい形の不動産賃貸業を目指している。",正社員,不動産管理業務[薩摩川内市],"【事務部門】
〇提案資料の作成等 〇データ入力、登録、数字管理 〇お客様要望対応
【外業務部門】
〇建物の巡回 ○メンテナンス 〇お客様要望対応 〇入退去立会共通
*パソコン (ワード、エクセル) の操作あり *社用車 (AT車) 使用
《変更範囲:賃貸仲介営業スタッフ》",895-0076,"鹿児島県薩摩川内市大小路町16-16
「オーリック不動産 薩摩川内店」",,2,0,0,"必須
普通自動車運転免許 (AT限定可:入社後取得可) ",あり,可,なし,なし,180200,220000,あり,あり,20,変形労働時間制 (1年単位),その他,09:00-18:00,,,110,不可,,可,随時,人事課,栫,カコイ,099-298-5600,099-230-7867,a-kakoi@alliq.co.jp,"○転勤の可能性:賃貸仲介営業スタッフとなった場合、
鹿児島県内の下記店舗へ転勤可能性があります。
·天文館店 ·谷山店 ·荒田鹿大通り店 ·鹿児島中央駅店
·薩摩川内店 ·姶良加治木店 ·国分霧島店 ·鹿屋店
·鹿屋西原店
○履歴書:手書き·パソコン作成どちらも可",○応募前職場見学を希望される場合は、事前にご連絡ください。,682,034,034-01,048,048-08,鹿児島県薩摩川内市,,,0044,,,,,,,,,,,,,2025年07月02日 08:48,2025年07月02日 08:48,バーコードスキャン,求人番号_46010-370969.pdf,事務的職業,一般事務・秘書・受付の職業,一般事務員,事務に関わる,一般事務,販売・営業の職業,営業の職業,不動産営業員,営業に関わる,営業,0,257,総合事務員,347,不動産営業職業従事者
2025,46010-372069,鹿児島公共職業安定所,4601-111427-2,可,カブシキガイシャ オーリックフドウサン,株式会社 オーリック不動産,890-0054,鹿児島県鹿児島市荒田2丁目73-9 オーリックビル,,代表取締役 濱田 龍太郎,1340001005987,https://alliq.jp/,220,15,平成4年,"3,000万円",不動産仲介業·不動産管理業·不動産売買業·家具雑貨店,"「暮らしに寄り添い、街とつなぐ。」をモットーに、現在鹿児島4
店舗·霧島1店舗·姶良1店舗·鹿屋2店舗·薩摩川内1店舗を含
む9店舗にて営業中。新しい形の不動産賃貸業を目指している。",正社員,不動産管理業務[鹿屋市],"【事務部門】
〇提案資料の作成等 〇データ入力、登録、数字管理 〇お客様要望対応
【外業務部門】
〇建物の巡回 ○メンテナンス 〇お客様要望対応 〇入退去立会共通
*パソコン (ワード、エクセル) の操作あり *社用車 (AT車) 使用
《変更範囲:賃貸仲介営業スタッフ》",893-0014,"鹿児島県鹿屋市寿3丁目12-24
オーリック不動産 管理事業部 鹿屋支店",,2,0,0,"必須
普通自動車運転免許 (AT限定可:入社後取得可) ",あり,可,なし,なし,180200,220000,あり,あり,20,変形労働時間制 (1年単位),その他,09:00-18:00,,,110,不可,,可,随時,人事課,栫,カコイ,099-298-5600,099-230-7867,a-kakoi@alliq.co.jp,"○転勤の可能性:賃貸仲介営業スタッフとなった場合、
鹿児島県内の下記店舗へ転勤可能性があります。
·天文館店 ·谷山店 ·荒田鹿大通り店 ·鹿児島中央駅店
·薩摩川内店 ·姶良加治木店 ·国分霧島店 ·鹿屋店
·鹿屋西原店
○履歴書:手書き·パソコン作成どちらも可",○応募前職場見学を希望される場合は、事前にご連絡ください。,682,034,034-01,048,048-08,鹿児島県鹿屋市,,,0043,,,,,,,,,,,,,2025年07月02日 08:48,2025年07月02日 08:48,バーコードスキャン,求人番号_46010-372069.pdf,事務的職業,一般事務・秘書・受付の職業,一般事務員,事務に関わる,一般事務,販売・営業の職業,営業の職業,不動産営業員,営業に関わる,営業,1,257,総合事務員,347,不動産営業職業従事者
2025,46010-371869,鹿児島公共職業安定所,4601-111427-2,可,カブシキガイシャ オーリックフドウサン,株式会社 オーリック不動産,890-0054,鹿児島県鹿児島市荒田2丁目73-9 オーリックビル,,代表取締役 濱田 龍太郎,1340001005987,https://alliq.jp/,220,46,平成4年,"3,000万円",不動産仲介業·不動産管理業·不動産売買業·家具雑貨店,"「暮らしに寄り添い、街とつなぐ。」をモットーに、現在鹿児島4
店舗·霧島1店舗·姶良1店舗·鹿屋2店舗·薩摩川内1店舗を含
む9店舗にて営業中。新しい形の不動産賃貸業を目指している。",正社員,不動産管理業務[鹿児島市],"【事務部門】
〇提案資料の作成等 〇データ入力、登録、数字管理 〇お客様要望対応
【外業務部門】
〇建物の巡回 〇メンテナンス 〇お客様要望対応 〇入退去立会共通
*パソコン (ワード、エクセル) の操作あり *社用車 (AT車) 
《変更範囲:賃貸仲介営業スタッフ》",890-0054,鹿児島県鹿児島市荒田2丁目73-9,,2,0,0,"必須
普通自動車運転免許 (AT限定可:入社後取得可) ",あり,可,なし,なし,180200,220000,あり,あり,20,変形労働時間制 (1年単位),その他,09:00-18:00,,,110,不可,,可,随時,人事課,栫,カコイ,099-298-5600,099-230-7867,a-kakoi@alliq.co.jp,"○転勤の可能性:賃貸仲介営業スタッフとなった場合、
鹿児島県内の下記店舗へ転勤可能性があります。
·天文館店 ·谷山店 ·荒田鹿大通り店 ·鹿児島中央駅店
·薩摩川内店 ·姶良加治木店 ·国分霧島店 ·鹿屋店
·鹿屋西原店
○履歴書:手書き·パソコン作成どちらも可",○応募前職場見学を希望される場合は、事前にご連絡ください。,682,034,034-01,048,048-08,鹿児島県鹿児島市,,,0042,,,,,,,,,,,,,2025年07月02日 08:48,2025年07月02日 08:48,バーコードスキャン,求人番号_46010-371869.pdf,事務的職業,一般事務・秘書・受付の職業,一般事務員,事務に関わる,一般事務,販売・営業の職業,営業の職業,不動産営業員,営業に関わる,営業,0,257,総合事務員,347,不動産営業職業従事者
2025,46010-386169,鹿児島公共職業安定所,4601-104954-2,可,カブシキガイシャオーリック,株式会社オーリック,890-0033,鹿児島県鹿児島市西別府町2941番地26,,代表取締役 濱田龍太郎,9340001001814,,1485,13,昭和24年,"5,000万円","酒類食品販売業
【県女性活躍推進宣言企業】","業務用酒類卸販売で九州一円のネットワークを構築しています。ま
た、業務スーパーを数店舗運営しています。",正社員,"業務スーパー店舗スタッフ【出水市】
業務スーパー出水店","〇オーリックが運営している『業務スーパー』で正社員として、
スーパー部門·惣菜部門·青果部門·精肉部門を経験していただき、
配属先を決定します。
·商品の品出しや売場づくり、レジ対応、店舗運営
《変更範囲:なし》",899-0126,"鹿児島県出水市六月田町406番地
業務スーパー出水店",,2,0,0,不問,あり,可,なし,なし,186500,227700,あり,あり,20,変形労働時間制 (1年単位),その他,07:00-16:00,09:00-18:00,12:00-21:00,110,不可,,可,随時,人事課,森永,モリナガ,099-298-5600,099-283-2515,a-morinaga@alliq.co.jp,"○転勤の可能性:下記店舗のいずれか
【鹿児島県】谷山店、上荒田店、真砂店、姶良店、鹿屋店、
出水店、川内店
【熊本県】南高江店
○履歴書:手書き·パソコン作成どちらも可","○応募前職場見学を希望される場合は事前にご連絡ください。
○就業時間は (1)  (2)  (3) のシフト制で、週40時間以内で
調整します。",585,045,045-05,045,045-06,鹿児島県出水市,,,0039,,,,,,,,,,,,,2025年07月02日 08:48,2025年07月02日 08:48,バーコードスキャン,求人番号_46010-386169.pdf,販売・営業の職業,販売員,食品スーパーマーケット販売店員,販売に関わる,販売,販売・営業の職業,販売員,飲食料品販売店員,販売に関わる,販売,0,323,販売店員,323,販売店員
2025,46010-385769,鹿児島公共職業安定所,4601-104954-2,可,カブシキガイシャオーリック,株式会社オーリック,890-0033,鹿児島県鹿児島市西別府町2941番地26,,代表取締役 濱田龍太郎,9340001001814,,1485,50,昭和24年,"5,000万円","酒類食品販売業
【県女性活躍推進宣言企業】","業務用酒類卸販売で九州一円のネットワークを構築しています。ま
た、業務スーパーを数店舗運営しています。",正社員,"業務スーパー店舗スタッフ【鹿屋市】
業務スーパー鹿屋店","〇オーリックが運営している『業務スーパー』で正社員として、
スーパー部門·惣菜部門·青果部門·精肉部門を経験していただき、
配属先を決定します。
·商品の品出しや売場づくり、レジ対応、店舗運営
·惣菜の調理、野菜や果物のカット·陳列、肉のカット·パック詰め
《変更範囲:なし》",893-0013,"鹿児島県鹿屋市札元2丁目3683番地6
業務スーパー鹿屋店",,3,0,0,不問,あり,可,なし,なし,186500,227700,あり,あり,20,変形労働時間制 (1年単位),その他,07:00-16:00,09:00-18:00,12:00-21:00,110,不可,,可,随時,人事課,森永,モリナガ,099-298-5600,099-283-2515,a-morinaga@alliq.co.jp,"○転勤の可能性:下記店舗のいずれか
【鹿児島県】谷山店、上荒田店、真砂店、姶良店、鹿屋店、
出水店、川内店
【熊本県】南高江店
○履歴書:手書き·パソコン作成どちらも可","○応募前職場見学を希望される場合は事前にご連絡ください。
○就業時間は (1)  (2)  (3) のシフト制で、週40時間以内で
調整します。",585,045,045-05,045,045-06,鹿児島県鹿屋市,,,0038,,,,,,,,,,,,,2025年07月02日 08:48,2025年07月02日 08:48,バーコードスキャン,求人番号_46010-385769.pdf,販売・営業の職業,販売員,食品スーパーマーケット販売店員,販売に関わる,販売,販売・営業の職業,販売員,飲食料品販売店員,販売に関わる,販売,1,323,販売店員,323,販売店員
2025,46010-384469,鹿児島公共職業安定所,4601-104954-2,可,カブシキガイシャオーリック,株式会社オーリック,890-0033,鹿児島県鹿児島市西別府町2941番地26,,代表取締役 濱田龍太郎,9340001001814,,1485,47,昭和24年,"5,000万円","酒類食品販売業
【県女性活躍推進宣言企業】","業務用酒類卸販売で九州一円のネットワークを構築しています。ま
た、業務スーパーを数店舗運営しています。",正社員,"業務スーパー店舗スタッフ【姶良市】
業務スーパー姶良店","〇オーリックが運営している『業務スーパー』で正社員として、
スーパー部門·惣菜部門·青果部門·精肉部門を経験していただき、
配属先を決定します。
·商品の品出しや売場づくり、レジ対応、店舗運営
·惣菜の調理、野菜や果物のカット·陳列、肉のカット·パック詰め
《変更範囲:なし》",899-5421,"鹿児島県姶良市東餅田2312-5
業務スーパー姶良店",,3,0,0,不問,あり,可,なし,なし,186500,227700,あり,あり,20,変形労働時間制 (1年単位),その他,07:00-16:00,09:00-18:00,12:00-21:00,110,不可,,可,随時,人事課,森永,モリナガ,099-298-5600,099-283-2515,a-morinaga@alliq.co.jp,"○転勤の可能性:下記店舗のいずれか
【鹿児島県】谷山店、上荒田店、真砂店、姶良店、鹿屋店、
出水店、川内店
【熊本県】南高江店
○履歴書:手書き·パソコン作成どちらも可","○応募前職場見学を希望される場合は事前にご連絡ください。
○就業時間は (1)  (2)  (3) のシフト制で、週40時間以内で
調整します。",585,045,045-05,045,045-06,鹿児島県姶良市,,,0037,,,,,,,,,,,,,2025年07月02日 08:48,2025年07月02日 08:48,バーコードスキャン,求人番号_46010-384469.pdf,販売・営業の職業,販売員,食品スーパーマーケット販売店員,販売に関わる,販売,販売・営業の職業,販売員,飲食料品販売店員,販売に関わる,販売,0,323,販売店員,323,販売店員
2025,46010-379669,鹿児島公共職業安定所,4601-104954-2,可,カブシキガイシャオーリック,株式会社オーリック,890-0033,鹿児島県鹿児島市西別府町2941番地26,,代表取締役 濱田龍太郎,9340001001814,,1485,63,昭和24年,"5,000万円","酒類食品販売業
【県女性活躍推進宣言企業】","業務用酒類卸販売で九州一円のネットワークを構築しています。ま
た、業務スーパーを数店舗運営しています。",正社員,"業務スーパー店舗スタッフ【鹿児島市】
業務スーパー真砂店","〇オーリックが運営している『業務スーパー』で正社員として、
スーパー部門·惣菜部門·青果部門·精肉部門を経験していただき、
配属先を決定します。
·商品の品出しや売場づくり、レジ対応、店舗運営
·惣菜の調理、野菜や果物のカット·陳列、肉のカット·パック詰め
《変更範囲:なし》",890-0067,"鹿児島県鹿児島市真砂本町3-8
業務スーパー真砂店",,3,0,0,不問,あり,可,なし,なし,186500,227700,あり,あり,20,変形労働時間制 (1年単位),その他,07:00-16:00,09:00-18:00,12:00-21:00,110,不可,,可,随時,人事課,森永,モリナガ,099-298-5600,099-283-2515,a-morinaga@alliq.co.jp,"○転勤の可能性:下記店舗のいずれか
【鹿児島県】谷山店、上荒田店、真砂店、姶良店、鹿屋店、
出水店、川内店
【熊本県】南高江店
○履歴書:手書き·パソコン作成どちらも可","○応募前職場見学を希望される場合は事前にご連絡ください。
○就業時間は (1)  (2)  (3) のシフト制で、週40時間以内で
調整します。",585,045,045-05,045,045-06,鹿児島県鹿児島市,,,0036,,,,,,,,,,,,,2025年07月02日 08:48,2025年07月02日 08:48,バーコードスキャン,求人番号_46010-379669.pdf,販売・営業の職業,販売員,食品スーパーマーケット販売店員,販売に関わる,販売,販売・営業の職業,販売員,飲食料品販売店員,販売に関わる,販売,0,323,販売店員,323,販売店員
2025,46010-383569,鹿児島公共職業安定所,4601-104954-2,可,カブシキガイシャオーリック,株式会社オーリック,890-0033,鹿児島県鹿児島市西別府町2941番地26,,代表取締役 濱田龍太郎,9340001001814,,1485,48,昭和24年,"5,000万円","酒類食品販売業
【県女性活躍推進宣言企業】","業務用酒類卸販売で九州一円のネットワークを構築しています。ま
た、業務スーパーを数店舗運営しています。",正社員,"業務スーパー店舗スタッフ【鹿児島市】
業務スーパー谷山店","〇オーリックが運営している『業務スーパー』で正社員として、
スーパー部門·惣菜部門·青果部門·精肉部門を経験していただき、
配属先を決定します。
·商品の品出しや売場づくり、レジ対応、店舗運営
·惣菜の調理、野菜や果物のカット·陳列、肉のカット·パック詰め
《変更範囲:なし》",891-0141,"鹿児島県鹿児島市谷山中央5丁目29-6
業務スーパー谷山店",,3,0,0,不問,あり,可,なし,なし,186500,227700,あり,あり,20,変形労働時間制 (1年単位),その他,07:00-16:00,09:00-18:00,12:00-21:00,110,不可,,可,随時,人事課,森永,モリナガ,099-298-5600,099-283-2515,a-morinaga@alliq.co.jp,"○転勤の可能性:下記店舗のいずれか
【鹿児島県】谷山店、上荒田店、真砂店、姶良店、鹿屋店、
出水店、川内店
【熊本県】南高江店
○履歴書:手書き·パソコン作成どちらも可","○応募前職場見学を希望される場合は事前にご連絡ください。
○就業時間は (1)  (2)  (3) のシフト制で、週40時間以内で
調整します。",585,045,045-05,045,045-06,鹿児島県鹿児島市,,,0035,,,,,,,,,,,,,2025年07月02日 08:48,2025年07月02日 08:48,バーコードスキャン,求人番号_46010-383569.pdf,販売・営業の職業,販売員,食品スーパーマーケット販売店員,販売に関わる,販売,販売・営業の職業,販売員,飲食料品販売店員,販売に関わる,販売,0,323,販売店員,323,販売店員
2025,46010-377769,鹿児島公共職業安定所,4601-104954-2,可,カブシキガイシャオーリック,株式会社オーリック,890-0033,鹿児島県鹿児島市西別府町2941番地26,,代表取締役 濱田龍太郎,9340001001814,,1485,78,昭和24年,"5,000万円","酒類食品販売業
【県女性活躍推進宣言企業】","業務用酒類卸販売で九州一円のネットワークを構築しています。ま
た、業務スーパーを数店舗運営しています。",正社員,"業務スーパー店舗スタッフ【鹿児島市】
業務スーパー上荒田店","〇オーリックが運営している『業務スーパー』で正社員として、
スーパー部門·惣菜部門·青果部門·精肉部門を経験していただき、
配属先を決定します。
·商品の品出しや売場づくり、レジ対応、店舗運営
·惣菜の調理、野菜や果物のカット·陳列、肉のカット·パック詰め
《変更範囲:なし》",890-0055,"鹿児島県鹿児島市上荒田町23-13
業務スーパー上荒田店",,3,0,0,不問,あり,可,なし,なし,186500,227700,あり,あり,20,変形労働時間制 (1年単位),その他,07:00-16:00,09:00-18:00,12:00-21:00,110,不可,,可,随時,人事課,森永,モリナガ,099-298-5600,099-283-2515,a-morinaga@alliq.co.jp,"〇転勤の可能性:下記店舗のいずれか
【鹿児島県】谷山店、上荒田店、真砂店、姶良店、鹿屋店、
出水店、川内店
【熊本県】南高江店
〇履歴書:手書き·パソコン作成どちらも可","〇応募前職場見学を希望される場合は事前にご連絡ください。
○就業時間は (1)  (2)  (3) のシフト制で、週40時間以内で
調整します。",585,045,045-05,045,045-06,鹿児島県鹿児島市,,,0034,,,,,,,,,,,,,2025年07月02日 08:48,2025年07月02日 08:48,バーコードスキャン,求人番号_46010-377769.pdf,販売・営業の職業,販売員,食品スーパーマーケット販売店員,販売に関わる,販売,販売・営業の職業,販売員,飲食料品販売店員,販売に関わる,販売,0,323,販売店員,323,販売店員
2025,46010-160669,鹿児島公共職業安定所,4601-11858-7,可,カブシキガイシャ メイコウテクノス,株式会社 明興テクノス,891-0114,鹿児島県鹿児島市小松原1丁目10-8,,代表取締役社長 山ノ内 元治,9340001004305,https://www.m-technos.co.jp,217,110,昭和21年,"5,000万円","生活基盤である上下水道や防災施設などのインフラに必要な電気設
備の設計·施工·施工管理·システム開発·配電盤製作·メンテナ
ンスを主要とする電気·電気通信業","創業以来、一貫して上下水道の自動制御技術を中心に発展し、電気
·計装·電気通信設備等の工事部門、配電盤·監視·制御盤等の製
造部門及び監視制御、通信システム部門の総合技術の企業です。",正社員,システムエンジニア,"【システムエンジニア】
ライフラインで設備運用や業務運営をサポート。
ICTシステムの開発·製作·保守を行う業務。
《変更範囲:なし》",891-0114,"鹿児島県鹿児島市小松原1丁目10-8
鹿児島本社、日置工場、福岡支店、宮崎支店
沖縄営業所、鹿屋営業所、薩摩川内営業所",鹿児島市電 笹貫電停駅 から 徒歩5分,10,0,0,"あれば尚可
*普通自動車第一種免許 (AT限定可、入社後取得可) 
*電気工事士等他の資格は入社後でもチャレンジ可",なし,可,なし,なし,180000,200000,あり,あり,14,,土日祝 その他,08:30-17:30,,,127,可,令和8年10月1日以降,可,補足事項欄参照,業務本部総務部庶務課長,伊東 勝,イトウ マサル,099-269-2711,099-268-9062,recruit@m-technos.co.jp,"○当社は、鹿児島県内電気工事業者の中で常にトップクラスの完成
工事高を維持し、公共工事の受注高及び受注件数は県内一であり
ます。建設業として施工·施工管理の業務は当然ながら、物づく
りといったメーカーとしての側面を持っています。日置市に配電
盤工場を持ち、地方メーカーとして高い品質と技術力を武器に公
共工事を主体とする営業方針のもと、全国各地でその実績を有し
ます。
〇日置工場勤務の場合は専用カレンダーになります。
 (年間休日日数は他事業所と同じ127日です) 
○履歴書:手書き·パソコン作成どちらも可","○応募前の職場見学については、事前に電話連絡をお願いします。
事前に打ち合わせの上、日程を連絡します。
○通勤手当:10,000円〜30,900円
※1万円は一律支給。超過分は規定に基づき支給します。
○住宅手当:10,000円〜30,000円
※1万円は一律支給。超過分は規定に基づき支給します。
○本人が希望した場合のみ就業場所の変更可能性があります。
【支店】福岡、宮崎、大阪
【営業所】沖縄、薩摩川内、鹿屋、霧島、日置、姶良
【工場】日置工場",081,009,009-02,010,010-02,鹿児島県鹿児島市,鹿児島県日置市,福岡県福岡市東区,0025,,,,,,あり,,,,,,,2025年07月01日 12:27,2025年07月16日 04:29,バーコードスキャン,求人番号_46010-160669.pdf,研究・技術の職業,情報処理・通信技術者（ソフトウェア開発）,ソフトウェア開発技術者（組込・制御系）,情報処理/通信技術に関わる,ソフトウェア開発,研究・技術の職業,情報処理・通信技術者（ソフトウェア開発を除く）,IT システム設計技術者,情報処理/通信技術に関わる,システム設計,0,104,ソフトウェア作成者,102,システム設計者
2025,46010-162869,鹿児島公共職業安定所,4601-11858-7,可,カブシキガイシャ メイコウテクノス,株式会社 明興テクノス,891-0114,鹿児島県鹿児島市小松原1丁目10-8,,代表取締役社長 山ノ内 元治,9340001004305,https://www.m-technos.co.jp,217,63,昭和21年,"5,000万円","生活基盤である上下水道や防災施設などのインフラに必要な電気設
備の設計·施工·施工管理·システム開発·配電盤製作·メンテナ
ンスを主要とする電気·電気通信業","創業以来、一貫して上下水道の自動制御技術を中心に発展し、電気
·計装·電気通信設備等の工事部門、配電盤·監視·制御盤等の製
造部門及び監視制御、通信システム部門の総合技術の企業です。",正社員,製造エンジニア(日置市),"【プロダクトエンジニア】
○電位期設備において欠かせない配電盤の設計·製造·検査を行う業務
○自動制御盤及び各種配電盤等の製造業務
·設計·組立、配線
·検査·製缶、塗装
○上下水道施設電気設備等の設備設計
○自動制御盤及び各種配電盤等の設計
《変更範囲:なし》",899-2506,鹿児島県日置市伊集院町清藤2110-8,伊集院駅駅 から 徒歩30分,10,0,0,"あれば尚可
*普通自動車第一種免許 (AT限定可、入社後取得可) 
*電気工事士等他の資格は入社後でもチャレンジ可",なし,可,なし,なし,180000,200000,あり,あり,14,,土日祝 その他,08:30-17:30,,,127,可,令和8年10月1日以降,可,補足事項欄参照,業務本部総務部庶務課長,伊東 勝,イトウ マサル,099-269-2711,099-268-9062,recruit@m-technos.co.jp,"○当社は、鹿児島県内電気工事業者の中で常にトップクラスの完成
工事高を維持し、公共工事の受注高及び受注件数は県内一であり
ます。建設業として施工·施工管理の業務は当然ながら、物づく
りといったメーカーとしての側面を持っています。日置市に配電
盤工場を持ち、地方メーカーとして高い品質と技術力を武器に公
共工事を主体とする営業方針のもと、全国各地でその実績を有し
ます。
〇日置工場勤務の場合は専用カレンダーになります。
 (年間休日日数は他事業所と同じ127日です) 
○履歴書:手書き·パソコン作成どちらも可","○応募前の職場見学については、事前に電話連絡をお願いします。
事前に打ち合わせの上、日程を連絡します。
○通勤手当:10,000円〜30,900円
※1万円は一律支給。超過分は規定に基づき支給します。
○住宅手当:10,000円〜30,000円
※1万円は一律支給。超過分は規定に基づき支給します。
○本人が希望した場合のみ就業場所の変更可能性があります。
【支店】福岡、宮崎、大阪
【営業所】沖縄、薩摩川内、鹿屋、霧島、日置、姶良
【工場】日置工場",081,006,006-02,094,094-05,鹿児島県日置市,,,0024,,,,,,あり,,,,,,,2025年07月01日 12:27,2025年07月16日 04:28,バーコードスキャン,求人番号_46010-162869.pdf,研究・技術の職業,開発技術者,電気・電子・電気通信開発技術者（通信ネットワークを除く）,生産/製造に関わる,技術/開発,建設・土木・電気工事の職業,電気・通信工事の職業,電気工事作業員,建設/建築/土木に関わる,電気工事,0,072,電気・電子・電気通信技術者（通信ネットワーク技術者を除く）（開発）,679,その他の電気工事従事者
2025,46010-165269,鹿児島公共職業安定所,4601-11858-7,可,カブシキガイシャ メイコウテクノス,株式会社 明興テクノス,891-0114,鹿児島県鹿児島市小松原1丁目10-8,,代表取締役社長 山ノ内 元治,9340001004305,https://www.m-technos.co.jp,217,110,昭和21年,"5,000万円","生活基盤である上下水道や防災施設などのインフラに必要な電気設
備の設計·施工·施工管理·システム開発·配電盤製作·メンテナ
ンスを主要とする電気·電気通信業","創業以来、一貫して上下水道の自動制御技術を中心に発展し、電気
·計装·電気通信設備等の工事部門、配電盤·監視·制御盤等の製
造部門及び監視制御、通信システム部門の総合技術の企業です。",正社員,"電気設備の施工管理
(プロジェクトエンジニア)","【プロジェクトエンジニア】
工事が計画通りに進むように全体を管理する業務。
主に工事の準備や進行状況をチェックしたり、必要な資材や人員を
手配したり、現場で安全に作業が進んでいるか確認して、
工事が予定通り予算内で完了するように現場全体を管理する業務。
実際に工事をする部署もあります。
《変更範囲:なし》",891-0114,"鹿児島県鹿児島市小松原1丁目10-8
鹿児島本社、日置工場、福岡支店、宮崎支店
沖縄営業所、鹿屋営業所、薩摩川内営業所",鹿児島市電 笹貫電停駅 から 徒歩5分,10,0,0,"あれば尚可
*普通自動車第一種免許 (AT限定可、入社後取得可) 
*電気工事士等他の資格は入社後でもチャレンジ可",なし,可,なし,なし,180000,200000,あり,あり,14,,土日祝 その他,08:30-17:30,,,127,可,令和8年10月1日以降,可,補足事項欄参照,業務本部総務部庶務課長,伊東 勝,イトウ マサル,099-269-2711,099-268-9062,recruit@m-technos.co.jp,"○当社は、鹿児島県内電気工事業者の中で常にトップクラスの完成
工事高を維持し、公共工事の受注高及び受注件数は県内一であり
ます。建設業として施工·施工管理の業務は当然ながら、物づく
りといったメーカーとしての側面を持っています。日置市に配電
盤工場を持ち、地方メーカーとして高い品質と技術力を武器に公
共工事を主体とする営業方針のもと、全国各地でその実績を有し
ます。
〇日置工場勤務の場合は専用カレンダーになります。
 (年間休日日数は他事業所と同じ127日です) 
○履歴書:手書き·パソコン作成どちらも可","○応募前の職場見学については、事前に電話連絡をお願いします。
事前に打ち合わせの上、日程を連絡します。
○通勤手当:10,000円〜30,900円
※1万円は一律支給。超過分は規定に基づき支給します。
○住宅手当:10,000円〜30,000円
※1万円は一律支給。超過分は規定に基づき支給します。
○本人が希望した場合のみ就業場所の変更可能性があります。
【支店】福岡、宮崎、大阪
【営業所】沖縄、薩摩川内、鹿屋、霧島、日置、姶良
【工場】日置工場",081,007,007-03,074,074-02,鹿児島県鹿児島市,鹿児島県日置市,福岡県福岡市東区,0023,,,,,,あり,,,,,,,2025年07月01日 12:27,2025年07月16日 04:28,バーコードスキャン,求人番号_46010-165269.pdf,研究・技術の職業,製造技術者,電気工事技術者,生産/製造に関わる,技術/開発,製造・修理・塗装・製図等の職業,機械組立工,電気機械組立工,生産/製造に関わる,組立,0,082,電気・電子・電気通信技術者（通信ネットワーク技術者を除く）（開発を除く）,542,電気機械器具組立従事者
2025,46010-163069,鹿児島公共職業安定所,4601-11858-7,可,カブシキガイシャ メイコウテクノス,株式会社 明興テクノス,891-0114,鹿児島県鹿児島市小松原1丁目10-8,,代表取締役社長 山ノ内 元治,9340001004305,https://www.m-technos.co.jp,217,110,昭和21年,"5,000万円","生活基盤である上下水道や防災施設などのインフラに必要な電気設
備の設計·施工·施工管理·システム開発·配電盤製作·メンテナ
ンスを主要とする電気·電気通信業","創業以来、一貫して上下水道の自動制御技術を中心に発展し、電気
·計装·電気通信設備等の工事部門、配電盤·監視·制御盤等の製
造部門及び監視制御、通信システム部門の総合技術の企業です。",正社員,"電気設備の施工管理·システムエンジニア
製造エンジニア·フィールドエンジニア","【プロジェクトマネージャー】インフラである上下水道施設や防災施設
における電気設備の設計·施工·施工管理を行う業務。
【プロダクトエンジニア】電気設備において欠かせない配電盤制御盤の
設計· 製造·検査を行う業務。
【システムエンジニア】インフラにおける設備状況監視や施設運用を
サポートするIoTを活用したシステム開発を行う業務。
【フィールドエンジニア】インフラ設備が正常に機能し続けるために
様々なメンテナンスや修理をする業務。
《変更範囲:なし》",891-0114,"鹿児島県鹿児島市小松原1丁目10-8
鹿児島本社、日置工場、福岡支店、宮崎支店
沖縄営業所、鹿屋営業所、薩摩川内営業所",鹿児島市電 笹貫電停駅 から 徒歩5分,10,0,0,"あれば尚可
*普通自動車第一種免許 (AT限定可、入社後取得可) 
*電気工事士等他の資格は入社後でもチャレンジ可",なし,可,なし,なし,180000,200000,あり,あり,14,,土日祝 その他,08:30-17:30,,,127,可,令和8年10月1日以降,可,補足事項欄参照,業務本部総務部庶務課長,伊東 勝,イトウ マサル,099-269-2711,099-268-9062,recruit@m-technos.co.jp,"○当社は、鹿児島県内電気工事業者の中で常にトップクラスの完成
工事高を維持し、公共工事の受注高及び受注件数は県内一であり
ます。建設業として施工·施工管理の業務は当然ながら、物づく
りといったメーカーとしての側面を持っています。日置市に配電
盤工場を持ち、地方メーカーとして高い品質と技術力を武器に公
共工事を主体とする営業方針のもと、全国各地でその実績を有し
ます。
〇日置工場勤務の場合は専用カレンダーになります。
 (年間休日日数は他事業所と同じ127日です) 
○履歴書:手書き·パソコン作成どちらも可","○応募前の職場見学については、事前に電話連絡をお願いします。
事前に打ち合わせの上、日程を連絡します。
○通勤手当:10,000円〜30,900円
※1万円は一律支給。超過分は規定に基づき支給します。
○住宅手当:10,000円〜30,000円
※1万円は一律支給。超過分は規定に基づき支給します。
○本人が希望した場合のみ就業場所の変更可能性があります。
【支店】福岡、宮崎、大阪
【営業所】沖縄、薩摩川内、鹿屋、霧島、日置、姶良
【工場】日置工場",081,007,007-03,074,074-02,鹿児島県鹿児島市,鹿児島県日置市,福岡県福岡市東区,0022,,,,,,あり,,,,,,,2025年07月01日 12:27,2025年07月16日 04:27,バーコードスキャン,求人番号_46010-163069.pdf,研究・技術の職業,製造技術者,電気工事技術者,生産/製造に関わる,技術/開発,製造・修理・塗装・製図等の職業,機械組立工,電気機械組立工,生産/製造に関わる,組立,0,082,電気・電子・電気通信技術者（通信ネットワーク技術者を除く）（開発を除く）,542,電気機械器具組立従事者
2025,46010-44269,鹿児島公共職業安定所,4601-113193-9,可,ヤクシマデンコウカブシキガイシャ,屋久島電工株式会社,891-4205,鹿児島県熊毛郡屋久島町宮之浦939番地,,代表取締役社長 寿恵村 哲哉,9010001031290,http://www.yakuden.co.jp,151,151,昭和27年,20億600万円,"島内の民需用電力の供給 (水力発電事業) 
炭化けい素の製造販売 (電気化学工業) ","豊富な水資源を利用した発電事業により1社3組合を通じて民需用
電力の供給を行う一方で炭化けい素を原料から製造·販売している
国内で唯一のメーカー",正社員,製造·設備保全,"〇製造·電力·設備等の業務を担当します。
·発電所の保守管理 ·電気設備保守管理 ·炭化けい素の製造·加工
·総務業務
※作業遂行上必要な資格等は入社後に取得していただきます。
尚、取得費用については会社が負担します。
◆教育について
入社後、新入社員研修が1週間程度有り (会社概要、就業規則等) 。その後
事業内容を理解する為、製造·電力·設備の各部署の研修が1ヶ月程有り。
《変更範囲:会社の定める業務》",891-4205,鹿児島県熊毛郡屋久島町宮之浦939番地,,0,0,8,不問,なし,可,あり,なし,204700,204700,あり,あり,8,交替制 (シフト制),土日祝,08:00-16:05,16:00-00:05,00:00-08:05,124,可,令和8年10月1日以降,可,随時,事業管理部 総務課 係長,塚田,ツカダ,0997-42-0111,0997-42-2020,tsukada@yakuden.co.jp,"○選考日については、別途通知します。
○履歴書:手書き·パソコン作成どちらも可
○応募前職場見学ご希望の方は事前に担当者宛てにご連絡下さい。
■屋久島電工について
屋久島の豊富な水を利用した水力発電及びそのクリーンなエネル
ギーを使って、電気化学工業をおこなっています。当社は、炭化
けい素を製造している国内で唯一のメーカーです。","○就業時間について
配属部署により (1) 〜 (3) の交代制勤務となる場合もありま
す。
※休憩は50分で7.25時間/日勤務です。
平均労働日数は20.1日。年間休日は124日になります。
○入居可能住宅について:単身用寮あり (個室·敷地内) 
○赴任旅費·選考旅費について:実費支給
○新卒者の賞与について
·夏:入社祝い金 ·冬:賞与 として支給します。",217,089,089-02,075,075-01,鹿児島県熊毛郡屋久島町,,,0021,,,,,,あり,,,,,,,2025年07月01日 11:39,2025年07月16日 04:27,バーコードスキャン,求人番号_46010-44269.pdf,配送・輸送・機械運転の職業,施設機械設備操作・建設機械運転の職業,発電員、変電員,運輸/物流に関わる,機械運転,製造・修理・塗装・製図等の職業,機械整備・修理工,はん用・生産用・業務用機械器具整備・修理工,生産/製造に関わる,整備/修理,0,641,発電員，変電員,551,はん用・生産用・業務用機械器具整備・修理従事者
2025,46010-681569,鹿児島公共職業安定所,4601-2275-8,可,カブシキガイシャモリヤマ (セイ) グミ,株式会社 森山 (清) 組,890-0081,鹿児島県鹿児島市唐湊1丁目13-25,市電 唐湊電停から徒歩3分,代表取締役 森山 崇,9340001004370,https://www.moriyamasei.co.jp,96,96,大正10年,"8,100万円","大正10年創業、令和3年に100周年の節目を迎えた総合建設業
。一般土木 (道路·河川·下水道·造成等) 、港湾土木、·建物建
築の施工管理を行う。","従業員満足度の向上を重視し、福利厚生の充実、くるみん·働き方
改革推進企業·健康経営優良法人の認定など、ワークライフバラン
スと働きやすい職場環境づくりの取り組みを推進中。",正社員,"施工管理事務
(建設ディレクター)","◆建設現場で働く技術者を、事務面から支えるサポート職です。事務所など
での内勤業務が中心ですが、状況に応じて現場での補助作業も行います。
◆担当する業務は以下のとおりです。
●パソコンを使った書類作成 (工事関係の提出資料·安全書類など) 
●ドローンでの空撮業務
●自社SNS (Instagram等) の運用·更新
◆事務作業をベースに現場の技術者と連携して円滑な施工管理を支えます。
「現場を支える縁の下の力持ち」として、自身の業務が現場や会社に貢献
している実感を得られるやりがいのある仕事です。 《変更範囲:なし》",890-0081,鹿児島県鹿児島市唐湊1丁目13-25,市電 唐湊電停から徒歩3分,0,0,1,"あれば尚可
*土木科、建築科 (いずれかの課程修了見込) 
必須
*普通自動車運転免許 (AT限定可·入社後取得可) ",なし,可,あり,あり,181000,201000,あり,あり,14,変形労働時間制 (1年単位),日祝 その他,08:00-17:00,,,120,可,令和8年10月1日以降,可,随時,総務部長,武 淳一郎,タケ ジュンイチロウ,099-252-1313,099-251-6698,soumu@moriyamasei.co.jp,"〇入社後は、社内研修に加えて外部研修を受講し、あいさつや言葉
づかい、報連相など社会人としての基本を身につけたうえで現場
に配属されます。無理なく社会人としての一歩を踏み出せます。
〇鹿児島県の【働き方改革推進企業】【女性活躍推進企業】です。
また「2025年度くるみん認定」を受けるなど、ワークライフ
バランスの取り組みを強化推進中です。
〇会社の近隣にWi-Fi環境の整った独身寮を完備しています。
〇入社時に3日間の特別休暇を付与、表彰制度、ライフイベントに
応じたお祝い金制度、誕生日プレゼントなど福利厚生が充実。
○鹿児島労働局HPで企業PR動画 掲載中","○応募前職場見学を希望の際は事前に担当者までご連絡ください。
○住宅手当について
·自宅通勤:5,000円支給 (賃金201,000円/月) 
·入寮者:15,000円支給 (賃金211,000円/月) 
※寮費は6,000円/月、光熱費は実費を給与から控除
○履歴書:手書き·パソコン作成どちらも可",061,039,039-01,,,鹿児島県鹿児島市,,,0020,,,,,,,,,,,,,2025年07月01日 11:39,2025年07月01日 11:39,バーコードスキャン,求人番号_46010-681569.pdf,事務的職業,生産関連事務の職業,生産現場事務員,事務に関わる,生産事務,,,,,,0,271,生産現場事務員,,
2025,46010-682469,鹿児島公共職業安定所,4601-2275-8,可,カブシキガイシャモリヤマ (セイ) グミ,株式会社 森山 (清) 組,890-0081,鹿児島県鹿児島市唐湊1丁目13-25,市電 唐湊電停から徒歩3分,代表取締役 森山 崇,9340001004370,https://www.moriyamasei.co.jp,96,96,大正10年,"8,100万円","大正10年創業、令和3年に100周年の節目を迎えた総合建設業
。一般土木 (道路·河川·下水道·造成等) 、港湾土木、·建物建
築の施工管理を行う。","従業員満足度の向上を重視し、福利厚生の充実、くるみん·働き方
改革推進企業·健康経営優良法人の認定など、ワークライフバラン
スと働きやすい職場環境づくりの取り組みを推進中。",正社員,土木技術者(施工管理),"◆鹿児島県内でインフラ整備や防災工事を通じて人々が安心して暮らせる
街づくりを担う仕事です。特に自社船を活用した港湾工事が強みです。
◆1年目は図面の見方や測量補助、写真の撮影·整理など、先輩社員の
指導のもと補助業務からスタート。現場作業全体の流れと基本を、実務を
通じて学びます。指導体制も整っており、安心して業務に取り組めます。
同時にドローン操縦技術の習得や、車両系建設機械等の技能講習にも
挑戦し技術と知識の両面のスキルアップを目指します。
◆段階に応じて施工管理技士等の資格を取得し、将来的には一つの現場を任さ
れる技術者として活躍を目指します。《変更範囲:なし》",890-0081,鹿児島県鹿児島市唐湊1丁目13-25,市電 唐湊電停から徒歩3分,0,0,2,"あれば尚可
*土木科、建築科 (いずれかの課程修了見込) 
必須
*普通自動車運転免許 (AT限定可:入社後取得可) ",なし,可,あり,あり,191000,206000,あり,あり,14,変形労働時間制 (1年単位),日祝 その他,08:00-17:00,,,120,可,令和8年10月1日以降,可,随時,総務部長,武 淳一郎,タケ ジュンイチロウ,099-252-1313,099-251-6698,soumu@moriyamasei.co.jp,"〇入社後は、社内研修に加えて外部研修を受講し、あいさつや言葉
づかい、報連相など社会人としての基本を身につけたうえで現場
に配属されます。無理なく社会人としての一歩を踏み出せます。
〇鹿児島県の【働き方改革推進企業】【女性活躍推進企業】です。
また「2025年度くるみん認定」を受けるなど、ワークライフ
バランスの取り組みを強化推進中です。
〇会社の近隣にWi-Fi環境の整った独身寮を完備しています。
〇入社時に3日間の特別休暇を付与、表彰制度、ライフイベントに
応じたお祝い金制度、誕生日プレゼントなど福利厚生が充実。
○鹿児島労働局HPで企業PR動画 掲載中","○応募前職場見学を希望の際は事前に担当者までご連絡ください。
○住宅手当について
·自宅通勤:5,000円支給 (賃金206,000円/月) 
·入寮者:15,000円支給 (賃金216,000円/月) 
※寮費は6,000円/月、光熱費は実費を給与から控除
○運転免許がAT限定の場合、入社後、限定解除の可能性あり
※費用は会社で負担します
○履歴書:手書き·パソコン作成どちらも可",061,008,008-05,008,008-02,鹿児島県鹿児島市,,,0019,,,,,,,,,,,,,2025年07月01日 11:39,2025年07月01日 11:39,バーコードスキャン,求人番号_46010-682469.pdf,研究・技術の職業,建築・土木・測量技術者,土木施工管理技術者,建設/建築/土木に関わる,その他(建設/建築/土木に関わる),研究・技術の職業,建築・土木・測量技術者,建築施工管理技術者,建設/建築/土木に関わる,その他(建設/建築/土木に関わる),0,092,土木技術者,091,建築技術者
2025,46010-574369,鹿児島公共職業安定所,4601-14450-8,可,カブシキガイシャ シンニホンカガク,株式会社 新日本科学,891-1394,鹿児島県鹿児島市宮之浦町2438,,代表取締役会長兼社長 永田良一,9340001000031,https://snbl.com/,1500,3,昭和32年,"96億7,907万円","新規医薬品開発の受託研究所です。国内外の大手製薬会社から研究
を受託し、人類のヘルスケアに貢献する業種です。
東証【プライム市場】上場企業","非臨床試験受託として日本でトップシェアを誇る。
OJTなどの教育体制が整い、多くの未経験者が活躍中。
「女性が輝く先進企業」「なでしこ銘柄」を受賞。",正社員,完全養殖ウナギの飼育管理職[指宿市],"〇主には以下の業務を行っていただきます。
·ウナギの飼育管理 (給餌、観察、水質管理) 
·水槽、飼育設備の清掃や維持管理
·成長状況の記録および簡単なデータ整理
·完全養殖研究の補助 (機材準備·片付け等) 
〇最初は補助業務からスタートし、先輩社員の指導のもと、飼育技術や管理
手法を習得いただきます。将来的には、飼育条件の改善や新しい飼育シス
テムの開発など、研究開発業務にも携わることが可能です。
〇スキル·資格は問いません。≪変更範囲:なし≫",891-0304,"鹿児島県指宿市東方5000
指宿事業所",二月田駅 から 車15分,0,0,1,不問,なし,可,あり,なし,185000,213440,あり,あり,27,,その他,08:30-17:30,,,120,可,令和8年10月1日以降,可,随時,総務人事本部 人事部 人財採用課,神園 千鶴,カミゾノ チヅル,099-294-1064,099-294-4222,recruit@snbl.com,"〇応募前職場見学:随時受け付けます。
希望される場合、希望日の5営業日前までに担当あてに
連絡をお願いします。
〇選考:希望に応じて、鹿児島中央駅から当社間を送迎します。
応募時にご連絡ください。
〇履歴書:手書き·パソコン作成どちらも可","○昇 給:年一回、昨年の社員全体の平均昇給率2.08%
〇賞 与:評価と会社業績に応じて支給します。
初年度は297,500円を基準として11月、
翌年1月、5月の末日に分割して支給します。
〇昼食補助:ホテル内、食堂利用無料 (22歳まで) 
〇社 宅:メディポリス敷地内にワンルームの社宅あり
賃料2,000円/月、光熱費別
〇有給休暇:試用期間 (3ヶ月) 満了後8日、
入社6ヶ月経過後7日、合計15日付与",711,066,066-04,,,鹿児島県指宿市,,,0009,,,,,,,,,,,,,2025年07月01日 11:39,2025年07月01日 11:39,バーコードスキャン,求人番号_46010-574369.pdf,農林漁業の職業,漁業の職業,水産養殖作業員,農林水産業に関わる,水産業,,,,,,0,484,水産養殖従事者,,
2025,46010-575269,鹿児島公共職業安定所,4601-14450-8,可,カブシキガイシャ シンニホンカガク,株式会社 新日本科学,891-1394,鹿児島県鹿児島市宮之浦町2438,,代表取締役会長兼社長 永田良一,9340001000031,https://snbl.com/,1500,39,昭和32年,"96億7,907万円","新規医薬品開発の受託研究所です。国内外の大手製薬会社から研究
を受託し、人類のヘルスケアに貢献する業種です。
東証【プライム市場】上場企業","非臨床試験受託として日本でトップシェアを誇る。
OJTなどの教育体制が整い、多くの未経験者が活躍中。
「女性が輝く先進企業」「なでしこ銘柄」を受賞。",正社員,ホテルサービススタッフ,"〇ホテルサービス業務全般に従事いただきます。
最初は宿泊部門、料飲部門、スパ部門、予約部門において
研修や補助業務から始めて、様々な経験を積んでいただきます。
入社後にしっかり教育しますので、スキル·資格は問いません。
早い方は入社後数か月で、お客様の前でサービスできるようになります。
資格取得も推奨していますが、高級ホテルの経験を積めるため、
一流のホテリエを目指すことが可能です。
《変更範囲:変更なし》",891-0304,"鹿児島県指宿市東方5000
指宿べイヒルズ H0TEL&SPA/別邸 天降る丘",二月田駅 から 車15分,0,0,2,不問,なし,可,あり,なし,185000,211900,あり,あり,7,変形労働時間制 (1ヶ月単位),その他,09:00-18:00,12:00-21:00,,107,可,令和8年10月1日以降,可,随時,総務人事本部 人事部 人財採用課,神園 千鶴,カミゾノ チヅル,099-294-1064,099-294-4222,recruit@snbl.com,"〇応募前職場見学:随時受付 (土日祝日を除く平日) 。
希望日の5営業日前までに、担当あてに連絡をお願いします。
〇就業時間 ※変形労働時間制 (1ヶ月単位) 
·所定の労働時間·休日·始業終業時刻は勤務表により決定し
週平均の労働時間を法定労働時間以内に設定します。
·月間労働時間の上限は31日の月:177時間、
30日の月:171時間、28日の月:160時間です。
〇選考:希望に応じて鹿児島中央駅から当社間を送迎します。
応募時にご連絡ください。
〇履歴書:手書き·パソコン作成どちらも可","〇昇 給:年1回、昨年の社員全体の平均昇給率2.10%
〇賞 与:評価と会社業績に応じて支給します。
初年度は297,500円を基準として11月
翌年1月、5月の末日に分割して支給します。
〇昼食補助:ホテル内 食堂利用無料 (22歳まで) 
〇社 宅:メディポリス敷地内にワンルームの社宅あり
賃料2,000円/月、光熱費別
〇有給休暇:試用期間 (3ヶ月) 満了後3日、
入社6カ月経過後7日→合計10日",711,056,056-05,,,鹿児島県指宿市,,,0008,,,,,,,,,,,,,2025年07月01日 11:39,2025年07月01日 11:39,バーコードスキャン,求人番号_46010-575269.pdf,サービスの職業,接客・給仕の職業,旅館・ホテル接客係,接客/サービスに関わる,接客,,,,,,0,404,身の回り世話従事者,,
2025,46010-570669,鹿児島公共職業安定所,4601-14450-8,可,カブシキガイシャ シンニホンカガク,株式会社 新日本科学,891-1394,鹿児島県鹿児島市宮之浦町2438,,代表取締役会長兼社長 永田良一,9340001000031,https://snbl.com/,1500,1434,昭和32年,"96億7,907万円","新規医薬品開発の受託研究所です。国内外の大手製薬会社から研究
を受託し、人類のヘルスケアに貢献する業種です。
東証【プライム市場】上場企業","非臨床試験受託として日本でトップシェアを誇る。
OJTなどの教育体制が整い、多くの未経験者が活躍中。
「女性が輝く先進企業」「なでしこ銘柄」を受賞。",正社員,施設管理·保全職,"〇医薬品開発の研究施設において、設備全般の保全および
管理業務に従事いただきます。
設備とは、建物、空調、給排水、衛生施設、造園を含みます。
広範囲に及ぶ敷地内移動、屋外での作業があります。
スキル·資格は問いません。
最初は補助業務から始まり、知識と経験を積んで、
将来的には施設管理全般の保全·管理を行っていただきます。
《変更範囲:変更なし》",891-1394,鹿児島県鹿児島市宮之浦町2438,,0,0,1,不問,なし,可,あり,なし,185000,213440,あり,あり,27,,その他,08:30-17:30,,,120,可,令和8年10月1日以降,可,補足事項欄参照,総務人事本部 人事部 人財採用課,神園 千鶴,カミゾノ チヅル,099-294-1064,099-294-4222,recruit@snbl.com,"〇応募前職場見学:実施予定表を確認ください。
※都合が合わない場合、個別調整可 (土日祝日を除く平日) 。
希望日の5営業日前までにご連絡ください。
〇選考:希望に応じて、鹿児島中央駅から当社間を送迎します。
応募時にご連絡ください。
○履歴書:手書き·パソコン作成どちらも可","〇昇 給:年1回、昨年の社員全体の平均昇給率2.08%
〇賞 与:評価と会社業績に応じて支給します。
初年度は297,500円を基準として11月
翌年1月、5月の末日に分割して支給します。
〇昼食補助:500円/日 (22歳まで) 社内食堂利用可
〇社 宅:鹿児島市内にワンルームの社宅あり
賃料15,000円/月、水道光熱費別
〇通 勤:鹿児島市街地 (唐湊) から就業場所 (鹿児島本店) 
間を通勤用マイクロバスが運行 (朝夕各1便) ",711,064,064-04,,,鹿児島県鹿児島市,,,0007,,,,,,,,,,,,,2025年07月01日 11:39,2025年07月01日 11:39,バーコードスキャン,求人番号_46010-570669.pdf,農林漁業の職業,農業の職業（養畜・動物飼育・植木・造園を含む）,動物飼育員（家畜・家きんを除く）,農林水産業に関わる,農業,,,,,,0,462,養畜従事者,,
2025,46010-571969,鹿児島公共職業安定所,4601-14450-8,可,カブシキガイシャ シンニホンカガク,株式会社 新日本科学,891-1394,鹿児島県鹿児島市宮之浦町2438,,代表取締役会長兼社長 永田良一,9340001000031,https://snbl.com/,1500,71,昭和32年,"96億7,907万円","新規医薬品開発の受託研究所です。国内外の大手製薬会社から研究
を受託し、人類のヘルスケアに貢献する業種です。
東証【プライム市場】上場企業","非臨床試験受託として日本でトップシェアを誇る。
OJTなどの教育体制が整い、多くの未経験者が活躍中。
「女性が輝く先進企業」「なでしこ銘柄」を受賞。",正社員,動物飼育職,"〇医薬品開発において必要な実験における、
動物飼育業務に従事いただきます。
私たちが安心して薬を使用するためには、
有効性や安全性を確認する実験が必要です。
そのための動物の飼育·管理を行う業務です。スキル·資格は問いません。
動物の世話や観察のほか、施設の清掃、飼料など重量物の運搬もあります。
動物好きな方は大歓迎です。
《変更範囲:変更なし》",891-0304,"鹿児島県指宿市東方5000
指宿事業所",二月田駅 から 車15分,0,0,4,不問,なし,可,あり,なし,185000,213440,あり,あり,27,,その他,08:30-17:30,,,120,可,令和8年10月1日以降,可,補足事項欄参照,総務人事本部 人事部 人財採用課,神園 千鶴,カミゾノ チヅル,099-294-1064,099-294-4222,recruit@snbl.com,"〇応募前職場見学:実施予定表を確認ください。
※都合が合わない場合、個別調整可 (土日祝日を除く平日) 。
希望日の5営業日前までにご連絡ください。
〇選考:希望に応じて、鹿児島中央駅から当社間を送迎します。
応募時にご連絡ください。
○履歴書:手書き·パソコン作成どちらも可","〇昇 給:年1回、昨年の社員全体の平均昇給率2.08%
〇賞 与:評価と会社業績に応じて支給します。
初年度は297,500円を基準として11月
翌年1月、5月の末日に分割して支給します。
〇昼食補助:500円/日 (22歳まで) 
〇社 宅:メディポリス敷地内にワンルームの社宅あり
賃料2,000円/月、光熱費別",711,064,064-04,,,鹿児島県指宿市,,,0006,,,,,,,,,,,,,2025年07月01日 11:39,2025年07月01日 11:39,バーコードスキャン,求人番号_46010-571969.pdf,農林漁業の職業,農業の職業（養畜・動物飼育・植木・造園を含む）,動物飼育員（家畜・家きんを除く）,農林水産業に関わる,農業,,,,,,0,462,養畜従事者,,
2025,46010-484869,鹿児島公共職業安定所,4601-14450-8,可,カブシキガイシャ シンニホンカガク,株式会社 新日本科学,891-1394,鹿児島県鹿児島市宮之浦町2438,,代表取締役会長兼社長 永田良一,9340001000031,https://snbl.com/,1500,1434,昭和32年,"96億7,907万円","新規医薬品開発の受託研究所です。国内外の大手製薬会社から研究
を受託し、人類のヘルスケアに貢献する業種です。
東証【プライム市場】上場企業","非臨床試験受託として日本でトップシェアを誇る。
OJTなどの教育体制が整い、多くの未経験者が活躍中。
「女性が輝く先進企業」「なでしこ銘柄」を受賞。",正社員,技能職(実験補助職/動物飼育職),"〇医薬品開発において必要な実験業務に従事していただきます。
検体の運搬、実験道具の準備·洗浄、ピペットや試薬を使った作業、
動物飼育、標本作製、施設の清掃·整理整頓などの業務があります。
最初は補助業務から始まります。
先輩が丁寧に教えるのでスキル·資格も問いません。
将来的には様々な技術を身につけて、スキル·資格も取得し、
技術者として実験全般に携わることも可能です。
《変更範囲:なし》",891-1394,鹿児島県鹿児島市宮之浦町2438,,0,0,23,不問,なし,可,あり,なし,185000,213440,あり,あり,27,,その他,08:30-17:30,,,120,可,令和8年10月1日以降,可,補足事項欄参照,総務人事本部 人事部 人財採用課,神園 千鶴,カミゾノ チヅル,099-294-1064,099-294-4222,recruit@snbl.com,"〇応募前職場見学:実施予定表を確認ください。
※都合が合わない場合、個別調整可 (土日祝日を除く平日) 。
希望日の5営業日前までにご連絡ください。
〇選考:希望に応じて、鹿児島中央駅から当社間を送迎します。
応募時にご連絡ください。
○履歴書:手書き·パソコン作成どちらも可","〇昇 給:年1回、昨年の社員全体の平均昇給率2.08%
〇賞 与:評価と会社業績に応じて支給します。
初年度は297,500円を基準として11月
翌年1月、5月の末日に分割して支給します。
〇昼食補助:500円/日 (22歳まで) 社内食堂利用可
〇社 宅:鹿児島市内にワンルームの社宅あり
賃料15,000円/月、水道光熱費別
〇通 勤:鹿児島市街地 (唐湊) から就業場所 (鹿児島本店) 
間を通勤用マイクロバスが運行 (朝夕各1便) ",711,064,064-04,,,鹿児島県鹿児島市,,,0005,,,,,,,,,,,,,2025年07月01日 11:39,2025年07月21日 17:21,バーコードスキャン,求人番号_46010-484869.pdf,農林漁業の職業,農業の職業（養畜・動物飼育・植木・造園を含む）,動物飼育員（家畜・家きんを除く）,農林水産業に関わる,農業,,,,,,0,462,養畜従事者,,